family,seed,method,budget,state,candidate,sign,context_signs
E2_CONTEXT_SIGN_FLIP,41000,ANTITHETIC_CRN_MC,8,CONTEXT_CONDITIONAL_ONLY,A,,"{""-1"": -1, ""1"": 1}"
E2_CONTEXT_SIGN_FLIP,41000,ANTITHETIC_CRN_MC,16,CONTEXT_CONDITIONAL_ONLY,A,,"{""-1"": -1, ""1"": 1}"
E2_CONTEXT_SIGN_FLIP,41000,ANTITHETIC_CRN_MC,32,CONTEXT_CONDITIONAL_ONLY,A,,"{""-1"": -1, ""1"": 1}"
E2_CONTEXT_SIGN_FLIP,41000,ANTITHETIC_CRN_MC,64,CONTEXT_CONDITIONAL_ONLY,A,,"{""-1"": -1, ""1"": 1}"
E2_CONTEXT_SIGN_FLIP,41000,ANTITHETIC_CRN_MC,128,CONTEXT_CONDITIONAL_ONLY,A,,"{""-1"": -1, ""1"": 1}"
E2_CONTEXT_SIGN_FLIP,41000,ANTITHETIC_CRN_MC,256,CONTEXT_CONDITIONAL_ONLY,A,,"{""-1"": -1, ""1"": 1}"
E2_CONTEXT_SIGN_FLIP,41000,CRN_CHAIN_MC,8,CONTEXT_CONDITIONAL_ONLY,A,,"{""-1"": -1, ""1"": 1}"
E2_CONTEXT_SIGN_FLIP,41000,CRN_CHAIN_MC,16,CONTEXT_CONDITIONAL_ONLY,A,,"{""-1"": -1, ""1"": 1}"
E2_CONTEXT_SIGN_FLIP,41000,CRN_CHAIN_MC,32,CONTEXT_CONDITIONAL_ONLY,A,,"{""-1"": -1, ""1"": 1}"
E2_CONTEXT_SIGN_FLIP,41000,CRN_CHAIN_MC,64,CONTEXT_CONDITIONAL_ONLY,A,,"{""-1"": -1, ""1"": 1}"
E2_CONTEXT_SIGN_FLIP,41000,CRN_CHAIN_MC,128,CONTEXT_CONDITIONAL_ONLY,A,,"{""-1"": -1, ""1"": 1}"
E2_CONTEXT_SIGN_FLIP,41000,CRN_CHAIN_MC,256,CONTEXT_CONDITIONAL_ONLY,A,,"{""-1"": -1, ""1"": 1}"
E2_CONTEXT_SIGN_FLIP,41000,DOUBLE_ANTITHETIC_CRN_MC,8,CONTEXT_CONDITIONAL_ONLY,A,,"{""-1"": -1, ""1"": 1}"
E2_CONTEXT_SIGN_FLIP,41000,DOUBLE_ANTITHETIC_CRN_MC,16,CONTEXT_CONDITIONAL_ONLY,A,,"{""-1"": -1, ""1"": 1}"
E2_CONTEXT_SIGN_FLIP,41000,DOUBLE_ANTITHETIC_CRN_MC,32,CONTEXT_CONDITIONAL_ONLY,A,,"{""-1"": -1, ""1"": 1}"
E2_CONTEXT_SIGN_FLIP,41000,DOUBLE_ANTITHETIC_CRN_MC,64,CONTEXT_CONDITIONAL_ONLY,A,,"{""-1"": -1, ""1"": 1}"
E2_CONTEXT_SIGN_FLIP,41000,DOUBLE_ANTITHETIC_CRN_MC,128,CONTEXT_CONDITIONAL_ONLY,A,,"{""-1"": -1, ""1"": 1}"
E2_CONTEXT_SIGN_FLIP,41000,DOUBLE_ANTITHETIC_CRN_MC,256,CONTEXT_CONDITIONAL_ONLY,A,,"{""-1"": -1, ""1"": 1}"
E2_CONTEXT_SIGN_FLIP,41000,LEGACY_INDEPENDENT_MC,8,CONTEXT_CONDITIONAL_ONLY,A,,"{""-1"": -1, ""1"": 1}"
E2_CONTEXT_SIGN_FLIP,41000,LEGACY_INDEPENDENT_MC,16,CONTEXT_CONDITIONAL_ONLY,A,,"{""-1"": -1, ""1"": 1}"
E2_CONTEXT_SIGN_FLIP,41000,LEGACY_INDEPENDENT_MC,32,CONTEXT_CONDITIONAL_ONLY,A,,"{""-1"": -1, ""1"": 1}"
E2_CONTEXT_SIGN_FLIP,41000,LEGACY_INDEPENDENT_MC,64,CONTEXT_CONDITIONAL_ONLY,A,,"{""-1"": -1, ""1"": 1}"
E2_CONTEXT_SIGN_FLIP,41000,LEGACY_INDEPENDENT_MC,128,CONTEXT_CONDITIONAL_ONLY,A,,"{""-1"": -1, ""1"": 1}"
E2_CONTEXT_SIGN_FLIP,41000,LEGACY_INDEPENDENT_MC,256,CONTEXT_CONDITIONAL_ONLY,A,,"{""-1"": -1, ""1"": 1}"
E2_CONTEXT_SIGN_FLIP,41001,ANTITHETIC_CRN_MC,8,CONTEXT_CONDITIONAL_ONLY,A,,"{""-1"": -1, ""1"": 1}"
E2_CONTEXT_SIGN_FLIP,41001,ANTITHETIC_CRN_MC,16,CONTEXT_CONDITIONAL_ONLY,A,,"{""-1"": -1, ""1"": 1}"
E2_CONTEXT_SIGN_FLIP,41001,ANTITHETIC_CRN_MC,32,CONTEXT_CONDITIONAL_ONLY,A,,"{""-1"": -1, ""1"": 1}"
E2_CONTEXT_SIGN_FLIP,41001,ANTITHETIC_CRN_MC,64,CONTEXT_CONDITIONAL_ONLY,A,,"{""-1"": -1, ""1"": 1}"
E2_CONTEXT_SIGN_FLIP,41001,ANTITHETIC_CRN_MC,128,CONTEXT_CONDITIONAL_ONLY,A,,"{""-1"": -1, ""1"": 1}"
E2_CONTEXT_SIGN_FLIP,41001,ANTITHETIC_CRN_MC,256,CONTEXT_CONDITIONAL_ONLY,A,,"{""-1"": -1, ""1"": 1}"
E2_CONTEXT_SIGN_FLIP,41001,CRN_CHAIN_MC,8,CONTEXT_CONDITIONAL_ONLY,A,,"{""-1"": -1, ""1"": 1}"
E2_CONTEXT_SIGN_FLIP,41001,CRN_CHAIN_MC,16,CONTEXT_CONDITIONAL_ONLY,A,,"{""-1"": -1, ""1"": 1}"
E2_CONTEXT_SIGN_FLIP,41001,CRN_CHAIN_MC,32,CONTEXT_CONDITIONAL_ONLY,A,,"{""-1"": -1, ""1"": 1}"
E2_CONTEXT_SIGN_FLIP,41001,CRN_CHAIN_MC,64,CONTEXT_CONDITIONAL_ONLY,A,,"{""-1"": -1, ""1"": 1}"
E2_CONTEXT_SIGN_FLIP,41001,CRN_CHAIN_MC,128,CONTEXT_CONDITIONAL_ONLY,A,,"{""-1"": -1, ""1"": 1}"
E2_CONTEXT_SIGN_FLIP,41001,CRN_CHAIN_MC,256,CONTEXT_CONDITIONAL_ONLY,A,,"{""-1"": -1, ""1"": 1}"
E2_CONTEXT_SIGN_FLIP,41001,DOUBLE_ANTITHETIC_CRN_MC,8,CONTEXT_CONDITIONAL_ONLY,A,,"{""-1"": -1, ""1"": 1}"
E2_CONTEXT_SIGN_FLIP,41001,DOUBLE_ANTITHETIC_CRN_MC,16,CONTEXT_CONDITIONAL_ONLY,A,,"{""-1"": -1, ""1"": 1}"
E2_CONTEXT_SIGN_FLIP,41001,DOUBLE_ANTITHETIC_CRN_MC,32,CONTEXT_CONDITIONAL_ONLY,A,,"{""-1"": -1, ""1"": 1}"
E2_CONTEXT_SIGN_FLIP,41001,DOUBLE_ANTITHETIC_CRN_MC,64,CONTEXT_CONDITIONAL_ONLY,A,,"{""-1"": -1, ""1"": 1}"
E2_CONTEXT_SIGN_FLIP,41001,DOUBLE_ANTITHETIC_CRN_MC,128,CONTEXT_CONDITIONAL_ONLY,A,,"{""-1"": -1, ""1"": 1}"
E2_CONTEXT_SIGN_FLIP,41001,DOUBLE_ANTITHETIC_CRN_MC,256,CONTEXT_CONDITIONAL_ONLY,A,,"{""-1"": -1, ""1"": 1}"
E2_CONTEXT_SIGN_FLIP,41001,LEGACY_INDEPENDENT_MC,8,CONTEXT_CONDITIONAL_ONLY,A,,"{""-1"": -1, ""1"": 1}"
E2_CONTEXT_SIGN_FLIP,41001,LEGACY_INDEPENDENT_MC,16,CONTEXT_CONDITIONAL_ONLY,A,,"{""-1"": -1, ""1"": 1}"
E2_CONTEXT_SIGN_FLIP,41001,LEGACY_INDEPENDENT_MC,32,CONTEXT_CONDITIONAL_ONLY,A,,"{""-1"": -1, ""1"": 1}"
E2_CONTEXT_SIGN_FLIP,41001,LEGACY_INDEPENDENT_MC,64,CONTEXT_CONDITIONAL_ONLY,A,,"{""-1"": -1, ""1"": 1}"
E2_CONTEXT_SIGN_FLIP,41001,LEGACY_INDEPENDENT_MC,128,CONTEXT_CONDITIONAL_ONLY,A,,"{""-1"": -1, ""1"": 1}"
E2_CONTEXT_SIGN_FLIP,41001,LEGACY_INDEPENDENT_MC,256,CONTEXT_CONDITIONAL_ONLY,A,,"{""-1"": -1, ""1"": 1}"
E2_CONTEXT_SIGN_FLIP,41002,ANTITHETIC_CRN_MC,8,CONTEXT_CONDITIONAL_ONLY,A,,"{""-1"": -1, ""1"": 1}"
E2_CONTEXT_SIGN_FLIP,41002,ANTITHETIC_CRN_MC,16,CONTEXT_CONDITIONAL_ONLY,A,,"{""-1"": -1, ""1"": 1}"
E2_CONTEXT_SIGN_FLIP,41002,ANTITHETIC_CRN_MC,32,CONTEXT_CONDITIONAL_ONLY,A,,"{""-1"": -1, ""1"": 1}"
E2_CONTEXT_SIGN_FLIP,41002,ANTITHETIC_CRN_MC,64,CONTEXT_CONDITIONAL_ONLY,A,,"{""-1"": -1, ""1"": 1}"
E2_CONTEXT_SIGN_FLIP,41002,ANTITHETIC_CRN_MC,128,CONTEXT_CONDITIONAL_ONLY,A,,"{""-1"": -1, ""1"": 1}"
E2_CONTEXT_SIGN_FLIP,41002,ANTITHETIC_CRN_MC,256,CONTEXT_CONDITIONAL_ONLY,A,,"{""-1"": -1, ""1"": 1}"
E2_CONTEXT_SIGN_FLIP,41002,CRN_CHAIN_MC,8,CONTEXT_CONDITIONAL_ONLY,A,,"{""-1"": -1, ""1"": 1}"
E2_CONTEXT_SIGN_FLIP,41002,CRN_CHAIN_MC,16,CONTEXT_CONDITIONAL_ONLY,A,,"{""-1"": -1, ""1"": 1}"
E2_CONTEXT_SIGN_FLIP,41002,CRN_CHAIN_MC,32,CONTEXT_CONDITIONAL_ONLY,A,,"{""-1"": -1, ""1"": 1}"
E2_CONTEXT_SIGN_FLIP,41002,CRN_CHAIN_MC,64,CONTEXT_CONDITIONAL_ONLY,A,,"{""-1"": -1, ""1"": 1}"
E2_CONTEXT_SIGN_FLIP,41002,CRN_CHAIN_MC,128,CONTEXT_CONDITIONAL_ONLY,A,,"{""-1"": -1, ""1"": 1}"
E2_CONTEXT_SIGN_FLIP,41002,CRN_CHAIN_MC,256,CONTEXT_CONDITIONAL_ONLY,A,,"{""-1"": -1, ""1"": 1}"
E2_CONTEXT_SIGN_FLIP,41002,DOUBLE_ANTITHETIC_CRN_MC,8,CONTEXT_CONDITIONAL_ONLY,A,,"{""-1"": -1, ""1"": 1}"
E2_CONTEXT_SIGN_FLIP,41002,DOUBLE_ANTITHETIC_CRN_MC,16,CONTEXT_CONDITIONAL_ONLY,A,,"{""-1"": -1, ""1"": 1}"
E2_CONTEXT_SIGN_FLIP,41002,DOUBLE_ANTITHETIC_CRN_MC,32,CONTEXT_CONDITIONAL_ONLY,A,,"{""-1"": -1, ""1"": 1}"
E2_CONTEXT_SIGN_FLIP,41002,DOUBLE_ANTITHETIC_CRN_MC,64,CONTEXT_CONDITIONAL_ONLY,A,,"{""-1"": -1, ""1"": 1}"
E2_CONTEXT_SIGN_FLIP,41002,DOUBLE_ANTITHETIC_CRN_MC,128,CONTEXT_CONDITIONAL_ONLY,A,,"{""-1"": -1, ""1"": 1}"
E2_CONTEXT_SIGN_FLIP,41002,DOUBLE_ANTITHETIC_CRN_MC,256,CONTEXT_CONDITIONAL_ONLY,A,,"{""-1"": -1, ""1"": 1}"
E2_CONTEXT_SIGN_FLIP,41002,LEGACY_INDEPENDENT_MC,8,CONTEXT_CONDITIONAL_ONLY,A,,"{""-1"": -1, ""1"": 1}"
E2_CONTEXT_SIGN_FLIP,41002,LEGACY_INDEPENDENT_MC,16,CONTEXT_CONDITIONAL_ONLY,A,,"{""-1"": -1, ""1"": 1}"
E2_CONTEXT_SIGN_FLIP,41002,LEGACY_INDEPENDENT_MC,32,CONTEXT_CONDITIONAL_ONLY,A,,"{""-1"": -1, ""1"": 1}"
E2_CONTEXT_SIGN_FLIP,41002,LEGACY_INDEPENDENT_MC,64,CONTEXT_CONDITIONAL_ONLY,A,,"{""-1"": -1, ""1"": 1}"
E2_CONTEXT_SIGN_FLIP,41002,LEGACY_INDEPENDENT_MC,128,CONTEXT_CONDITIONAL_ONLY,A,,"{""-1"": -1, ""1"": 1}"
E2_CONTEXT_SIGN_FLIP,41002,LEGACY_INDEPENDENT_MC,256,CONTEXT_CONDITIONAL_ONLY,A,,"{""-1"": -1, ""1"": 1}"
E2_CONTEXT_SIGN_FLIP,41003,ANTITHETIC_CRN_MC,8,CONTEXT_CONDITIONAL_ONLY,A,,"{""-1"": -1, ""1"": 1}"
E2_CONTEXT_SIGN_FLIP,41003,ANTITHETIC_CRN_MC,16,CONTEXT_CONDITIONAL_ONLY,A,,"{""-1"": -1, ""1"": 1}"
E2_CONTEXT_SIGN_FLIP,41003,ANTITHETIC_CRN_MC,32,CONTEXT_CONDITIONAL_ONLY,A,,"{""-1"": -1, ""1"": 1}"
E2_CONTEXT_SIGN_FLIP,41003,ANTITHETIC_CRN_MC,64,CONTEXT_CONDITIONAL_ONLY,A,,"{""-1"": -1, ""1"": 1}"
E2_CONTEXT_SIGN_FLIP,41003,ANTITHETIC_CRN_MC,128,CONTEXT_CONDITIONAL_ONLY,A,,"{""-1"": -1, ""1"": 1}"
E2_CONTEXT_SIGN_FLIP,41003,ANTITHETIC_CRN_MC,256,CONTEXT_CONDITIONAL_ONLY,A,,"{""-1"": -1, ""1"": 1}"
E2_CONTEXT_SIGN_FLIP,41003,CRN_CHAIN_MC,8,CONTEXT_CONDITIONAL_ONLY,A,,"{""-1"": -1, ""1"": 1}"
E2_CONTEXT_SIGN_FLIP,41003,CRN_CHAIN_MC,16,CONTEXT_CONDITIONAL_ONLY,A,,"{""-1"": -1, ""1"": 1}"
E2_CONTEXT_SIGN_FLIP,41003,CRN_CHAIN_MC,32,CONTEXT_CONDITIONAL_ONLY,A,,"{""-1"": -1, ""1"": 1}"
E2_CONTEXT_SIGN_FLIP,41003,CRN_CHAIN_MC,64,CONTEXT_CONDITIONAL_ONLY,A,,"{""-1"": -1, ""1"": 1}"
E2_CONTEXT_SIGN_FLIP,41003,CRN_CHAIN_MC,128,CONTEXT_CONDITIONAL_ONLY,A,,"{""-1"": -1, ""1"": 1}"
E2_CONTEXT_SIGN_FLIP,41003,CRN_CHAIN_MC,256,CONTEXT_CONDITIONAL_ONLY,A,,"{""-1"": -1, ""1"": 1}"
E2_CONTEXT_SIGN_FLIP,41003,DOUBLE_ANTITHETIC_CRN_MC,8,CONTEXT_CONDITIONAL_ONLY,A,,"{""-1"": -1, ""1"": 1}"
E2_CONTEXT_SIGN_FLIP,41003,DOUBLE_ANTITHETIC_CRN_MC,16,CONTEXT_CONDITIONAL_ONLY,A,,"{""-1"": -1, ""1"": 1}"
E2_CONTEXT_SIGN_FLIP,41003,DOUBLE_ANTITHETIC_CRN_MC,32,CONTEXT_CONDITIONAL_ONLY,A,,"{""-1"": -1, ""1"": 1}"
E2_CONTEXT_SIGN_FLIP,41003,DOUBLE_ANTITHETIC_CRN_MC,64,CONTEXT_CONDITIONAL_ONLY,A,,"{""-1"": -1, ""1"": 1}"
E2_CONTEXT_SIGN_FLIP,41003,DOUBLE_ANTITHETIC_CRN_MC,128,CONTEXT_CONDITIONAL_ONLY,A,,"{""-1"": -1, ""1"": 1}"
E2_CONTEXT_SIGN_FLIP,41003,DOUBLE_ANTITHETIC_CRN_MC,256,CONTEXT_CONDITIONAL_ONLY,A,,"{""-1"": -1, ""1"": 1}"
E2_CONTEXT_SIGN_FLIP,41003,LEGACY_INDEPENDENT_MC,8,CONTEXT_CONDITIONAL_ONLY,A,,"{""-1"": -1, ""1"": 1}"
E2_CONTEXT_SIGN_FLIP,41003,LEGACY_INDEPENDENT_MC,16,CONTEXT_CONDITIONAL_ONLY,A,,"{""-1"": -1, ""1"": 1}"
E2_CONTEXT_SIGN_FLIP,41003,LEGACY_INDEPENDENT_MC,32,CONTEXT_CONDITIONAL_ONLY,A,,"{""-1"": -1, ""1"": 1}"
E2_CONTEXT_SIGN_FLIP,41003,LEGACY_INDEPENDENT_MC,64,CONTEXT_CONDITIONAL_ONLY,A,,"{""-1"": -1, ""1"": 1}"
E2_CONTEXT_SIGN_FLIP,41003,LEGACY_INDEPENDENT_MC,128,CONTEXT_CONDITIONAL_ONLY,A,,"{""-1"": -1, ""1"": 1}"
E2_CONTEXT_SIGN_FLIP,41003,LEGACY_INDEPENDENT_MC,256,CONTEXT_CONDITIONAL_ONLY,A,,"{""-1"": -1, ""1"": 1}"
E2_CONTEXT_SIGN_FLIP,41004,ANTITHETIC_CRN_MC,8,CONTEXT_CONDITIONAL_ONLY,A,,"{""-1"": -1, ""1"": 1}"
E2_CONTEXT_SIGN_FLIP,41004,ANTITHETIC_CRN_MC,16,CONTEXT_CONDITIONAL_ONLY,A,,"{""-1"": -1, ""1"": 1}"
E2_CONTEXT_SIGN_FLIP,41004,ANTITHETIC_CRN_MC,32,CONTEXT_CONDITIONAL_ONLY,A,,"{""-1"": -1, ""1"": 1}"
E2_CONTEXT_SIGN_FLIP,41004,ANTITHETIC_CRN_MC,64,CONTEXT_CONDITIONAL_ONLY,A,,"{""-1"": -1, ""1"": 1}"
E2_CONTEXT_SIGN_FLIP,41004,ANTITHETIC_CRN_MC,128,CONTEXT_CONDITIONAL_ONLY,A,,"{""-1"": -1, ""1"": 1}"
E2_CONTEXT_SIGN_FLIP,41004,ANTITHETIC_CRN_MC,256,CONTEXT_CONDITIONAL_ONLY,A,,"{""-1"": -1, ""1"": 1}"
E2_CONTEXT_SIGN_FLIP,41004,CRN_CHAIN_MC,8,CONTEXT_CONDITIONAL_ONLY,A,,"{""-1"": -1, ""1"": 1}"
E2_CONTEXT_SIGN_FLIP,41004,CRN_CHAIN_MC,16,CONTEXT_CONDITIONAL_ONLY,A,,"{""-1"": -1, ""1"": 1}"
E2_CONTEXT_SIGN_FLIP,41004,CRN_CHAIN_MC,32,CONTEXT_CONDITIONAL_ONLY,A,,"{""-1"": -1, ""1"": 1}"
E2_CONTEXT_SIGN_FLIP,41004,CRN_CHAIN_MC,64,CONTEXT_CONDITIONAL_ONLY,A,,"{""-1"": -1, ""1"": 1}"
E2_CONTEXT_SIGN_FLIP,41004,CRN_CHAIN_MC,128,CONTEXT_CONDITIONAL_ONLY,A,,"{""-1"": -1, ""1"": 1}"
E2_CONTEXT_SIGN_FLIP,41004,CRN_CHAIN_MC,256,CONTEXT_CONDITIONAL_ONLY,A,,"{""-1"": -1, ""1"": 1}"
E2_CONTEXT_SIGN_FLIP,41004,DOUBLE_ANTITHETIC_CRN_MC,8,CONTEXT_CONDITIONAL_ONLY,A,,"{""-1"": -1, ""1"": 1}"
E2_CONTEXT_SIGN_FLIP,41004,DOUBLE_ANTITHETIC_CRN_MC,16,CONTEXT_CONDITIONAL_ONLY,A,,"{""-1"": -1, ""1"": 1}"
E2_CONTEXT_SIGN_FLIP,41004,DOUBLE_ANTITHETIC_CRN_MC,32,CONTEXT_CONDITIONAL_ONLY,A,,"{""-1"": -1, ""1"": 1}"
E2_CONTEXT_SIGN_FLIP,41004,DOUBLE_ANTITHETIC_CRN_MC,64,CONTEXT_CONDITIONAL_ONLY,A,,"{""-1"": -1, ""1"": 1}"
E2_CONTEXT_SIGN_FLIP,41004,DOUBLE_ANTITHETIC_CRN_MC,128,CONTEXT_CONDITIONAL_ONLY,A,,"{""-1"": -1, ""1"": 1}"
E2_CONTEXT_SIGN_FLIP,41004,DOUBLE_ANTITHETIC_CRN_MC,256,CONTEXT_CONDITIONAL_ONLY,A,,"{""-1"": -1, ""1"": 1}"
E2_CONTEXT_SIGN_FLIP,41004,LEGACY_INDEPENDENT_MC,8,CONTEXT_CONDITIONAL_ONLY,A,,"{""-1"": -1, ""1"": 1}"
E2_CONTEXT_SIGN_FLIP,41004,LEGACY_INDEPENDENT_MC,16,CONTEXT_CONDITIONAL_ONLY,A,,"{""-1"": -1, ""1"": 1}"
E2_CONTEXT_SIGN_FLIP,41004,LEGACY_INDEPENDENT_MC,32,CONTEXT_CONDITIONAL_ONLY,A,,"{""-1"": -1, ""1"": 1}"
E2_CONTEXT_SIGN_FLIP,41004,LEGACY_INDEPENDENT_MC,64,CONTEXT_CONDITIONAL_ONLY,A,,"{""-1"": -1, ""1"": 1}"
E2_CONTEXT_SIGN_FLIP,41004,LEGACY_INDEPENDENT_MC,128,CONTEXT_CONDITIONAL_ONLY,A,,"{""-1"": -1, ""1"": 1}"
E2_CONTEXT_SIGN_FLIP,41004,LEGACY_INDEPENDENT_MC,256,CONTEXT_CONDITIONAL_ONLY,A,,"{""-1"": -1, ""1"": 1}"
E2_CONTEXT_SIGN_FLIP,41005,ANTITHETIC_CRN_MC,8,CONTEXT_CONDITIONAL_ONLY,A,,"{""-1"": -1, ""1"": 1}"
E2_CONTEXT_SIGN_FLIP,41005,ANTITHETIC_CRN_MC,16,CONTEXT_CONDITIONAL_ONLY,A,,"{""-1"": -1, ""1"": 1}"
E2_CONTEXT_SIGN_FLIP,41005,ANTITHETIC_CRN_MC,32,CONTEXT_CONDITIONAL_ONLY,A,,"{""-1"": -1, ""1"": 1}"
E2_CONTEXT_SIGN_FLIP,41005,ANTITHETIC_CRN_MC,64,CONTEXT_CONDITIONAL_ONLY,A,,"{""-1"": -1, ""1"": 1}"
E2_CONTEXT_SIGN_FLIP,41005,ANTITHETIC_CRN_MC,128,CONTEXT_CONDITIONAL_ONLY,A,,"{""-1"": -1, ""1"": 1}"
E2_CONTEXT_SIGN_FLIP,41005,ANTITHETIC_CRN_MC,256,CONTEXT_CONDITIONAL_ONLY,A,,"{""-1"": -1, ""1"": 1}"
E2_CONTEXT_SIGN_FLIP,41005,CRN_CHAIN_MC,8,CONTEXT_CONDITIONAL_ONLY,A,,"{""-1"": -1, ""1"": 1}"
E2_CONTEXT_SIGN_FLIP,41005,CRN_CHAIN_MC,16,CONTEXT_CONDITIONAL_ONLY,A,,"{""-1"": -1, ""1"": 1}"
E2_CONTEXT_SIGN_FLIP,41005,CRN_CHAIN_MC,32,CONTEXT_CONDITIONAL_ONLY,A,,"{""-1"": -1, ""1"": 1}"
E2_CONTEXT_SIGN_FLIP,41005,CRN_CHAIN_MC,64,CONTEXT_CONDITIONAL_ONLY,A,,"{""-1"": -1, ""1"": 1}"
E2_CONTEXT_SIGN_FLIP,41005,CRN_CHAIN_MC,128,CONTEXT_CONDITIONAL_ONLY,A,,"{""-1"": -1, ""1"": 1}"
E2_CONTEXT_SIGN_FLIP,41005,CRN_CHAIN_MC,256,CONTEXT_CONDITIONAL_ONLY,A,,"{""-1"": -1, ""1"": 1}"
E2_CONTEXT_SIGN_FLIP,41005,DOUBLE_ANTITHETIC_CRN_MC,8,CONTEXT_CONDITIONAL_ONLY,A,,"{""-1"": -1, ""1"": 1}"
E2_CONTEXT_SIGN_FLIP,41005,DOUBLE_ANTITHETIC_CRN_MC,16,CONTEXT_CONDITIONAL_ONLY,A,,"{""-1"": -1, ""1"": 1}"
E2_CONTEXT_SIGN_FLIP,41005,DOUBLE_ANTITHETIC_CRN_MC,32,CONTEXT_CONDITIONAL_ONLY,A,,"{""-1"": -1, ""1"": 1}"
E2_CONTEXT_SIGN_FLIP,41005,DOUBLE_ANTITHETIC_CRN_MC,64,CONTEXT_CONDITIONAL_ONLY,A,,"{""-1"": -1, ""1"": 1}"
E2_CONTEXT_SIGN_FLIP,41005,DOUBLE_ANTITHETIC_CRN_MC,128,CONTEXT_CONDITIONAL_ONLY,A,,"{""-1"": -1, ""1"": 1}"
E2_CONTEXT_SIGN_FLIP,41005,DOUBLE_ANTITHETIC_CRN_MC,256,CONTEXT_CONDITIONAL_ONLY,A,,"{""-1"": -1, ""1"": 1}"
E2_CONTEXT_SIGN_FLIP,41005,LEGACY_INDEPENDENT_MC,8,CONTEXT_CONDITIONAL_ONLY,A,,"{""-1"": -1, ""1"": 1}"
E2_CONTEXT_SIGN_FLIP,41005,LEGACY_INDEPENDENT_MC,16,CONTEXT_CONDITIONAL_ONLY,A,,"{""-1"": -1, ""1"": 1}"
E2_CONTEXT_SIGN_FLIP,41005,LEGACY_INDEPENDENT_MC,32,CONTEXT_CONDITIONAL_ONLY,A,,"{""-1"": -1, ""1"": 1}"
E2_CONTEXT_SIGN_FLIP,41005,LEGACY_INDEPENDENT_MC,64,CONTEXT_CONDITIONAL_ONLY,A,,"{""-1"": -1, ""1"": 1}"
E2_CONTEXT_SIGN_FLIP,41005,LEGACY_INDEPENDENT_MC,128,CONTEXT_CONDITIONAL_ONLY,A,,"{""-1"": -1, ""1"": 1}"
E2_CONTEXT_SIGN_FLIP,41005,LEGACY_INDEPENDENT_MC,256,CONTEXT_CONDITIONAL_ONLY,A,,"{""-1"": -1, ""1"": 1}"
E2_CONTEXT_SIGN_FLIP,41006,ANTITHETIC_CRN_MC,8,CONTEXT_CONDITIONAL_ONLY,A,,"{""-1"": -1, ""1"": 1}"
E2_CONTEXT_SIGN_FLIP,41006,ANTITHETIC_CRN_MC,16,CONTEXT_CONDITIONAL_ONLY,A,,"{""-1"": -1, ""1"": 1}"
E2_CONTEXT_SIGN_FLIP,41006,ANTITHETIC_CRN_MC,32,CONTEXT_CONDITIONAL_ONLY,A,,"{""-1"": -1, ""1"": 1}"
E2_CONTEXT_SIGN_FLIP,41006,ANTITHETIC_CRN_MC,64,CONTEXT_CONDITIONAL_ONLY,A,,"{""-1"": -1, ""1"": 1}"
E2_CONTEXT_SIGN_FLIP,41006,ANTITHETIC_CRN_MC,128,CONTEXT_CONDITIONAL_ONLY,A,,"{""-1"": -1, ""1"": 1}"
E2_CONTEXT_SIGN_FLIP,41006,ANTITHETIC_CRN_MC,256,CONTEXT_CONDITIONAL_ONLY,A,,"{""-1"": -1, ""1"": 1}"
E2_CONTEXT_SIGN_FLIP,41006,CRN_CHAIN_MC,8,CONTEXT_CONDITIONAL_ONLY,A,,"{""-1"": -1, ""1"": 1}"
E2_CONTEXT_SIGN_FLIP,41006,CRN_CHAIN_MC,16,CONTEXT_CONDITIONAL_ONLY,A,,"{""-1"": -1, ""1"": 1}"
E2_CONTEXT_SIGN_FLIP,41006,CRN_CHAIN_MC,32,CONTEXT_CONDITIONAL_ONLY,A,,"{""-1"": -1, ""1"": 1}"
E2_CONTEXT_SIGN_FLIP,41006,CRN_CHAIN_MC,64,CONTEXT_CONDITIONAL_ONLY,A,,"{""-1"": -1, ""1"": 1}"
E2_CONTEXT_SIGN_FLIP,41006,CRN_CHAIN_MC,128,CONTEXT_CONDITIONAL_ONLY,A,,"{""-1"": -1, ""1"": 1}"
E2_CONTEXT_SIGN_FLIP,41006,CRN_CHAIN_MC,256,CONTEXT_CONDITIONAL_ONLY,A,,"{""-1"": -1, ""1"": 1}"
E2_CONTEXT_SIGN_FLIP,41006,DOUBLE_ANTITHETIC_CRN_MC,8,CONTEXT_CONDITIONAL_ONLY,A,,"{""-1"": -1, ""1"": 1}"
E2_CONTEXT_SIGN_FLIP,41006,DOUBLE_ANTITHETIC_CRN_MC,16,CONTEXT_CONDITIONAL_ONLY,A,,"{""-1"": -1, ""1"": 1}"
E2_CONTEXT_SIGN_FLIP,41006,DOUBLE_ANTITHETIC_CRN_MC,32,CONTEXT_CONDITIONAL_ONLY,A,,"{""-1"": -1, ""1"": 1}"
E2_CONTEXT_SIGN_FLIP,41006,DOUBLE_ANTITHETIC_CRN_MC,64,CONTEXT_CONDITIONAL_ONLY,A,,"{""-1"": -1, ""1"": 1}"
E2_CONTEXT_SIGN_FLIP,41006,DOUBLE_ANTITHETIC_CRN_MC,128,CONTEXT_CONDITIONAL_ONLY,A,,"{""-1"": -1, ""1"": 1}"
E2_CONTEXT_SIGN_FLIP,41006,DOUBLE_ANTITHETIC_CRN_MC,256,CONTEXT_CONDITIONAL_ONLY,A,,"{""-1"": -1, ""1"": 1}"
E2_CONTEXT_SIGN_FLIP,41006,LEGACY_INDEPENDENT_MC,8,CONTEXT_CONDITIONAL_ONLY,A,,"{""-1"": -1, ""1"": 1}"
E2_CONTEXT_SIGN_FLIP,41006,LEGACY_INDEPENDENT_MC,16,CONTEXT_CONDITIONAL_ONLY,A,,"{""-1"": -1, ""1"": 1}"
E2_CONTEXT_SIGN_FLIP,41006,LEGACY_INDEPENDENT_MC,32,CONTEXT_CONDITIONAL_ONLY,A,,"{""-1"": -1, ""1"": 1}"
E2_CONTEXT_SIGN_FLIP,41006,LEGACY_INDEPENDENT_MC,64,CONTEXT_CONDITIONAL_ONLY,A,,"{""-1"": -1, ""1"": 1}"
E2_CONTEXT_SIGN_FLIP,41006,LEGACY_INDEPENDENT_MC,128,CONTEXT_CONDITIONAL_ONLY,A,,"{""-1"": -1, ""1"": 1}"
E2_CONTEXT_SIGN_FLIP,41006,LEGACY_INDEPENDENT_MC,256,CONTEXT_CONDITIONAL_ONLY,A,,"{""-1"": -1, ""1"": 1}"
E2_CONTEXT_SIGN_FLIP,41007,ANTITHETIC_CRN_MC,8,CONTEXT_CONDITIONAL_ONLY,A,,"{""-1"": -1, ""1"": 1}"
E2_CONTEXT_SIGN_FLIP,41007,ANTITHETIC_CRN_MC,16,CONTEXT_CONDITIONAL_ONLY,A,,"{""-1"": -1, ""1"": 1}"
E2_CONTEXT_SIGN_FLIP,41007,ANTITHETIC_CRN_MC,32,CONTEXT_CONDITIONAL_ONLY,A,,"{""-1"": -1, ""1"": 1}"
E2_CONTEXT_SIGN_FLIP,41007,ANTITHETIC_CRN_MC,64,CONTEXT_CONDITIONAL_ONLY,A,,"{""-1"": -1, ""1"": 1}"
E2_CONTEXT_SIGN_FLIP,41007,ANTITHETIC_CRN_MC,128,CONTEXT_CONDITIONAL_ONLY,A,,"{""-1"": -1, ""1"": 1}"
E2_CONTEXT_SIGN_FLIP,41007,ANTITHETIC_CRN_MC,256,CONTEXT_CONDITIONAL_ONLY,A,,"{""-1"": -1, ""1"": 1}"
E2_CONTEXT_SIGN_FLIP,41007,CRN_CHAIN_MC,8,CONTEXT_CONDITIONAL_ONLY,A,,"{""-1"": -1, ""1"": 1}"
E2_CONTEXT_SIGN_FLIP,41007,CRN_CHAIN_MC,16,CONTEXT_CONDITIONAL_ONLY,A,,"{""-1"": -1, ""1"": 1}"
E2_CONTEXT_SIGN_FLIP,41007,CRN_CHAIN_MC,32,CONTEXT_CONDITIONAL_ONLY,A,,"{""-1"": -1, ""1"": 1}"
E2_CONTEXT_SIGN_FLIP,41007,CRN_CHAIN_MC,64,CONTEXT_CONDITIONAL_ONLY,A,,"{""-1"": -1, ""1"": 1}"
E2_CONTEXT_SIGN_FLIP,41007,CRN_CHAIN_MC,128,CONTEXT_CONDITIONAL_ONLY,A,,"{""-1"": -1, ""1"": 1}"
E2_CONTEXT_SIGN_FLIP,41007,CRN_CHAIN_MC,256,CONTEXT_CONDITIONAL_ONLY,A,,"{""-1"": -1, ""1"": 1}"
E2_CONTEXT_SIGN_FLIP,41007,DOUBLE_ANTITHETIC_CRN_MC,8,CONTEXT_CONDITIONAL_ONLY,A,,"{""-1"": -1, ""1"": 1}"
E2_CONTEXT_SIGN_FLIP,41007,DOUBLE_ANTITHETIC_CRN_MC,16,CONTEXT_CONDITIONAL_ONLY,A,,"{""-1"": -1, ""1"": 1}"
E2_CONTEXT_SIGN_FLIP,41007,DOUBLE_ANTITHETIC_CRN_MC,32,CONTEXT_CONDITIONAL_ONLY,A,,"{""-1"": -1, ""1"": 1}"
E2_CONTEXT_SIGN_FLIP,41007,DOUBLE_ANTITHETIC_CRN_MC,64,CONTEXT_CONDITIONAL_ONLY,A,,"{""-1"": -1, ""1"": 1}"
E2_CONTEXT_SIGN_FLIP,41007,DOUBLE_ANTITHETIC_CRN_MC,128,CONTEXT_CONDITIONAL_ONLY,A,,"{""-1"": -1, ""1"": 1}"
E2_CONTEXT_SIGN_FLIP,41007,DOUBLE_ANTITHETIC_CRN_MC,256,CONTEXT_CONDITIONAL_ONLY,A,,"{""-1"": -1, ""1"": 1}"
E2_CONTEXT_SIGN_FLIP,41007,LEGACY_INDEPENDENT_MC,8,CONTEXT_CONDITIONAL_ONLY,A,,"{""-1"": -1, ""1"": 1}"
E2_CONTEXT_SIGN_FLIP,41007,LEGACY_INDEPENDENT_MC,16,CONTEXT_CONDITIONAL_ONLY,A,,"{""-1"": -1, ""1"": 1}"
E2_CONTEXT_SIGN_FLIP,41007,LEGACY_INDEPENDENT_MC,32,CONTEXT_CONDITIONAL_ONLY,A,,"{""-1"": -1, ""1"": 1}"
E2_CONTEXT_SIGN_FLIP,41007,LEGACY_INDEPENDENT_MC,64,CONTEXT_CONDITIONAL_ONLY,A,,"{""-1"": -1, ""1"": 1}"
E2_CONTEXT_SIGN_FLIP,41007,LEGACY_INDEPENDENT_MC,128,CONTEXT_CONDITIONAL_ONLY,A,,"{""-1"": -1, ""1"": 1}"
E2_CONTEXT_SIGN_FLIP,41007,LEGACY_INDEPENDENT_MC,256,CONTEXT_CONDITIONAL_ONLY,A,,"{""-1"": -1, ""1"": 1}"
E2_CONTEXT_SIGN_FLIP,41008,ANTITHETIC_CRN_MC,8,CONTEXT_CONDITIONAL_ONLY,A,,"{""-1"": -1, ""1"": 1}"
E2_CONTEXT_SIGN_FLIP,41008,ANTITHETIC_CRN_MC,16,CONTEXT_CONDITIONAL_ONLY,A,,"{""-1"": -1, ""1"": 1}"
E2_CONTEXT_SIGN_FLIP,41008,ANTITHETIC_CRN_MC,32,CONTEXT_CONDITIONAL_ONLY,A,,"{""-1"": -1, ""1"": 1}"
E2_CONTEXT_SIGN_FLIP,41008,ANTITHETIC_CRN_MC,64,CONTEXT_CONDITIONAL_ONLY,A,,"{""-1"": -1, ""1"": 1}"
E2_CONTEXT_SIGN_FLIP,41008,ANTITHETIC_CRN_MC,128,CONTEXT_CONDITIONAL_ONLY,A,,"{""-1"": -1, ""1"": 1}"
E2_CONTEXT_SIGN_FLIP,41008,ANTITHETIC_CRN_MC,256,CONTEXT_CONDITIONAL_ONLY,A,,"{""-1"": -1, ""1"": 1}"
E2_CONTEXT_SIGN_FLIP,41008,CRN_CHAIN_MC,8,CONTEXT_CONDITIONAL_ONLY,A,,"{""-1"": -1, ""1"": 1}"
E2_CONTEXT_SIGN_FLIP,41008,CRN_CHAIN_MC,16,CONTEXT_CONDITIONAL_ONLY,A,,"{""-1"": -1, ""1"": 1}"
E2_CONTEXT_SIGN_FLIP,41008,CRN_CHAIN_MC,32,CONTEXT_CONDITIONAL_ONLY,A,,"{""-1"": -1, ""1"": 1}"
E2_CONTEXT_SIGN_FLIP,41008,CRN_CHAIN_MC,64,CONTEXT_CONDITIONAL_ONLY,A,,"{""-1"": -1, ""1"": 1}"
E2_CONTEXT_SIGN_FLIP,41008,CRN_CHAIN_MC,128,CONTEXT_CONDITIONAL_ONLY,A,,"{""-1"": -1, ""1"": 1}"
E2_CONTEXT_SIGN_FLIP,41008,CRN_CHAIN_MC,256,CONTEXT_CONDITIONAL_ONLY,A,,"{""-1"": -1, ""1"": 1}"
E2_CONTEXT_SIGN_FLIP,41008,DOUBLE_ANTITHETIC_CRN_MC,8,CONTEXT_CONDITIONAL_ONLY,A,,"{""-1"": -1, ""1"": 1}"
E2_CONTEXT_SIGN_FLIP,41008,DOUBLE_ANTITHETIC_CRN_MC,16,CONTEXT_CONDITIONAL_ONLY,A,,"{""-1"": -1, ""1"": 1}"
E2_CONTEXT_SIGN_FLIP,41008,DOUBLE_ANTITHETIC_CRN_MC,32,CONTEXT_CONDITIONAL_ONLY,A,,"{""-1"": -1, ""1"": 1}"
E2_CONTEXT_SIGN_FLIP,41008,DOUBLE_ANTITHETIC_CRN_MC,64,CONTEXT_CONDITIONAL_ONLY,A,,"{""-1"": -1, ""1"": 1}"
E2_CONTEXT_SIGN_FLIP,41008,DOUBLE_ANTITHETIC_CRN_MC,128,CONTEXT_CONDITIONAL_ONLY,A,,"{""-1"": -1, ""1"": 1}"
E2_CONTEXT_SIGN_FLIP,41008,DOUBLE_ANTITHETIC_CRN_MC,256,CONTEXT_CONDITIONAL_ONLY,A,,"{""-1"": -1, ""1"": 1}"
E2_CONTEXT_SIGN_FLIP,41008,LEGACY_INDEPENDENT_MC,8,CONTEXT_CONDITIONAL_ONLY,A,,"{""-1"": -1, ""1"": 1}"
E2_CONTEXT_SIGN_FLIP,41008,LEGACY_INDEPENDENT_MC,16,CONTEXT_CONDITIONAL_ONLY,A,,"{""-1"": -1, ""1"": 1}"
E2_CONTEXT_SIGN_FLIP,41008,LEGACY_INDEPENDENT_MC,32,CONTEXT_CONDITIONAL_ONLY,A,,"{""-1"": -1, ""1"": 1}"
E2_CONTEXT_SIGN_FLIP,41008,LEGACY_INDEPENDENT_MC,64,CONTEXT_CONDITIONAL_ONLY,A,,"{""-1"": -1, ""1"": 1}"
E2_CONTEXT_SIGN_FLIP,41008,LEGACY_INDEPENDENT_MC,128,CONTEXT_CONDITIONAL_ONLY,A,,"{""-1"": -1, ""1"": 1}"
E2_CONTEXT_SIGN_FLIP,41008,LEGACY_INDEPENDENT_MC,256,CONTEXT_CONDITIONAL_ONLY,A,,"{""-1"": -1, ""1"": 1}"
E2_CONTEXT_SIGN_FLIP,41009,ANTITHETIC_CRN_MC,8,CONTEXT_CONDITIONAL_ONLY,A,,"{""-1"": -1, ""1"": 1}"
E2_CONTEXT_SIGN_FLIP,41009,ANTITHETIC_CRN_MC,16,CONTEXT_CONDITIONAL_ONLY,A,,"{""-1"": -1, ""1"": 1}"
E2_CONTEXT_SIGN_FLIP,41009,ANTITHETIC_CRN_MC,32,CONTEXT_CONDITIONAL_ONLY,A,,"{""-1"": -1, ""1"": 1}"
E2_CONTEXT_SIGN_FLIP,41009,ANTITHETIC_CRN_MC,64,CONTEXT_CONDITIONAL_ONLY,A,,"{""-1"": -1, ""1"": 1}"
E2_CONTEXT_SIGN_FLIP,41009,ANTITHETIC_CRN_MC,128,CONTEXT_CONDITIONAL_ONLY,A,,"{""-1"": -1, ""1"": 1}"
E2_CONTEXT_SIGN_FLIP,41009,ANTITHETIC_CRN_MC,256,CONTEXT_CONDITIONAL_ONLY,A,,"{""-1"": -1, ""1"": 1}"
E2_CONTEXT_SIGN_FLIP,41009,CRN_CHAIN_MC,8,CONTEXT_CONDITIONAL_ONLY,A,,"{""-1"": -1, ""1"": 1}"
E2_CONTEXT_SIGN_FLIP,41009,CRN_CHAIN_MC,16,CONTEXT_CONDITIONAL_ONLY,A,,"{""-1"": -1, ""1"": 1}"
E2_CONTEXT_SIGN_FLIP,41009,CRN_CHAIN_MC,32,CONTEXT_CONDITIONAL_ONLY,A,,"{""-1"": -1, ""1"": 1}"
E2_CONTEXT_SIGN_FLIP,41009,CRN_CHAIN_MC,64,CONTEXT_CONDITIONAL_ONLY,A,,"{""-1"": -1, ""1"": 1}"
E2_CONTEXT_SIGN_FLIP,41009,CRN_CHAIN_MC,128,CONTEXT_CONDITIONAL_ONLY,A,,"{""-1"": -1, ""1"": 1}"
E2_CONTEXT_SIGN_FLIP,41009,CRN_CHAIN_MC,256,CONTEXT_CONDITIONAL_ONLY,A,,"{""-1"": -1, ""1"": 1}"
E2_CONTEXT_SIGN_FLIP,41009,DOUBLE_ANTITHETIC_CRN_MC,8,CONTEXT_CONDITIONAL_ONLY,A,,"{""-1"": -1, ""1"": 1}"
E2_CONTEXT_SIGN_FLIP,41009,DOUBLE_ANTITHETIC_CRN_MC,16,CONTEXT_CONDITIONAL_ONLY,A,,"{""-1"": -1, ""1"": 1}"
E2_CONTEXT_SIGN_FLIP,41009,DOUBLE_ANTITHETIC_CRN_MC,32,CONTEXT_CONDITIONAL_ONLY,A,,"{""-1"": -1, ""1"": 1}"
E2_CONTEXT_SIGN_FLIP,41009,DOUBLE_ANTITHETIC_CRN_MC,64,CONTEXT_CONDITIONAL_ONLY,A,,"{""-1"": -1, ""1"": 1}"
E2_CONTEXT_SIGN_FLIP,41009,DOUBLE_ANTITHETIC_CRN_MC,128,CONTEXT_CONDITIONAL_ONLY,A,,"{""-1"": -1, ""1"": 1}"
E2_CONTEXT_SIGN_FLIP,41009,DOUBLE_ANTITHETIC_CRN_MC,256,CONTEXT_CONDITIONAL_ONLY,A,,"{""-1"": -1, ""1"": 1}"
E2_CONTEXT_SIGN_FLIP,41009,LEGACY_INDEPENDENT_MC,8,CONTEXT_CONDITIONAL_ONLY,A,,"{""-1"": -1, ""1"": 1}"
E2_CONTEXT_SIGN_FLIP,41009,LEGACY_INDEPENDENT_MC,16,CONTEXT_CONDITIONAL_ONLY,A,,"{""-1"": -1, ""1"": 1}"
E2_CONTEXT_SIGN_FLIP,41009,LEGACY_INDEPENDENT_MC,32,CONTEXT_CONDITIONAL_ONLY,A,,"{""-1"": -1, ""1"": 1}"
E2_CONTEXT_SIGN_FLIP,41009,LEGACY_INDEPENDENT_MC,64,CONTEXT_CONDITIONAL_ONLY,A,,"{""-1"": -1, ""1"": 1}"
E2_CONTEXT_SIGN_FLIP,41009,LEGACY_INDEPENDENT_MC,128,CONTEXT_CONDITIONAL_ONLY,A,,"{""-1"": -1, ""1"": 1}"
E2_CONTEXT_SIGN_FLIP,41009,LEGACY_INDEPENDENT_MC,256,CONTEXT_CONDITIONAL_ONLY,A,,"{""-1"": -1, ""1"": 1}"
E2_CONTEXT_SIGN_FLIP,41010,ANTITHETIC_CRN_MC,8,CONTEXT_CONDITIONAL_ONLY,A,,"{""-1"": -1, ""1"": 1}"
E2_CONTEXT_SIGN_FLIP,41010,ANTITHETIC_CRN_MC,16,CONTEXT_CONDITIONAL_ONLY,A,,"{""-1"": -1, ""1"": 1}"
E2_CONTEXT_SIGN_FLIP,41010,ANTITHETIC_CRN_MC,32,CONTEXT_CONDITIONAL_ONLY,A,,"{""-1"": -1, ""1"": 1}"
E2_CONTEXT_SIGN_FLIP,41010,ANTITHETIC_CRN_MC,64,CONTEXT_CONDITIONAL_ONLY,A,,"{""-1"": -1, ""1"": 1}"
E2_CONTEXT_SIGN_FLIP,41010,ANTITHETIC_CRN_MC,128,CONTEXT_CONDITIONAL_ONLY,A,,"{""-1"": -1, ""1"": 1}"
E2_CONTEXT_SIGN_FLIP,41010,ANTITHETIC_CRN_MC,256,CONTEXT_CONDITIONAL_ONLY,A,,"{""-1"": -1, ""1"": 1}"
E2_CONTEXT_SIGN_FLIP,41010,CRN_CHAIN_MC,8,CONTEXT_CONDITIONAL_ONLY,A,,"{""-1"": -1, ""1"": 1}"
E2_CONTEXT_SIGN_FLIP,41010,CRN_CHAIN_MC,16,CONTEXT_CONDITIONAL_ONLY,A,,"{""-1"": -1, ""1"": 1}"
E2_CONTEXT_SIGN_FLIP,41010,CRN_CHAIN_MC,32,CONTEXT_CONDITIONAL_ONLY,A,,"{""-1"": -1, ""1"": 1}"
E2_CONTEXT_SIGN_FLIP,41010,CRN_CHAIN_MC,64,CONTEXT_CONDITIONAL_ONLY,A,,"{""-1"": -1, ""1"": 1}"
E2_CONTEXT_SIGN_FLIP,41010,CRN_CHAIN_MC,128,CONTEXT_CONDITIONAL_ONLY,A,,"{""-1"": -1, ""1"": 1}"
E2_CONTEXT_SIGN_FLIP,41010,CRN_CHAIN_MC,256,CONTEXT_CONDITIONAL_ONLY,A,,"{""-1"": -1, ""1"": 1}"
E2_CONTEXT_SIGN_FLIP,41010,DOUBLE_ANTITHETIC_CRN_MC,8,CONTEXT_CONDITIONAL_ONLY,A,,"{""-1"": -1, ""1"": 1}"
E2_CONTEXT_SIGN_FLIP,41010,DOUBLE_ANTITHETIC_CRN_MC,16,CONTEXT_CONDITIONAL_ONLY,A,,"{""-1"": -1, ""1"": 1}"
E2_CONTEXT_SIGN_FLIP,41010,DOUBLE_ANTITHETIC_CRN_MC,32,CONTEXT_CONDITIONAL_ONLY,A,,"{""-1"": -1, ""1"": 1}"
E2_CONTEXT_SIGN_FLIP,41010,DOUBLE_ANTITHETIC_CRN_MC,64,CONTEXT_CONDITIONAL_ONLY,A,,"{""-1"": -1, ""1"": 1}"
E2_CONTEXT_SIGN_FLIP,41010,DOUBLE_ANTITHETIC_CRN_MC,128,CONTEXT_CONDITIONAL_ONLY,A,,"{""-1"": -1, ""1"": 1}"
E2_CONTEXT_SIGN_FLIP,41010,DOUBLE_ANTITHETIC_CRN_MC,256,CONTEXT_CONDITIONAL_ONLY,A,,"{""-1"": -1, ""1"": 1}"
E2_CONTEXT_SIGN_FLIP,41010,LEGACY_INDEPENDENT_MC,8,CONTEXT_CONDITIONAL_ONLY,A,,"{""-1"": -1, ""1"": 1}"
E2_CONTEXT_SIGN_FLIP,41010,LEGACY_INDEPENDENT_MC,16,CONTEXT_CONDITIONAL_ONLY,A,,"{""-1"": -1, ""1"": 1}"
E2_CONTEXT_SIGN_FLIP,41010,LEGACY_INDEPENDENT_MC,32,CONTEXT_CONDITIONAL_ONLY,A,,"{""-1"": -1, ""1"": 1}"
E2_CONTEXT_SIGN_FLIP,41010,LEGACY_INDEPENDENT_MC,64,CONTEXT_CONDITIONAL_ONLY,A,,"{""-1"": -1, ""1"": 1}"
E2_CONTEXT_SIGN_FLIP,41010,LEGACY_INDEPENDENT_MC,128,CONTEXT_CONDITIONAL_ONLY,A,,"{""-1"": -1, ""1"": 1}"
E2_CONTEXT_SIGN_FLIP,41010,LEGACY_INDEPENDENT_MC,256,CONTEXT_CONDITIONAL_ONLY,A,,"{""-1"": -1, ""1"": 1}"
E2_CONTEXT_SIGN_FLIP,41011,ANTITHETIC_CRN_MC,8,CONTEXT_CONDITIONAL_ONLY,A,,"{""-1"": -1, ""1"": 1}"
E2_CONTEXT_SIGN_FLIP,41011,ANTITHETIC_CRN_MC,16,CONTEXT_CONDITIONAL_ONLY,A,,"{""-1"": -1, ""1"": 1}"
E2_CONTEXT_SIGN_FLIP,41011,ANTITHETIC_CRN_MC,32,CONTEXT_CONDITIONAL_ONLY,A,,"{""-1"": -1, ""1"": 1}"
E2_CONTEXT_SIGN_FLIP,41011,ANTITHETIC_CRN_MC,64,CONTEXT_CONDITIONAL_ONLY,A,,"{""-1"": -1, ""1"": 1}"
E2_CONTEXT_SIGN_FLIP,41011,ANTITHETIC_CRN_MC,128,CONTEXT_CONDITIONAL_ONLY,A,,"{""-1"": -1, ""1"": 1}"
E2_CONTEXT_SIGN_FLIP,41011,ANTITHETIC_CRN_MC,256,CONTEXT_CONDITIONAL_ONLY,A,,"{""-1"": -1, ""1"": 1}"
E2_CONTEXT_SIGN_FLIP,41011,CRN_CHAIN_MC,8,CONTEXT_CONDITIONAL_ONLY,A,,"{""-1"": -1, ""1"": 1}"
E2_CONTEXT_SIGN_FLIP,41011,CRN_CHAIN_MC,16,CONTEXT_CONDITIONAL_ONLY,A,,"{""-1"": -1, ""1"": 1}"
E2_CONTEXT_SIGN_FLIP,41011,CRN_CHAIN_MC,32,CONTEXT_CONDITIONAL_ONLY,A,,"{""-1"": -1, ""1"": 1}"
E2_CONTEXT_SIGN_FLIP,41011,CRN_CHAIN_MC,64,CONTEXT_CONDITIONAL_ONLY,A,,"{""-1"": -1, ""1"": 1}"
E2_CONTEXT_SIGN_FLIP,41011,CRN_CHAIN_MC,128,CONTEXT_CONDITIONAL_ONLY,A,,"{""-1"": -1, ""1"": 1}"
E2_CONTEXT_SIGN_FLIP,41011,CRN_CHAIN_MC,256,CONTEXT_CONDITIONAL_ONLY,A,,"{""-1"": -1, ""1"": 1}"
E2_CONTEXT_SIGN_FLIP,41011,DOUBLE_ANTITHETIC_CRN_MC,8,CONTEXT_CONDITIONAL_ONLY,A,,"{""-1"": -1, ""1"": 1}"
E2_CONTEXT_SIGN_FLIP,41011,DOUBLE_ANTITHETIC_CRN_MC,16,CONTEXT_CONDITIONAL_ONLY,A,,"{""-1"": -1, ""1"": 1}"
E2_CONTEXT_SIGN_FLIP,41011,DOUBLE_ANTITHETIC_CRN_MC,32,CONTEXT_CONDITIONAL_ONLY,A,,"{""-1"": -1, ""1"": 1}"
E2_CONTEXT_SIGN_FLIP,41011,DOUBLE_ANTITHETIC_CRN_MC,64,CONTEXT_CONDITIONAL_ONLY,A,,"{""-1"": -1, ""1"": 1}"
E2_CONTEXT_SIGN_FLIP,41011,DOUBLE_ANTITHETIC_CRN_MC,128,CONTEXT_CONDITIONAL_ONLY,A,,"{""-1"": -1, ""1"": 1}"
E2_CONTEXT_SIGN_FLIP,41011,DOUBLE_ANTITHETIC_CRN_MC,256,CONTEXT_CONDITIONAL_ONLY,A,,"{""-1"": -1, ""1"": 1}"
E2_CONTEXT_SIGN_FLIP,41011,LEGACY_INDEPENDENT_MC,8,CONTEXT_CONDITIONAL_ONLY,A,,"{""-1"": -1, ""1"": 1}"
E2_CONTEXT_SIGN_FLIP,41011,LEGACY_INDEPENDENT_MC,16,CONTEXT_CONDITIONAL_ONLY,A,,"{""-1"": -1, ""1"": 1}"
E2_CONTEXT_SIGN_FLIP,41011,LEGACY_INDEPENDENT_MC,32,CONTEXT_CONDITIONAL_ONLY,A,,"{""-1"": -1, ""1"": 1}"
E2_CONTEXT_SIGN_FLIP,41011,LEGACY_INDEPENDENT_MC,64,CONTEXT_CONDITIONAL_ONLY,A,,"{""-1"": -1, ""1"": 1}"
E2_CONTEXT_SIGN_FLIP,41011,LEGACY_INDEPENDENT_MC,128,CONTEXT_CONDITIONAL_ONLY,A,,"{""-1"": -1, ""1"": 1}"
E2_CONTEXT_SIGN_FLIP,41011,LEGACY_INDEPENDENT_MC,256,CONTEXT_CONDITIONAL_ONLY,A,,"{""-1"": -1, ""1"": 1}"
E2_CONTEXT_SIGN_FLIP,41012,ANTITHETIC_CRN_MC,8,CONTEXT_CONDITIONAL_ONLY,A,,"{""-1"": -1, ""1"": 1}"
E2_CONTEXT_SIGN_FLIP,41012,ANTITHETIC_CRN_MC,16,CONTEXT_CONDITIONAL_ONLY,A,,"{""-1"": -1, ""1"": 1}"
E2_CONTEXT_SIGN_FLIP,41012,ANTITHETIC_CRN_MC,32,CONTEXT_CONDITIONAL_ONLY,A,,"{""-1"": -1, ""1"": 1}"
E2_CONTEXT_SIGN_FLIP,41012,ANTITHETIC_CRN_MC,64,CONTEXT_CONDITIONAL_ONLY,A,,"{""-1"": -1, ""1"": 1}"
E2_CONTEXT_SIGN_FLIP,41012,ANTITHETIC_CRN_MC,128,CONTEXT_CONDITIONAL_ONLY,A,,"{""-1"": -1, ""1"": 1}"
E2_CONTEXT_SIGN_FLIP,41012,ANTITHETIC_CRN_MC,256,CONTEXT_CONDITIONAL_ONLY,A,,"{""-1"": -1, ""1"": 1}"
E2_CONTEXT_SIGN_FLIP,41012,CRN_CHAIN_MC,8,CONTEXT_CONDITIONAL_ONLY,A,,"{""-1"": -1, ""1"": 1}"
E2_CONTEXT_SIGN_FLIP,41012,CRN_CHAIN_MC,16,CONTEXT_CONDITIONAL_ONLY,A,,"{""-1"": -1, ""1"": 1}"
E2_CONTEXT_SIGN_FLIP,41012,CRN_CHAIN_MC,32,CONTEXT_CONDITIONAL_ONLY,A,,"{""-1"": -1, ""1"": 1}"
E2_CONTEXT_SIGN_FLIP,41012,CRN_CHAIN_MC,64,CONTEXT_CONDITIONAL_ONLY,A,,"{""-1"": -1, ""1"": 1}"
E2_CONTEXT_SIGN_FLIP,41012,CRN_CHAIN_MC,128,CONTEXT_CONDITIONAL_ONLY,A,,"{""-1"": -1, ""1"": 1}"
E2_CONTEXT_SIGN_FLIP,41012,CRN_CHAIN_MC,256,CONTEXT_CONDITIONAL_ONLY,A,,"{""-1"": -1, ""1"": 1}"
E2_CONTEXT_SIGN_FLIP,41012,DOUBLE_ANTITHETIC_CRN_MC,8,CONTEXT_CONDITIONAL_ONLY,A,,"{""-1"": -1, ""1"": 1}"
E2_CONTEXT_SIGN_FLIP,41012,DOUBLE_ANTITHETIC_CRN_MC,16,CONTEXT_CONDITIONAL_ONLY,A,,"{""-1"": -1, ""1"": 1}"
E2_CONTEXT_SIGN_FLIP,41012,DOUBLE_ANTITHETIC_CRN_MC,32,CONTEXT_CONDITIONAL_ONLY,A,,"{""-1"": -1, ""1"": 1}"
E2_CONTEXT_SIGN_FLIP,41012,DOUBLE_ANTITHETIC_CRN_MC,64,CONTEXT_CONDITIONAL_ONLY,A,,"{""-1"": -1, ""1"": 1}"
E2_CONTEXT_SIGN_FLIP,41012,DOUBLE_ANTITHETIC_CRN_MC,128,CONTEXT_CONDITIONAL_ONLY,A,,"{""-1"": -1, ""1"": 1}"
E2_CONTEXT_SIGN_FLIP,41012,DOUBLE_ANTITHETIC_CRN_MC,256,CONTEXT_CONDITIONAL_ONLY,A,,"{""-1"": -1, ""1"": 1}"
E2_CONTEXT_SIGN_FLIP,41012,LEGACY_INDEPENDENT_MC,8,CONTEXT_CONDITIONAL_ONLY,A,,"{""-1"": -1, ""1"": 1}"
E2_CONTEXT_SIGN_FLIP,41012,LEGACY_INDEPENDENT_MC,16,CONTEXT_CONDITIONAL_ONLY,A,,"{""-1"": -1, ""1"": 1}"
E2_CONTEXT_SIGN_FLIP,41012,LEGACY_INDEPENDENT_MC,32,CONTEXT_CONDITIONAL_ONLY,A,,"{""-1"": -1, ""1"": 1}"
E2_CONTEXT_SIGN_FLIP,41012,LEGACY_INDEPENDENT_MC,64,CONTEXT_CONDITIONAL_ONLY,A,,"{""-1"": -1, ""1"": 1}"
E2_CONTEXT_SIGN_FLIP,41012,LEGACY_INDEPENDENT_MC,128,CONTEXT_CONDITIONAL_ONLY,A,,"{""-1"": -1, ""1"": 1}"
E2_CONTEXT_SIGN_FLIP,41012,LEGACY_INDEPENDENT_MC,256,CONTEXT_CONDITIONAL_ONLY,A,,"{""-1"": -1, ""1"": 1}"
E2_CONTEXT_SIGN_FLIP,41013,ANTITHETIC_CRN_MC,8,CONTEXT_CONDITIONAL_ONLY,A,,"{""-1"": -1, ""1"": 1}"
E2_CONTEXT_SIGN_FLIP,41013,ANTITHETIC_CRN_MC,16,CONTEXT_CONDITIONAL_ONLY,A,,"{""-1"": -1, ""1"": 1}"
E2_CONTEXT_SIGN_FLIP,41013,ANTITHETIC_CRN_MC,32,CONTEXT_CONDITIONAL_ONLY,A,,"{""-1"": -1, ""1"": 1}"
E2_CONTEXT_SIGN_FLIP,41013,ANTITHETIC_CRN_MC,64,CONTEXT_CONDITIONAL_ONLY,A,,"{""-1"": -1, ""1"": 1}"
E2_CONTEXT_SIGN_FLIP,41013,ANTITHETIC_CRN_MC,128,CONTEXT_CONDITIONAL_ONLY,A,,"{""-1"": -1, ""1"": 1}"
E2_CONTEXT_SIGN_FLIP,41013,ANTITHETIC_CRN_MC,256,CONTEXT_CONDITIONAL_ONLY,A,,"{""-1"": -1, ""1"": 1}"
E2_CONTEXT_SIGN_FLIP,41013,CRN_CHAIN_MC,8,CONTEXT_CONDITIONAL_ONLY,A,,"{""-1"": -1, ""1"": 1}"
E2_CONTEXT_SIGN_FLIP,41013,CRN_CHAIN_MC,16,CONTEXT_CONDITIONAL_ONLY,A,,"{""-1"": -1, ""1"": 1}"
E2_CONTEXT_SIGN_FLIP,41013,CRN_CHAIN_MC,32,CONTEXT_CONDITIONAL_ONLY,A,,"{""-1"": -1, ""1"": 1}"
E2_CONTEXT_SIGN_FLIP,41013,CRN_CHAIN_MC,64,CONTEXT_CONDITIONAL_ONLY,A,,"{""-1"": -1, ""1"": 1}"
E2_CONTEXT_SIGN_FLIP,41013,CRN_CHAIN_MC,128,CONTEXT_CONDITIONAL_ONLY,A,,"{""-1"": -1, ""1"": 1}"
E2_CONTEXT_SIGN_FLIP,41013,CRN_CHAIN_MC,256,CONTEXT_CONDITIONAL_ONLY,A,,"{""-1"": -1, ""1"": 1}"
E2_CONTEXT_SIGN_FLIP,41013,DOUBLE_ANTITHETIC_CRN_MC,8,CONTEXT_CONDITIONAL_ONLY,A,,"{""-1"": -1, ""1"": 1}"
E2_CONTEXT_SIGN_FLIP,41013,DOUBLE_ANTITHETIC_CRN_MC,16,CONTEXT_CONDITIONAL_ONLY,A,,"{""-1"": -1, ""1"": 1}"
E2_CONTEXT_SIGN_FLIP,41013,DOUBLE_ANTITHETIC_CRN_MC,32,CONTEXT_CONDITIONAL_ONLY,A,,"{""-1"": -1, ""1"": 1}"
E2_CONTEXT_SIGN_FLIP,41013,DOUBLE_ANTITHETIC_CRN_MC,64,CONTEXT_CONDITIONAL_ONLY,A,,"{""-1"": -1, ""1"": 1}"
E2_CONTEXT_SIGN_FLIP,41013,DOUBLE_ANTITHETIC_CRN_MC,128,CONTEXT_CONDITIONAL_ONLY,A,,"{""-1"": -1, ""1"": 1}"
E2_CONTEXT_SIGN_FLIP,41013,DOUBLE_ANTITHETIC_CRN_MC,256,CONTEXT_CONDITIONAL_ONLY,A,,"{""-1"": -1, ""1"": 1}"
E2_CONTEXT_SIGN_FLIP,41013,LEGACY_INDEPENDENT_MC,8,CONTEXT_CONDITIONAL_ONLY,A,,"{""-1"": -1, ""1"": 1}"
E2_CONTEXT_SIGN_FLIP,41013,LEGACY_INDEPENDENT_MC,16,CONTEXT_CONDITIONAL_ONLY,A,,"{""-1"": -1, ""1"": 1}"
E2_CONTEXT_SIGN_FLIP,41013,LEGACY_INDEPENDENT_MC,32,CONTEXT_CONDITIONAL_ONLY,A,,"{""-1"": -1, ""1"": 1}"
E2_CONTEXT_SIGN_FLIP,41013,LEGACY_INDEPENDENT_MC,64,CONTEXT_CONDITIONAL_ONLY,A,,"{""-1"": -1, ""1"": 1}"
E2_CONTEXT_SIGN_FLIP,41013,LEGACY_INDEPENDENT_MC,128,CONTEXT_CONDITIONAL_ONLY,A,,"{""-1"": -1, ""1"": 1}"
E2_CONTEXT_SIGN_FLIP,41013,LEGACY_INDEPENDENT_MC,256,CONTEXT_CONDITIONAL_ONLY,A,,"{""-1"": -1, ""1"": 1}"
E2_CONTEXT_SIGN_FLIP,41014,ANTITHETIC_CRN_MC,8,CONTEXT_CONDITIONAL_ONLY,A,,"{""-1"": -1, ""1"": 1}"
E2_CONTEXT_SIGN_FLIP,41014,ANTITHETIC_CRN_MC,16,CONTEXT_CONDITIONAL_ONLY,A,,"{""-1"": -1, ""1"": 1}"
E2_CONTEXT_SIGN_FLIP,41014,ANTITHETIC_CRN_MC,32,CONTEXT_CONDITIONAL_ONLY,A,,"{""-1"": -1, ""1"": 1}"
E2_CONTEXT_SIGN_FLIP,41014,ANTITHETIC_CRN_MC,64,CONTEXT_CONDITIONAL_ONLY,A,,"{""-1"": -1, ""1"": 1}"
E2_CONTEXT_SIGN_FLIP,41014,ANTITHETIC_CRN_MC,128,CONTEXT_CONDITIONAL_ONLY,A,,"{""-1"": -1, ""1"": 1}"
E2_CONTEXT_SIGN_FLIP,41014,ANTITHETIC_CRN_MC,256,CONTEXT_CONDITIONAL_ONLY,A,,"{""-1"": -1, ""1"": 1}"
E2_CONTEXT_SIGN_FLIP,41014,CRN_CHAIN_MC,8,CONTEXT_CONDITIONAL_ONLY,A,,"{""-1"": -1, ""1"": 1}"
E2_CONTEXT_SIGN_FLIP,41014,CRN_CHAIN_MC,16,CONTEXT_CONDITIONAL_ONLY,A,,"{""-1"": -1, ""1"": 1}"
E2_CONTEXT_SIGN_FLIP,41014,CRN_CHAIN_MC,32,CONTEXT_CONDITIONAL_ONLY,A,,"{""-1"": -1, ""1"": 1}"
E2_CONTEXT_SIGN_FLIP,41014,CRN_CHAIN_MC,64,CONTEXT_CONDITIONAL_ONLY,A,,"{""-1"": -1, ""1"": 1}"
E2_CONTEXT_SIGN_FLIP,41014,CRN_CHAIN_MC,128,CONTEXT_CONDITIONAL_ONLY,A,,"{""-1"": -1, ""1"": 1}"
E2_CONTEXT_SIGN_FLIP,41014,CRN_CHAIN_MC,256,CONTEXT_CONDITIONAL_ONLY,A,,"{""-1"": -1, ""1"": 1}"
E2_CONTEXT_SIGN_FLIP,41014,DOUBLE_ANTITHETIC_CRN_MC,8,CONTEXT_CONDITIONAL_ONLY,A,,"{""-1"": -1, ""1"": 1}"
E2_CONTEXT_SIGN_FLIP,41014,DOUBLE_ANTITHETIC_CRN_MC,16,CONTEXT_CONDITIONAL_ONLY,A,,"{""-1"": -1, ""1"": 1}"
E2_CONTEXT_SIGN_FLIP,41014,DOUBLE_ANTITHETIC_CRN_MC,32,CONTEXT_CONDITIONAL_ONLY,A,,"{""-1"": -1, ""1"": 1}"
E2_CONTEXT_SIGN_FLIP,41014,DOUBLE_ANTITHETIC_CRN_MC,64,CONTEXT_CONDITIONAL_ONLY,A,,"{""-1"": -1, ""1"": 1}"
E2_CONTEXT_SIGN_FLIP,41014,DOUBLE_ANTITHETIC_CRN_MC,128,CONTEXT_CONDITIONAL_ONLY,A,,"{""-1"": -1, ""1"": 1}"
E2_CONTEXT_SIGN_FLIP,41014,DOUBLE_ANTITHETIC_CRN_MC,256,CONTEXT_CONDITIONAL_ONLY,A,,"{""-1"": -1, ""1"": 1}"
E2_CONTEXT_SIGN_FLIP,41014,LEGACY_INDEPENDENT_MC,8,CONTEXT_CONDITIONAL_ONLY,A,,"{""-1"": -1, ""1"": 1}"
E2_CONTEXT_SIGN_FLIP,41014,LEGACY_INDEPENDENT_MC,16,CONTEXT_CONDITIONAL_ONLY,A,,"{""-1"": -1, ""1"": 1}"
E2_CONTEXT_SIGN_FLIP,41014,LEGACY_INDEPENDENT_MC,32,CONTEXT_CONDITIONAL_ONLY,A,,"{""-1"": -1, ""1"": 1}"
E2_CONTEXT_SIGN_FLIP,41014,LEGACY_INDEPENDENT_MC,64,CONTEXT_CONDITIONAL_ONLY,A,,"{""-1"": -1, ""1"": 1}"
E2_CONTEXT_SIGN_FLIP,41014,LEGACY_INDEPENDENT_MC,128,CONTEXT_CONDITIONAL_ONLY,A,,"{""-1"": -1, ""1"": 1}"
E2_CONTEXT_SIGN_FLIP,41014,LEGACY_INDEPENDENT_MC,256,CONTEXT_CONDITIONAL_ONLY,A,,"{""-1"": -1, ""1"": 1}"
E2_CONTEXT_SIGN_FLIP,41015,ANTITHETIC_CRN_MC,8,CONTEXT_CONDITIONAL_ONLY,A,,"{""-1"": -1, ""1"": 1}"
E2_CONTEXT_SIGN_FLIP,41015,ANTITHETIC_CRN_MC,16,CONTEXT_CONDITIONAL_ONLY,A,,"{""-1"": -1, ""1"": 1}"
E2_CONTEXT_SIGN_FLIP,41015,ANTITHETIC_CRN_MC,32,CONTEXT_CONDITIONAL_ONLY,A,,"{""-1"": -1, ""1"": 1}"
E2_CONTEXT_SIGN_FLIP,41015,ANTITHETIC_CRN_MC,64,CONTEXT_CONDITIONAL_ONLY,A,,"{""-1"": -1, ""1"": 1}"
E2_CONTEXT_SIGN_FLIP,41015,ANTITHETIC_CRN_MC,128,CONTEXT_CONDITIONAL_ONLY,A,,"{""-1"": -1, ""1"": 1}"
E2_CONTEXT_SIGN_FLIP,41015,ANTITHETIC_CRN_MC,256,CONTEXT_CONDITIONAL_ONLY,A,,"{""-1"": -1, ""1"": 1}"
E2_CONTEXT_SIGN_FLIP,41015,CRN_CHAIN_MC,8,CONTEXT_CONDITIONAL_ONLY,A,,"{""-1"": -1, ""1"": 1}"
E2_CONTEXT_SIGN_FLIP,41015,CRN_CHAIN_MC,16,CONTEXT_CONDITIONAL_ONLY,A,,"{""-1"": -1, ""1"": 1}"
E2_CONTEXT_SIGN_FLIP,41015,CRN_CHAIN_MC,32,CONTEXT_CONDITIONAL_ONLY,A,,"{""-1"": -1, ""1"": 1}"
E2_CONTEXT_SIGN_FLIP,41015,CRN_CHAIN_MC,64,CONTEXT_CONDITIONAL_ONLY,A,,"{""-1"": -1, ""1"": 1}"
E2_CONTEXT_SIGN_FLIP,41015,CRN_CHAIN_MC,128,CONTEXT_CONDITIONAL_ONLY,A,,"{""-1"": -1, ""1"": 1}"
E2_CONTEXT_SIGN_FLIP,41015,CRN_CHAIN_MC,256,CONTEXT_CONDITIONAL_ONLY,A,,"{""-1"": -1, ""1"": 1}"
E2_CONTEXT_SIGN_FLIP,41015,DOUBLE_ANTITHETIC_CRN_MC,8,CONTEXT_CONDITIONAL_ONLY,A,,"{""-1"": -1, ""1"": 1}"
E2_CONTEXT_SIGN_FLIP,41015,DOUBLE_ANTITHETIC_CRN_MC,16,CONTEXT_CONDITIONAL_ONLY,A,,"{""-1"": -1, ""1"": 1}"
E2_CONTEXT_SIGN_FLIP,41015,DOUBLE_ANTITHETIC_CRN_MC,32,CONTEXT_CONDITIONAL_ONLY,A,,"{""-1"": -1, ""1"": 1}"
E2_CONTEXT_SIGN_FLIP,41015,DOUBLE_ANTITHETIC_CRN_MC,64,CONTEXT_CONDITIONAL_ONLY,A,,"{""-1"": -1, ""1"": 1}"
E2_CONTEXT_SIGN_FLIP,41015,DOUBLE_ANTITHETIC_CRN_MC,128,CONTEXT_CONDITIONAL_ONLY,A,,"{""-1"": -1, ""1"": 1}"
E2_CONTEXT_SIGN_FLIP,41015,DOUBLE_ANTITHETIC_CRN_MC,256,CONTEXT_CONDITIONAL_ONLY,A,,"{""-1"": -1, ""1"": 1}"
E2_CONTEXT_SIGN_FLIP,41015,LEGACY_INDEPENDENT_MC,8,CONTEXT_CONDITIONAL_ONLY,A,,"{""-1"": -1, ""1"": 1}"
E2_CONTEXT_SIGN_FLIP,41015,LEGACY_INDEPENDENT_MC,16,CONTEXT_CONDITIONAL_ONLY,A,,"{""-1"": -1, ""1"": 1}"
E2_CONTEXT_SIGN_FLIP,41015,LEGACY_INDEPENDENT_MC,32,CONTEXT_CONDITIONAL_ONLY,A,,"{""-1"": -1, ""1"": 1}"
E2_CONTEXT_SIGN_FLIP,41015,LEGACY_INDEPENDENT_MC,64,CONTEXT_CONDITIONAL_ONLY,A,,"{""-1"": -1, ""1"": 1}"
E2_CONTEXT_SIGN_FLIP,41015,LEGACY_INDEPENDENT_MC,128,CONTEXT_CONDITIONAL_ONLY,A,,"{""-1"": -1, ""1"": 1}"
E2_CONTEXT_SIGN_FLIP,41015,LEGACY_INDEPENDENT_MC,256,CONTEXT_CONDITIONAL_ONLY,A,,"{""-1"": -1, ""1"": 1}"
E2_CONTEXT_SIGN_FLIP,41016,ANTITHETIC_CRN_MC,8,CONTEXT_CONDITIONAL_ONLY,A,,"{""-1"": -1, ""1"": 1}"
E2_CONTEXT_SIGN_FLIP,41016,ANTITHETIC_CRN_MC,16,CONTEXT_CONDITIONAL_ONLY,A,,"{""-1"": -1, ""1"": 1}"
E2_CONTEXT_SIGN_FLIP,41016,ANTITHETIC_CRN_MC,32,CONTEXT_CONDITIONAL_ONLY,A,,"{""-1"": -1, ""1"": 1}"
E2_CONTEXT_SIGN_FLIP,41016,ANTITHETIC_CRN_MC,64,CONTEXT_CONDITIONAL_ONLY,A,,"{""-1"": -1, ""1"": 1}"
E2_CONTEXT_SIGN_FLIP,41016,ANTITHETIC_CRN_MC,128,CONTEXT_CONDITIONAL_ONLY,A,,"{""-1"": -1, ""1"": 1}"
E2_CONTEXT_SIGN_FLIP,41016,ANTITHETIC_CRN_MC,256,CONTEXT_CONDITIONAL_ONLY,A,,"{""-1"": -1, ""1"": 1}"
E2_CONTEXT_SIGN_FLIP,41016,CRN_CHAIN_MC,8,CONTEXT_CONDITIONAL_ONLY,A,,"{""-1"": -1, ""1"": 1}"
E2_CONTEXT_SIGN_FLIP,41016,CRN_CHAIN_MC,16,CONTEXT_CONDITIONAL_ONLY,A,,"{""-1"": -1, ""1"": 1}"
E2_CONTEXT_SIGN_FLIP,41016,CRN_CHAIN_MC,32,CONTEXT_CONDITIONAL_ONLY,A,,"{""-1"": -1, ""1"": 1}"
E2_CONTEXT_SIGN_FLIP,41016,CRN_CHAIN_MC,64,CONTEXT_CONDITIONAL_ONLY,A,,"{""-1"": -1, ""1"": 1}"
E2_CONTEXT_SIGN_FLIP,41016,CRN_CHAIN_MC,128,CONTEXT_CONDITIONAL_ONLY,A,,"{""-1"": -1, ""1"": 1}"
E2_CONTEXT_SIGN_FLIP,41016,CRN_CHAIN_MC,256,CONTEXT_CONDITIONAL_ONLY,A,,"{""-1"": -1, ""1"": 1}"
E2_CONTEXT_SIGN_FLIP,41016,DOUBLE_ANTITHETIC_CRN_MC,8,CONTEXT_CONDITIONAL_ONLY,A,,"{""-1"": -1, ""1"": 1}"
E2_CONTEXT_SIGN_FLIP,41016,DOUBLE_ANTITHETIC_CRN_MC,16,CONTEXT_CONDITIONAL_ONLY,A,,"{""-1"": -1, ""1"": 1}"
E2_CONTEXT_SIGN_FLIP,41016,DOUBLE_ANTITHETIC_CRN_MC,32,CONTEXT_CONDITIONAL_ONLY,A,,"{""-1"": -1, ""1"": 1}"
E2_CONTEXT_SIGN_FLIP,41016,DOUBLE_ANTITHETIC_CRN_MC,64,CONTEXT_CONDITIONAL_ONLY,A,,"{""-1"": -1, ""1"": 1}"
E2_CONTEXT_SIGN_FLIP,41016,DOUBLE_ANTITHETIC_CRN_MC,128,CONTEXT_CONDITIONAL_ONLY,A,,"{""-1"": -1, ""1"": 1}"
E2_CONTEXT_SIGN_FLIP,41016,DOUBLE_ANTITHETIC_CRN_MC,256,CONTEXT_CONDITIONAL_ONLY,A,,"{""-1"": -1, ""1"": 1}"
E2_CONTEXT_SIGN_FLIP,41016,LEGACY_INDEPENDENT_MC,8,CONTEXT_CONDITIONAL_ONLY,A,,"{""-1"": -1, ""1"": 1}"
E2_CONTEXT_SIGN_FLIP,41016,LEGACY_INDEPENDENT_MC,16,CONTEXT_CONDITIONAL_ONLY,A,,"{""-1"": -1, ""1"": 1}"
E2_CONTEXT_SIGN_FLIP,41016,LEGACY_INDEPENDENT_MC,32,CONTEXT_CONDITIONAL_ONLY,A,,"{""-1"": -1, ""1"": 1}"
E2_CONTEXT_SIGN_FLIP,41016,LEGACY_INDEPENDENT_MC,64,CONTEXT_CONDITIONAL_ONLY,A,,"{""-1"": -1, ""1"": 1}"
E2_CONTEXT_SIGN_FLIP,41016,LEGACY_INDEPENDENT_MC,128,CONTEXT_CONDITIONAL_ONLY,A,,"{""-1"": -1, ""1"": 1}"
E2_CONTEXT_SIGN_FLIP,41016,LEGACY_INDEPENDENT_MC,256,CONTEXT_CONDITIONAL_ONLY,A,,"{""-1"": -1, ""1"": 1}"
E2_CONTEXT_SIGN_FLIP,41017,ANTITHETIC_CRN_MC,8,CONTEXT_CONDITIONAL_ONLY,A,,"{""-1"": -1, ""1"": 1}"
E2_CONTEXT_SIGN_FLIP,41017,ANTITHETIC_CRN_MC,16,CONTEXT_CONDITIONAL_ONLY,A,,"{""-1"": -1, ""1"": 1}"
E2_CONTEXT_SIGN_FLIP,41017,ANTITHETIC_CRN_MC,32,CONTEXT_CONDITIONAL_ONLY,A,,"{""-1"": -1, ""1"": 1}"
E2_CONTEXT_SIGN_FLIP,41017,ANTITHETIC_CRN_MC,64,CONTEXT_CONDITIONAL_ONLY,A,,"{""-1"": -1, ""1"": 1}"
E2_CONTEXT_SIGN_FLIP,41017,ANTITHETIC_CRN_MC,128,CONTEXT_CONDITIONAL_ONLY,A,,"{""-1"": -1, ""1"": 1}"
E2_CONTEXT_SIGN_FLIP,41017,ANTITHETIC_CRN_MC,256,CONTEXT_CONDITIONAL_ONLY,A,,"{""-1"": -1, ""1"": 1}"
E2_CONTEXT_SIGN_FLIP,41017,CRN_CHAIN_MC,8,CONTEXT_CONDITIONAL_ONLY,A,,"{""-1"": -1, ""1"": 1}"
E2_CONTEXT_SIGN_FLIP,41017,CRN_CHAIN_MC,16,CONTEXT_CONDITIONAL_ONLY,A,,"{""-1"": -1, ""1"": 1}"
E2_CONTEXT_SIGN_FLIP,41017,CRN_CHAIN_MC,32,CONTEXT_CONDITIONAL_ONLY,A,,"{""-1"": -1, ""1"": 1}"
E2_CONTEXT_SIGN_FLIP,41017,CRN_CHAIN_MC,64,CONTEXT_CONDITIONAL_ONLY,A,,"{""-1"": -1, ""1"": 1}"
E2_CONTEXT_SIGN_FLIP,41017,CRN_CHAIN_MC,128,CONTEXT_CONDITIONAL_ONLY,A,,"{""-1"": -1, ""1"": 1}"
E2_CONTEXT_SIGN_FLIP,41017,CRN_CHAIN_MC,256,CONTEXT_CONDITIONAL_ONLY,A,,"{""-1"": -1, ""1"": 1}"
E2_CONTEXT_SIGN_FLIP,41017,DOUBLE_ANTITHETIC_CRN_MC,8,CONTEXT_CONDITIONAL_ONLY,A,,"{""-1"": -1, ""1"": 1}"
E2_CONTEXT_SIGN_FLIP,41017,DOUBLE_ANTITHETIC_CRN_MC,16,CONTEXT_CONDITIONAL_ONLY,A,,"{""-1"": -1, ""1"": 1}"
E2_CONTEXT_SIGN_FLIP,41017,DOUBLE_ANTITHETIC_CRN_MC,32,CONTEXT_CONDITIONAL_ONLY,A,,"{""-1"": -1, ""1"": 1}"
E2_CONTEXT_SIGN_FLIP,41017,DOUBLE_ANTITHETIC_CRN_MC,64,CONTEXT_CONDITIONAL_ONLY,A,,"{""-1"": -1, ""1"": 1}"
E2_CONTEXT_SIGN_FLIP,41017,DOUBLE_ANTITHETIC_CRN_MC,128,CONTEXT_CONDITIONAL_ONLY,A,,"{""-1"": -1, ""1"": 1}"
E2_CONTEXT_SIGN_FLIP,41017,DOUBLE_ANTITHETIC_CRN_MC,256,CONTEXT_CONDITIONAL_ONLY,A,,"{""-1"": -1, ""1"": 1}"
E2_CONTEXT_SIGN_FLIP,41017,LEGACY_INDEPENDENT_MC,8,CONTEXT_CONDITIONAL_ONLY,A,,"{""-1"": -1, ""1"": 1}"
E2_CONTEXT_SIGN_FLIP,41017,LEGACY_INDEPENDENT_MC,16,CONTEXT_CONDITIONAL_ONLY,A,,"{""-1"": -1, ""1"": 1}"
E2_CONTEXT_SIGN_FLIP,41017,LEGACY_INDEPENDENT_MC,32,CONTEXT_CONDITIONAL_ONLY,A,,"{""-1"": -1, ""1"": 1}"
E2_CONTEXT_SIGN_FLIP,41017,LEGACY_INDEPENDENT_MC,64,CONTEXT_CONDITIONAL_ONLY,A,,"{""-1"": -1, ""1"": 1}"
E2_CONTEXT_SIGN_FLIP,41017,LEGACY_INDEPENDENT_MC,128,CONTEXT_CONDITIONAL_ONLY,A,,"{""-1"": -1, ""1"": 1}"
E2_CONTEXT_SIGN_FLIP,41017,LEGACY_INDEPENDENT_MC,256,CONTEXT_CONDITIONAL_ONLY,A,,"{""-1"": -1, ""1"": 1}"
E2_CONTEXT_SIGN_FLIP,41018,ANTITHETIC_CRN_MC,8,CONTEXT_CONDITIONAL_ONLY,A,,"{""-1"": -1, ""1"": 1}"
E2_CONTEXT_SIGN_FLIP,41018,ANTITHETIC_CRN_MC,16,CONTEXT_CONDITIONAL_ONLY,A,,"{""-1"": -1, ""1"": 1}"
E2_CONTEXT_SIGN_FLIP,41018,ANTITHETIC_CRN_MC,32,CONTEXT_CONDITIONAL_ONLY,A,,"{""-1"": -1, ""1"": 1}"
E2_CONTEXT_SIGN_FLIP,41018,ANTITHETIC_CRN_MC,64,CONTEXT_CONDITIONAL_ONLY,A,,"{""-1"": -1, ""1"": 1}"
E2_CONTEXT_SIGN_FLIP,41018,ANTITHETIC_CRN_MC,128,CONTEXT_CONDITIONAL_ONLY,A,,"{""-1"": -1, ""1"": 1}"
E2_CONTEXT_SIGN_FLIP,41018,ANTITHETIC_CRN_MC,256,CONTEXT_CONDITIONAL_ONLY,A,,"{""-1"": -1, ""1"": 1}"
E2_CONTEXT_SIGN_FLIP,41018,CRN_CHAIN_MC,8,CONTEXT_CONDITIONAL_ONLY,A,,"{""-1"": -1, ""1"": 1}"
E2_CONTEXT_SIGN_FLIP,41018,CRN_CHAIN_MC,16,CONTEXT_CONDITIONAL_ONLY,A,,"{""-1"": -1, ""1"": 1}"
E2_CONTEXT_SIGN_FLIP,41018,CRN_CHAIN_MC,32,CONTEXT_CONDITIONAL_ONLY,A,,"{""-1"": -1, ""1"": 1}"
E2_CONTEXT_SIGN_FLIP,41018,CRN_CHAIN_MC,64,CONTEXT_CONDITIONAL_ONLY,A,,"{""-1"": -1, ""1"": 1}"
E2_CONTEXT_SIGN_FLIP,41018,CRN_CHAIN_MC,128,CONTEXT_CONDITIONAL_ONLY,A,,"{""-1"": -1, ""1"": 1}"
E2_CONTEXT_SIGN_FLIP,41018,CRN_CHAIN_MC,256,CONTEXT_CONDITIONAL_ONLY,A,,"{""-1"": -1, ""1"": 1}"
E2_CONTEXT_SIGN_FLIP,41018,DOUBLE_ANTITHETIC_CRN_MC,8,CONTEXT_CONDITIONAL_ONLY,A,,"{""-1"": -1, ""1"": 1}"
E2_CONTEXT_SIGN_FLIP,41018,DOUBLE_ANTITHETIC_CRN_MC,16,CONTEXT_CONDITIONAL_ONLY,A,,"{""-1"": -1, ""1"": 1}"
E2_CONTEXT_SIGN_FLIP,41018,DOUBLE_ANTITHETIC_CRN_MC,32,CONTEXT_CONDITIONAL_ONLY,A,,"{""-1"": -1, ""1"": 1}"
E2_CONTEXT_SIGN_FLIP,41018,DOUBLE_ANTITHETIC_CRN_MC,64,CONTEXT_CONDITIONAL_ONLY,A,,"{""-1"": -1, ""1"": 1}"
E2_CONTEXT_SIGN_FLIP,41018,DOUBLE_ANTITHETIC_CRN_MC,128,CONTEXT_CONDITIONAL_ONLY,A,,"{""-1"": -1, ""1"": 1}"
E2_CONTEXT_SIGN_FLIP,41018,DOUBLE_ANTITHETIC_CRN_MC,256,CONTEXT_CONDITIONAL_ONLY,A,,"{""-1"": -1, ""1"": 1}"
E2_CONTEXT_SIGN_FLIP,41018,LEGACY_INDEPENDENT_MC,8,CONTEXT_CONDITIONAL_ONLY,A,,"{""-1"": -1, ""1"": 1}"
E2_CONTEXT_SIGN_FLIP,41018,LEGACY_INDEPENDENT_MC,16,CONTEXT_CONDITIONAL_ONLY,A,,"{""-1"": -1, ""1"": 1}"
E2_CONTEXT_SIGN_FLIP,41018,LEGACY_INDEPENDENT_MC,32,CONTEXT_CONDITIONAL_ONLY,A,,"{""-1"": -1, ""1"": 1}"
E2_CONTEXT_SIGN_FLIP,41018,LEGACY_INDEPENDENT_MC,64,CONTEXT_CONDITIONAL_ONLY,A,,"{""-1"": -1, ""1"": 1}"
E2_CONTEXT_SIGN_FLIP,41018,LEGACY_INDEPENDENT_MC,128,CONTEXT_CONDITIONAL_ONLY,A,,"{""-1"": -1, ""1"": 1}"
E2_CONTEXT_SIGN_FLIP,41018,LEGACY_INDEPENDENT_MC,256,CONTEXT_CONDITIONAL_ONLY,A,,"{""-1"": -1, ""1"": 1}"
E2_CONTEXT_SIGN_FLIP,41019,ANTITHETIC_CRN_MC,8,CONTEXT_CONDITIONAL_ONLY,A,,"{""-1"": -1, ""1"": 1}"
E2_CONTEXT_SIGN_FLIP,41019,ANTITHETIC_CRN_MC,16,CONTEXT_CONDITIONAL_ONLY,A,,"{""-1"": -1, ""1"": 1}"
E2_CONTEXT_SIGN_FLIP,41019,ANTITHETIC_CRN_MC,32,CONTEXT_CONDITIONAL_ONLY,A,,"{""-1"": -1, ""1"": 1}"
E2_CONTEXT_SIGN_FLIP,41019,ANTITHETIC_CRN_MC,64,CONTEXT_CONDITIONAL_ONLY,A,,"{""-1"": -1, ""1"": 1}"
E2_CONTEXT_SIGN_FLIP,41019,ANTITHETIC_CRN_MC,128,CONTEXT_CONDITIONAL_ONLY,A,,"{""-1"": -1, ""1"": 1}"
E2_CONTEXT_SIGN_FLIP,41019,ANTITHETIC_CRN_MC,256,CONTEXT_CONDITIONAL_ONLY,A,,"{""-1"": -1, ""1"": 1}"
E2_CONTEXT_SIGN_FLIP,41019,CRN_CHAIN_MC,8,CONTEXT_CONDITIONAL_ONLY,A,,"{""-1"": -1, ""1"": 1}"
E2_CONTEXT_SIGN_FLIP,41019,CRN_CHAIN_MC,16,CONTEXT_CONDITIONAL_ONLY,A,,"{""-1"": -1, ""1"": 1}"
E2_CONTEXT_SIGN_FLIP,41019,CRN_CHAIN_MC,32,CONTEXT_CONDITIONAL_ONLY,A,,"{""-1"": -1, ""1"": 1}"
E2_CONTEXT_SIGN_FLIP,41019,CRN_CHAIN_MC,64,CONTEXT_CONDITIONAL_ONLY,A,,"{""-1"": -1, ""1"": 1}"
E2_CONTEXT_SIGN_FLIP,41019,CRN_CHAIN_MC,128,CONTEXT_CONDITIONAL_ONLY,A,,"{""-1"": -1, ""1"": 1}"
E2_CONTEXT_SIGN_FLIP,41019,CRN_CHAIN_MC,256,CONTEXT_CONDITIONAL_ONLY,A,,"{""-1"": -1, ""1"": 1}"
E2_CONTEXT_SIGN_FLIP,41019,DOUBLE_ANTITHETIC_CRN_MC,8,CONTEXT_CONDITIONAL_ONLY,A,,"{""-1"": -1, ""1"": 1}"
E2_CONTEXT_SIGN_FLIP,41019,DOUBLE_ANTITHETIC_CRN_MC,16,CONTEXT_CONDITIONAL_ONLY,A,,"{""-1"": -1, ""1"": 1}"
E2_CONTEXT_SIGN_FLIP,41019,DOUBLE_ANTITHETIC_CRN_MC,32,CONTEXT_CONDITIONAL_ONLY,A,,"{""-1"": -1, ""1"": 1}"
E2_CONTEXT_SIGN_FLIP,41019,DOUBLE_ANTITHETIC_CRN_MC,64,CONTEXT_CONDITIONAL_ONLY,A,,"{""-1"": -1, ""1"": 1}"
E2_CONTEXT_SIGN_FLIP,41019,DOUBLE_ANTITHETIC_CRN_MC,128,CONTEXT_CONDITIONAL_ONLY,A,,"{""-1"": -1, ""1"": 1}"
E2_CONTEXT_SIGN_FLIP,41019,DOUBLE_ANTITHETIC_CRN_MC,256,CONTEXT_CONDITIONAL_ONLY,A,,"{""-1"": -1, ""1"": 1}"
E2_CONTEXT_SIGN_FLIP,41019,LEGACY_INDEPENDENT_MC,8,CONTEXT_CONDITIONAL_ONLY,A,,"{""-1"": -1, ""1"": 1}"
E2_CONTEXT_SIGN_FLIP,41019,LEGACY_INDEPENDENT_MC,16,CONTEXT_CONDITIONAL_ONLY,A,,"{""-1"": -1, ""1"": 1}"
E2_CONTEXT_SIGN_FLIP,41019,LEGACY_INDEPENDENT_MC,32,CONTEXT_CONDITIONAL_ONLY,A,,"{""-1"": -1, ""1"": 1}"
E2_CONTEXT_SIGN_FLIP,41019,LEGACY_INDEPENDENT_MC,64,CONTEXT_CONDITIONAL_ONLY,A,,"{""-1"": -1, ""1"": 1}"
E2_CONTEXT_SIGN_FLIP,41019,LEGACY_INDEPENDENT_MC,128,CONTEXT_CONDITIONAL_ONLY,A,,"{""-1"": -1, ""1"": 1}"
E2_CONTEXT_SIGN_FLIP,41019,LEGACY_INDEPENDENT_MC,256,CONTEXT_CONDITIONAL_ONLY,A,,"{""-1"": -1, ""1"": 1}"
E2_CONTEXT_SIGN_FLIP,41020,ANTITHETIC_CRN_MC,8,CONTEXT_CONDITIONAL_ONLY,A,,"{""-1"": -1, ""1"": 1}"
E2_CONTEXT_SIGN_FLIP,41020,ANTITHETIC_CRN_MC,16,CONTEXT_CONDITIONAL_ONLY,A,,"{""-1"": -1, ""1"": 1}"
E2_CONTEXT_SIGN_FLIP,41020,ANTITHETIC_CRN_MC,32,CONTEXT_CONDITIONAL_ONLY,A,,"{""-1"": -1, ""1"": 1}"
E2_CONTEXT_SIGN_FLIP,41020,ANTITHETIC_CRN_MC,64,CONTEXT_CONDITIONAL_ONLY,A,,"{""-1"": -1, ""1"": 1}"
E2_CONTEXT_SIGN_FLIP,41020,ANTITHETIC_CRN_MC,128,CONTEXT_CONDITIONAL_ONLY,A,,"{""-1"": -1, ""1"": 1}"
E2_CONTEXT_SIGN_FLIP,41020,ANTITHETIC_CRN_MC,256,CONTEXT_CONDITIONAL_ONLY,A,,"{""-1"": -1, ""1"": 1}"
E2_CONTEXT_SIGN_FLIP,41020,CRN_CHAIN_MC,8,CONTEXT_CONDITIONAL_ONLY,A,,"{""-1"": -1, ""1"": 1}"
E2_CONTEXT_SIGN_FLIP,41020,CRN_CHAIN_MC,16,CONTEXT_CONDITIONAL_ONLY,A,,"{""-1"": -1, ""1"": 1}"
E2_CONTEXT_SIGN_FLIP,41020,CRN_CHAIN_MC,32,CONTEXT_CONDITIONAL_ONLY,A,,"{""-1"": -1, ""1"": 1}"
E2_CONTEXT_SIGN_FLIP,41020,CRN_CHAIN_MC,64,CONTEXT_CONDITIONAL_ONLY,A,,"{""-1"": -1, ""1"": 1}"
E2_CONTEXT_SIGN_FLIP,41020,CRN_CHAIN_MC,128,CONTEXT_CONDITIONAL_ONLY,A,,"{""-1"": -1, ""1"": 1}"
E2_CONTEXT_SIGN_FLIP,41020,CRN_CHAIN_MC,256,CONTEXT_CONDITIONAL_ONLY,A,,"{""-1"": -1, ""1"": 1}"
E2_CONTEXT_SIGN_FLIP,41020,DOUBLE_ANTITHETIC_CRN_MC,8,CONTEXT_CONDITIONAL_ONLY,A,,"{""-1"": -1, ""1"": 1}"
E2_CONTEXT_SIGN_FLIP,41020,DOUBLE_ANTITHETIC_CRN_MC,16,CONTEXT_CONDITIONAL_ONLY,A,,"{""-1"": -1, ""1"": 1}"
E2_CONTEXT_SIGN_FLIP,41020,DOUBLE_ANTITHETIC_CRN_MC,32,CONTEXT_CONDITIONAL_ONLY,A,,"{""-1"": -1, ""1"": 1}"
E2_CONTEXT_SIGN_FLIP,41020,DOUBLE_ANTITHETIC_CRN_MC,64,CONTEXT_CONDITIONAL_ONLY,A,,"{""-1"": -1, ""1"": 1}"
E2_CONTEXT_SIGN_FLIP,41020,DOUBLE_ANTITHETIC_CRN_MC,128,CONTEXT_CONDITIONAL_ONLY,A,,"{""-1"": -1, ""1"": 1}"
E2_CONTEXT_SIGN_FLIP,41020,DOUBLE_ANTITHETIC_CRN_MC,256,CONTEXT_CONDITIONAL_ONLY,A,,"{""-1"": -1, ""1"": 1}"
E2_CONTEXT_SIGN_FLIP,41020,LEGACY_INDEPENDENT_MC,8,CONTEXT_CONDITIONAL_ONLY,A,,"{""-1"": -1, ""1"": 1}"
E2_CONTEXT_SIGN_FLIP,41020,LEGACY_INDEPENDENT_MC,16,CONTEXT_CONDITIONAL_ONLY,A,,"{""-1"": -1, ""1"": 1}"
E2_CONTEXT_SIGN_FLIP,41020,LEGACY_INDEPENDENT_MC,32,CONTEXT_CONDITIONAL_ONLY,A,,"{""-1"": -1, ""1"": 1}"
E2_CONTEXT_SIGN_FLIP,41020,LEGACY_INDEPENDENT_MC,64,CONTEXT_CONDITIONAL_ONLY,A,,"{""-1"": -1, ""1"": 1}"
E2_CONTEXT_SIGN_FLIP,41020,LEGACY_INDEPENDENT_MC,128,CONTEXT_CONDITIONAL_ONLY,A,,"{""-1"": -1, ""1"": 1}"
E2_CONTEXT_SIGN_FLIP,41020,LEGACY_INDEPENDENT_MC,256,CONTEXT_CONDITIONAL_ONLY,A,,"{""-1"": -1, ""1"": 1}"
E2_CONTEXT_SIGN_FLIP,41021,ANTITHETIC_CRN_MC,8,CONTEXT_CONDITIONAL_ONLY,A,,"{""-1"": -1, ""1"": 1}"
E2_CONTEXT_SIGN_FLIP,41021,ANTITHETIC_CRN_MC,16,CONTEXT_CONDITIONAL_ONLY,A,,"{""-1"": -1, ""1"": 1}"
E2_CONTEXT_SIGN_FLIP,41021,ANTITHETIC_CRN_MC,32,CONTEXT_CONDITIONAL_ONLY,A,,"{""-1"": -1, ""1"": 1}"
E2_CONTEXT_SIGN_FLIP,41021,ANTITHETIC_CRN_MC,64,CONTEXT_CONDITIONAL_ONLY,A,,"{""-1"": -1, ""1"": 1}"
E2_CONTEXT_SIGN_FLIP,41021,ANTITHETIC_CRN_MC,128,CONTEXT_CONDITIONAL_ONLY,A,,"{""-1"": -1, ""1"": 1}"
E2_CONTEXT_SIGN_FLIP,41021,ANTITHETIC_CRN_MC,256,CONTEXT_CONDITIONAL_ONLY,A,,"{""-1"": -1, ""1"": 1}"
E2_CONTEXT_SIGN_FLIP,41021,CRN_CHAIN_MC,8,CONTEXT_CONDITIONAL_ONLY,A,,"{""-1"": -1, ""1"": 1}"
E2_CONTEXT_SIGN_FLIP,41021,CRN_CHAIN_MC,16,CONTEXT_CONDITIONAL_ONLY,A,,"{""-1"": -1, ""1"": 1}"
E2_CONTEXT_SIGN_FLIP,41021,CRN_CHAIN_MC,32,CONTEXT_CONDITIONAL_ONLY,A,,"{""-1"": -1, ""1"": 1}"
E2_CONTEXT_SIGN_FLIP,41021,CRN_CHAIN_MC,64,CONTEXT_CONDITIONAL_ONLY,A,,"{""-1"": -1, ""1"": 1}"
E2_CONTEXT_SIGN_FLIP,41021,CRN_CHAIN_MC,128,CONTEXT_CONDITIONAL_ONLY,A,,"{""-1"": -1, ""1"": 1}"
E2_CONTEXT_SIGN_FLIP,41021,CRN_CHAIN_MC,256,CONTEXT_CONDITIONAL_ONLY,A,,"{""-1"": -1, ""1"": 1}"
E2_CONTEXT_SIGN_FLIP,41021,DOUBLE_ANTITHETIC_CRN_MC,8,CONTEXT_CONDITIONAL_ONLY,A,,"{""-1"": -1, ""1"": 1}"
E2_CONTEXT_SIGN_FLIP,41021,DOUBLE_ANTITHETIC_CRN_MC,16,CONTEXT_CONDITIONAL_ONLY,A,,"{""-1"": -1, ""1"": 1}"
E2_CONTEXT_SIGN_FLIP,41021,DOUBLE_ANTITHETIC_CRN_MC,32,CONTEXT_CONDITIONAL_ONLY,A,,"{""-1"": -1, ""1"": 1}"
E2_CONTEXT_SIGN_FLIP,41021,DOUBLE_ANTITHETIC_CRN_MC,64,CONTEXT_CONDITIONAL_ONLY,A,,"{""-1"": -1, ""1"": 1}"
E2_CONTEXT_SIGN_FLIP,41021,DOUBLE_ANTITHETIC_CRN_MC,128,CONTEXT_CONDITIONAL_ONLY,A,,"{""-1"": -1, ""1"": 1}"
E2_CONTEXT_SIGN_FLIP,41021,DOUBLE_ANTITHETIC_CRN_MC,256,CONTEXT_CONDITIONAL_ONLY,A,,"{""-1"": -1, ""1"": 1}"
E2_CONTEXT_SIGN_FLIP,41021,LEGACY_INDEPENDENT_MC,8,CONTEXT_CONDITIONAL_ONLY,A,,"{""-1"": -1, ""1"": 1}"
E2_CONTEXT_SIGN_FLIP,41021,LEGACY_INDEPENDENT_MC,16,CONTEXT_CONDITIONAL_ONLY,A,,"{""-1"": -1, ""1"": 1}"
E2_CONTEXT_SIGN_FLIP,41021,LEGACY_INDEPENDENT_MC,32,CONTEXT_CONDITIONAL_ONLY,A,,"{""-1"": -1, ""1"": 1}"
E2_CONTEXT_SIGN_FLIP,41021,LEGACY_INDEPENDENT_MC,64,CONTEXT_CONDITIONAL_ONLY,A,,"{""-1"": -1, ""1"": 1}"
E2_CONTEXT_SIGN_FLIP,41021,LEGACY_INDEPENDENT_MC,128,CONTEXT_CONDITIONAL_ONLY,A,,"{""-1"": -1, ""1"": 1}"
E2_CONTEXT_SIGN_FLIP,41021,LEGACY_INDEPENDENT_MC,256,CONTEXT_CONDITIONAL_ONLY,A,,"{""-1"": -1, ""1"": 1}"
E2_CONTEXT_SIGN_FLIP,41022,ANTITHETIC_CRN_MC,8,CONTEXT_CONDITIONAL_ONLY,A,,"{""-1"": -1, ""1"": 1}"
E2_CONTEXT_SIGN_FLIP,41022,ANTITHETIC_CRN_MC,16,CONTEXT_CONDITIONAL_ONLY,A,,"{""-1"": -1, ""1"": 1}"
E2_CONTEXT_SIGN_FLIP,41022,ANTITHETIC_CRN_MC,32,CONTEXT_CONDITIONAL_ONLY,A,,"{""-1"": -1, ""1"": 1}"
E2_CONTEXT_SIGN_FLIP,41022,ANTITHETIC_CRN_MC,64,CONTEXT_CONDITIONAL_ONLY,A,,"{""-1"": -1, ""1"": 1}"
E2_CONTEXT_SIGN_FLIP,41022,ANTITHETIC_CRN_MC,128,CONTEXT_CONDITIONAL_ONLY,A,,"{""-1"": -1, ""1"": 1}"
E2_CONTEXT_SIGN_FLIP,41022,ANTITHETIC_CRN_MC,256,CONTEXT_CONDITIONAL_ONLY,A,,"{""-1"": -1, ""1"": 1}"
E2_CONTEXT_SIGN_FLIP,41022,CRN_CHAIN_MC,8,CONTEXT_CONDITIONAL_ONLY,A,,"{""-1"": -1, ""1"": 1}"
E2_CONTEXT_SIGN_FLIP,41022,CRN_CHAIN_MC,16,CONTEXT_CONDITIONAL_ONLY,A,,"{""-1"": -1, ""1"": 1}"
E2_CONTEXT_SIGN_FLIP,41022,CRN_CHAIN_MC,32,CONTEXT_CONDITIONAL_ONLY,A,,"{""-1"": -1, ""1"": 1}"
E2_CONTEXT_SIGN_FLIP,41022,CRN_CHAIN_MC,64,CONTEXT_CONDITIONAL_ONLY,A,,"{""-1"": -1, ""1"": 1}"
E2_CONTEXT_SIGN_FLIP,41022,CRN_CHAIN_MC,128,CONTEXT_CONDITIONAL_ONLY,A,,"{""-1"": -1, ""1"": 1}"
E2_CONTEXT_SIGN_FLIP,41022,CRN_CHAIN_MC,256,CONTEXT_CONDITIONAL_ONLY,A,,"{""-1"": -1, ""1"": 1}"
E2_CONTEXT_SIGN_FLIP,41022,DOUBLE_ANTITHETIC_CRN_MC,8,CONTEXT_CONDITIONAL_ONLY,A,,"{""-1"": -1, ""1"": 1}"
E2_CONTEXT_SIGN_FLIP,41022,DOUBLE_ANTITHETIC_CRN_MC,16,CONTEXT_CONDITIONAL_ONLY,A,,"{""-1"": -1, ""1"": 1}"
E2_CONTEXT_SIGN_FLIP,41022,DOUBLE_ANTITHETIC_CRN_MC,32,CONTEXT_CONDITIONAL_ONLY,A,,"{""-1"": -1, ""1"": 1}"
E2_CONTEXT_SIGN_FLIP,41022,DOUBLE_ANTITHETIC_CRN_MC,64,CONTEXT_CONDITIONAL_ONLY,A,,"{""-1"": -1, ""1"": 1}"
E2_CONTEXT_SIGN_FLIP,41022,DOUBLE_ANTITHETIC_CRN_MC,128,CONTEXT_CONDITIONAL_ONLY,A,,"{""-1"": -1, ""1"": 1}"
E2_CONTEXT_SIGN_FLIP,41022,DOUBLE_ANTITHETIC_CRN_MC,256,CONTEXT_CONDITIONAL_ONLY,A,,"{""-1"": -1, ""1"": 1}"
E2_CONTEXT_SIGN_FLIP,41022,LEGACY_INDEPENDENT_MC,8,CONTEXT_CONDITIONAL_ONLY,A,,"{""-1"": -1, ""1"": 1}"
E2_CONTEXT_SIGN_FLIP,41022,LEGACY_INDEPENDENT_MC,16,CONTEXT_CONDITIONAL_ONLY,A,,"{""-1"": -1, ""1"": 1}"
E2_CONTEXT_SIGN_FLIP,41022,LEGACY_INDEPENDENT_MC,32,CONTEXT_CONDITIONAL_ONLY,A,,"{""-1"": -1, ""1"": 1}"
E2_CONTEXT_SIGN_FLIP,41022,LEGACY_INDEPENDENT_MC,64,CONTEXT_CONDITIONAL_ONLY,A,,"{""-1"": -1, ""1"": 1}"
E2_CONTEXT_SIGN_FLIP,41022,LEGACY_INDEPENDENT_MC,128,CONTEXT_CONDITIONAL_ONLY,A,,"{""-1"": -1, ""1"": 1}"
E2_CONTEXT_SIGN_FLIP,41022,LEGACY_INDEPENDENT_MC,256,CONTEXT_CONDITIONAL_ONLY,A,,"{""-1"": -1, ""1"": 1}"
E2_CONTEXT_SIGN_FLIP,41023,ANTITHETIC_CRN_MC,8,CONTEXT_CONDITIONAL_ONLY,A,,"{""-1"": -1, ""1"": 1}"
E2_CONTEXT_SIGN_FLIP,41023,ANTITHETIC_CRN_MC,16,CONTEXT_CONDITIONAL_ONLY,A,,"{""-1"": -1, ""1"": 1}"
E2_CONTEXT_SIGN_FLIP,41023,ANTITHETIC_CRN_MC,32,CONTEXT_CONDITIONAL_ONLY,A,,"{""-1"": -1, ""1"": 1}"
E2_CONTEXT_SIGN_FLIP,41023,ANTITHETIC_CRN_MC,64,CONTEXT_CONDITIONAL_ONLY,A,,"{""-1"": -1, ""1"": 1}"
E2_CONTEXT_SIGN_FLIP,41023,ANTITHETIC_CRN_MC,128,CONTEXT_CONDITIONAL_ONLY,A,,"{""-1"": -1, ""1"": 1}"
E2_CONTEXT_SIGN_FLIP,41023,ANTITHETIC_CRN_MC,256,CONTEXT_CONDITIONAL_ONLY,A,,"{""-1"": -1, ""1"": 1}"
E2_CONTEXT_SIGN_FLIP,41023,CRN_CHAIN_MC,8,CONTEXT_CONDITIONAL_ONLY,A,,"{""-1"": -1, ""1"": 1}"
E2_CONTEXT_SIGN_FLIP,41023,CRN_CHAIN_MC,16,CONTEXT_CONDITIONAL_ONLY,A,,"{""-1"": -1, ""1"": 1}"
E2_CONTEXT_SIGN_FLIP,41023,CRN_CHAIN_MC,32,CONTEXT_CONDITIONAL_ONLY,A,,"{""-1"": -1, ""1"": 1}"
E2_CONTEXT_SIGN_FLIP,41023,CRN_CHAIN_MC,64,CONTEXT_CONDITIONAL_ONLY,A,,"{""-1"": -1, ""1"": 1}"
E2_CONTEXT_SIGN_FLIP,41023,CRN_CHAIN_MC,128,CONTEXT_CONDITIONAL_ONLY,A,,"{""-1"": -1, ""1"": 1}"
E2_CONTEXT_SIGN_FLIP,41023,CRN_CHAIN_MC,256,CONTEXT_CONDITIONAL_ONLY,A,,"{""-1"": -1, ""1"": 1}"
E2_CONTEXT_SIGN_FLIP,41023,DOUBLE_ANTITHETIC_CRN_MC,8,CONTEXT_CONDITIONAL_ONLY,A,,"{""-1"": -1, ""1"": 1}"
E2_CONTEXT_SIGN_FLIP,41023,DOUBLE_ANTITHETIC_CRN_MC,16,CONTEXT_CONDITIONAL_ONLY,A,,"{""-1"": -1, ""1"": 1}"
E2_CONTEXT_SIGN_FLIP,41023,DOUBLE_ANTITHETIC_CRN_MC,32,CONTEXT_CONDITIONAL_ONLY,A,,"{""-1"": -1, ""1"": 1}"
E2_CONTEXT_SIGN_FLIP,41023,DOUBLE_ANTITHETIC_CRN_MC,64,CONTEXT_CONDITIONAL_ONLY,A,,"{""-1"": -1, ""1"": 1}"
E2_CONTEXT_SIGN_FLIP,41023,DOUBLE_ANTITHETIC_CRN_MC,128,CONTEXT_CONDITIONAL_ONLY,A,,"{""-1"": -1, ""1"": 1}"
E2_CONTEXT_SIGN_FLIP,41023,DOUBLE_ANTITHETIC_CRN_MC,256,CONTEXT_CONDITIONAL_ONLY,A,,"{""-1"": -1, ""1"": 1}"
E2_CONTEXT_SIGN_FLIP,41023,LEGACY_INDEPENDENT_MC,8,CONTEXT_CONDITIONAL_ONLY,A,,"{""-1"": -1, ""1"": 1}"
E2_CONTEXT_SIGN_FLIP,41023,LEGACY_INDEPENDENT_MC,16,CONTEXT_CONDITIONAL_ONLY,A,,"{""-1"": -1, ""1"": 1}"
E2_CONTEXT_SIGN_FLIP,41023,LEGACY_INDEPENDENT_MC,32,CONTEXT_CONDITIONAL_ONLY,A,,"{""-1"": -1, ""1"": 1}"
E2_CONTEXT_SIGN_FLIP,41023,LEGACY_INDEPENDENT_MC,64,CONTEXT_CONDITIONAL_ONLY,A,,"{""-1"": -1, ""1"": 1}"
E2_CONTEXT_SIGN_FLIP,41023,LEGACY_INDEPENDENT_MC,128,CONTEXT_CONDITIONAL_ONLY,A,,"{""-1"": -1, ""1"": 1}"
E2_CONTEXT_SIGN_FLIP,41023,LEGACY_INDEPENDENT_MC,256,CONTEXT_CONDITIONAL_ONLY,A,,"{""-1"": -1, ""1"": 1}"
E2_CONTEXT_SIGN_FLIP,41024,ANTITHETIC_CRN_MC,8,CONTEXT_CONDITIONAL_ONLY,A,,"{""-1"": -1, ""1"": 1}"
E2_CONTEXT_SIGN_FLIP,41024,ANTITHETIC_CRN_MC,16,CONTEXT_CONDITIONAL_ONLY,A,,"{""-1"": -1, ""1"": 1}"
E2_CONTEXT_SIGN_FLIP,41024,ANTITHETIC_CRN_MC,32,CONTEXT_CONDITIONAL_ONLY,A,,"{""-1"": -1, ""1"": 1}"
E2_CONTEXT_SIGN_FLIP,41024,ANTITHETIC_CRN_MC,64,CONTEXT_CONDITIONAL_ONLY,A,,"{""-1"": -1, ""1"": 1}"
E2_CONTEXT_SIGN_FLIP,41024,ANTITHETIC_CRN_MC,128,CONTEXT_CONDITIONAL_ONLY,A,,"{""-1"": -1, ""1"": 1}"
E2_CONTEXT_SIGN_FLIP,41024,ANTITHETIC_CRN_MC,256,CONTEXT_CONDITIONAL_ONLY,A,,"{""-1"": -1, ""1"": 1}"
E2_CONTEXT_SIGN_FLIP,41024,CRN_CHAIN_MC,8,CONTEXT_CONDITIONAL_ONLY,A,,"{""-1"": -1, ""1"": 1}"
E2_CONTEXT_SIGN_FLIP,41024,CRN_CHAIN_MC,16,CONTEXT_CONDITIONAL_ONLY,A,,"{""-1"": -1, ""1"": 1}"
E2_CONTEXT_SIGN_FLIP,41024,CRN_CHAIN_MC,32,CONTEXT_CONDITIONAL_ONLY,A,,"{""-1"": -1, ""1"": 1}"
E2_CONTEXT_SIGN_FLIP,41024,CRN_CHAIN_MC,64,CONTEXT_CONDITIONAL_ONLY,A,,"{""-1"": -1, ""1"": 1}"
E2_CONTEXT_SIGN_FLIP,41024,CRN_CHAIN_MC,128,CONTEXT_CONDITIONAL_ONLY,A,,"{""-1"": -1, ""1"": 1}"
E2_CONTEXT_SIGN_FLIP,41024,CRN_CHAIN_MC,256,CONTEXT_CONDITIONAL_ONLY,A,,"{""-1"": -1, ""1"": 1}"
E2_CONTEXT_SIGN_FLIP,41024,DOUBLE_ANTITHETIC_CRN_MC,8,CONTEXT_CONDITIONAL_ONLY,A,,"{""-1"": -1, ""1"": 1}"
E2_CONTEXT_SIGN_FLIP,41024,DOUBLE_ANTITHETIC_CRN_MC,16,CONTEXT_CONDITIONAL_ONLY,A,,"{""-1"": -1, ""1"": 1}"
E2_CONTEXT_SIGN_FLIP,41024,DOUBLE_ANTITHETIC_CRN_MC,32,CONTEXT_CONDITIONAL_ONLY,A,,"{""-1"": -1, ""1"": 1}"
E2_CONTEXT_SIGN_FLIP,41024,DOUBLE_ANTITHETIC_CRN_MC,64,CONTEXT_CONDITIONAL_ONLY,A,,"{""-1"": -1, ""1"": 1}"
E2_CONTEXT_SIGN_FLIP,41024,DOUBLE_ANTITHETIC_CRN_MC,128,CONTEXT_CONDITIONAL_ONLY,A,,"{""-1"": -1, ""1"": 1}"
E2_CONTEXT_SIGN_FLIP,41024,DOUBLE_ANTITHETIC_CRN_MC,256,CONTEXT_CONDITIONAL_ONLY,A,,"{""-1"": -1, ""1"": 1}"
E2_CONTEXT_SIGN_FLIP,41024,LEGACY_INDEPENDENT_MC,8,CONTEXT_CONDITIONAL_ONLY,A,,"{""-1"": -1, ""1"": 1}"
E2_CONTEXT_SIGN_FLIP,41024,LEGACY_INDEPENDENT_MC,16,CONTEXT_CONDITIONAL_ONLY,A,,"{""-1"": -1, ""1"": 1}"
E2_CONTEXT_SIGN_FLIP,41024,LEGACY_INDEPENDENT_MC,32,CONTEXT_CONDITIONAL_ONLY,A,,"{""-1"": -1, ""1"": 1}"
E2_CONTEXT_SIGN_FLIP,41024,LEGACY_INDEPENDENT_MC,64,CONTEXT_CONDITIONAL_ONLY,A,,"{""-1"": -1, ""1"": 1}"
E2_CONTEXT_SIGN_FLIP,41024,LEGACY_INDEPENDENT_MC,128,CONTEXT_CONDITIONAL_ONLY,A,,"{""-1"": -1, ""1"": 1}"
E2_CONTEXT_SIGN_FLIP,41024,LEGACY_INDEPENDENT_MC,256,CONTEXT_CONDITIONAL_ONLY,A,,"{""-1"": -1, ""1"": 1}"
E2_CONTEXT_SIGN_FLIP,41025,ANTITHETIC_CRN_MC,8,CONTEXT_CONDITIONAL_ONLY,A,,"{""-1"": -1, ""1"": 1}"
E2_CONTEXT_SIGN_FLIP,41025,ANTITHETIC_CRN_MC,16,CONTEXT_CONDITIONAL_ONLY,A,,"{""-1"": -1, ""1"": 1}"
E2_CONTEXT_SIGN_FLIP,41025,ANTITHETIC_CRN_MC,32,CONTEXT_CONDITIONAL_ONLY,A,,"{""-1"": -1, ""1"": 1}"
E2_CONTEXT_SIGN_FLIP,41025,ANTITHETIC_CRN_MC,64,CONTEXT_CONDITIONAL_ONLY,A,,"{""-1"": -1, ""1"": 1}"
E2_CONTEXT_SIGN_FLIP,41025,ANTITHETIC_CRN_MC,128,CONTEXT_CONDITIONAL_ONLY,A,,"{""-1"": -1, ""1"": 1}"
E2_CONTEXT_SIGN_FLIP,41025,ANTITHETIC_CRN_MC,256,CONTEXT_CONDITIONAL_ONLY,A,,"{""-1"": -1, ""1"": 1}"
E2_CONTEXT_SIGN_FLIP,41025,CRN_CHAIN_MC,8,CONTEXT_CONDITIONAL_ONLY,A,,"{""-1"": -1, ""1"": 1}"
E2_CONTEXT_SIGN_FLIP,41025,CRN_CHAIN_MC,16,CONTEXT_CONDITIONAL_ONLY,A,,"{""-1"": -1, ""1"": 1}"
E2_CONTEXT_SIGN_FLIP,41025,CRN_CHAIN_MC,32,CONTEXT_CONDITIONAL_ONLY,A,,"{""-1"": -1, ""1"": 1}"
E2_CONTEXT_SIGN_FLIP,41025,CRN_CHAIN_MC,64,CONTEXT_CONDITIONAL_ONLY,A,,"{""-1"": -1, ""1"": 1}"
E2_CONTEXT_SIGN_FLIP,41025,CRN_CHAIN_MC,128,CONTEXT_CONDITIONAL_ONLY,A,,"{""-1"": -1, ""1"": 1}"
E2_CONTEXT_SIGN_FLIP,41025,CRN_CHAIN_MC,256,CONTEXT_CONDITIONAL_ONLY,A,,"{""-1"": -1, ""1"": 1}"
E2_CONTEXT_SIGN_FLIP,41025,DOUBLE_ANTITHETIC_CRN_MC,8,CONTEXT_CONDITIONAL_ONLY,A,,"{""-1"": -1, ""1"": 1}"
E2_CONTEXT_SIGN_FLIP,41025,DOUBLE_ANTITHETIC_CRN_MC,16,CONTEXT_CONDITIONAL_ONLY,A,,"{""-1"": -1, ""1"": 1}"
E2_CONTEXT_SIGN_FLIP,41025,DOUBLE_ANTITHETIC_CRN_MC,32,CONTEXT_CONDITIONAL_ONLY,A,,"{""-1"": -1, ""1"": 1}"
E2_CONTEXT_SIGN_FLIP,41025,DOUBLE_ANTITHETIC_CRN_MC,64,CONTEXT_CONDITIONAL_ONLY,A,,"{""-1"": -1, ""1"": 1}"
E2_CONTEXT_SIGN_FLIP,41025,DOUBLE_ANTITHETIC_CRN_MC,128,CONTEXT_CONDITIONAL_ONLY,A,,"{""-1"": -1, ""1"": 1}"
E2_CONTEXT_SIGN_FLIP,41025,DOUBLE_ANTITHETIC_CRN_MC,256,CONTEXT_CONDITIONAL_ONLY,A,,"{""-1"": -1, ""1"": 1}"
E2_CONTEXT_SIGN_FLIP,41025,LEGACY_INDEPENDENT_MC,8,CONTEXT_CONDITIONAL_ONLY,A,,"{""-1"": -1, ""1"": 1}"
E2_CONTEXT_SIGN_FLIP,41025,LEGACY_INDEPENDENT_MC,16,CONTEXT_CONDITIONAL_ONLY,A,,"{""-1"": -1, ""1"": 1}"
E2_CONTEXT_SIGN_FLIP,41025,LEGACY_INDEPENDENT_MC,32,CONTEXT_CONDITIONAL_ONLY,A,,"{""-1"": -1, ""1"": 1}"
E2_CONTEXT_SIGN_FLIP,41025,LEGACY_INDEPENDENT_MC,64,CONTEXT_CONDITIONAL_ONLY,A,,"{""-1"": -1, ""1"": 1}"
E2_CONTEXT_SIGN_FLIP,41025,LEGACY_INDEPENDENT_MC,128,CONTEXT_CONDITIONAL_ONLY,A,,"{""-1"": -1, ""1"": 1}"
E2_CONTEXT_SIGN_FLIP,41025,LEGACY_INDEPENDENT_MC,256,CONTEXT_CONDITIONAL_ONLY,A,,"{""-1"": -1, ""1"": 1}"
E2_CONTEXT_SIGN_FLIP,41026,ANTITHETIC_CRN_MC,8,CONTEXT_CONDITIONAL_ONLY,A,,"{""-1"": -1, ""1"": 1}"
E2_CONTEXT_SIGN_FLIP,41026,ANTITHETIC_CRN_MC,16,CONTEXT_CONDITIONAL_ONLY,A,,"{""-1"": -1, ""1"": 1}"
E2_CONTEXT_SIGN_FLIP,41026,ANTITHETIC_CRN_MC,32,CONTEXT_CONDITIONAL_ONLY,A,,"{""-1"": -1, ""1"": 1}"
E2_CONTEXT_SIGN_FLIP,41026,ANTITHETIC_CRN_MC,64,CONTEXT_CONDITIONAL_ONLY,A,,"{""-1"": -1, ""1"": 1}"
E2_CONTEXT_SIGN_FLIP,41026,ANTITHETIC_CRN_MC,128,CONTEXT_CONDITIONAL_ONLY,A,,"{""-1"": -1, ""1"": 1}"
E2_CONTEXT_SIGN_FLIP,41026,ANTITHETIC_CRN_MC,256,CONTEXT_CONDITIONAL_ONLY,A,,"{""-1"": -1, ""1"": 1}"
E2_CONTEXT_SIGN_FLIP,41026,CRN_CHAIN_MC,8,CONTEXT_CONDITIONAL_ONLY,A,,"{""-1"": -1, ""1"": 1}"
E2_CONTEXT_SIGN_FLIP,41026,CRN_CHAIN_MC,16,CONTEXT_CONDITIONAL_ONLY,A,,"{""-1"": -1, ""1"": 1}"
E2_CONTEXT_SIGN_FLIP,41026,CRN_CHAIN_MC,32,CONTEXT_CONDITIONAL_ONLY,A,,"{""-1"": -1, ""1"": 1}"
E2_CONTEXT_SIGN_FLIP,41026,CRN_CHAIN_MC,64,CONTEXT_CONDITIONAL_ONLY,A,,"{""-1"": -1, ""1"": 1}"
E2_CONTEXT_SIGN_FLIP,41026,CRN_CHAIN_MC,128,CONTEXT_CONDITIONAL_ONLY,A,,"{""-1"": -1, ""1"": 1}"
E2_CONTEXT_SIGN_FLIP,41026,CRN_CHAIN_MC,256,CONTEXT_CONDITIONAL_ONLY,A,,"{""-1"": -1, ""1"": 1}"
E2_CONTEXT_SIGN_FLIP,41026,DOUBLE_ANTITHETIC_CRN_MC,8,CONTEXT_CONDITIONAL_ONLY,A,,"{""-1"": -1, ""1"": 1}"
E2_CONTEXT_SIGN_FLIP,41026,DOUBLE_ANTITHETIC_CRN_MC,16,CONTEXT_CONDITIONAL_ONLY,A,,"{""-1"": -1, ""1"": 1}"
E2_CONTEXT_SIGN_FLIP,41026,DOUBLE_ANTITHETIC_CRN_MC,32,CONTEXT_CONDITIONAL_ONLY,A,,"{""-1"": -1, ""1"": 1}"
E2_CONTEXT_SIGN_FLIP,41026,DOUBLE_ANTITHETIC_CRN_MC,64,CONTEXT_CONDITIONAL_ONLY,A,,"{""-1"": -1, ""1"": 1}"
E2_CONTEXT_SIGN_FLIP,41026,DOUBLE_ANTITHETIC_CRN_MC,128,CONTEXT_CONDITIONAL_ONLY,A,,"{""-1"": -1, ""1"": 1}"
E2_CONTEXT_SIGN_FLIP,41026,DOUBLE_ANTITHETIC_CRN_MC,256,CONTEXT_CONDITIONAL_ONLY,A,,"{""-1"": -1, ""1"": 1}"
E2_CONTEXT_SIGN_FLIP,41026,LEGACY_INDEPENDENT_MC,8,CONTEXT_CONDITIONAL_ONLY,A,,"{""-1"": -1, ""1"": 1}"
E2_CONTEXT_SIGN_FLIP,41026,LEGACY_INDEPENDENT_MC,16,CONTEXT_CONDITIONAL_ONLY,A,,"{""-1"": -1, ""1"": 1}"
E2_CONTEXT_SIGN_FLIP,41026,LEGACY_INDEPENDENT_MC,32,CONTEXT_CONDITIONAL_ONLY,A,,"{""-1"": -1, ""1"": 1}"
E2_CONTEXT_SIGN_FLIP,41026,LEGACY_INDEPENDENT_MC,64,CONTEXT_CONDITIONAL_ONLY,A,,"{""-1"": -1, ""1"": 1}"
E2_CONTEXT_SIGN_FLIP,41026,LEGACY_INDEPENDENT_MC,128,CONTEXT_CONDITIONAL_ONLY,A,,"{""-1"": -1, ""1"": 1}"
E2_CONTEXT_SIGN_FLIP,41026,LEGACY_INDEPENDENT_MC,256,CONTEXT_CONDITIONAL_ONLY,A,,"{""-1"": -1, ""1"": 1}"
E2_CONTEXT_SIGN_FLIP,41027,ANTITHETIC_CRN_MC,8,CONTEXT_CONDITIONAL_ONLY,A,,"{""-1"": -1, ""1"": 1}"
E2_CONTEXT_SIGN_FLIP,41027,ANTITHETIC_CRN_MC,16,CONTEXT_CONDITIONAL_ONLY,A,,"{""-1"": -1, ""1"": 1}"
E2_CONTEXT_SIGN_FLIP,41027,ANTITHETIC_CRN_MC,32,CONTEXT_CONDITIONAL_ONLY,A,,"{""-1"": -1, ""1"": 1}"
E2_CONTEXT_SIGN_FLIP,41027,ANTITHETIC_CRN_MC,64,CONTEXT_CONDITIONAL_ONLY,A,,"{""-1"": -1, ""1"": 1}"
E2_CONTEXT_SIGN_FLIP,41027,ANTITHETIC_CRN_MC,128,CONTEXT_CONDITIONAL_ONLY,A,,"{""-1"": -1, ""1"": 1}"
E2_CONTEXT_SIGN_FLIP,41027,ANTITHETIC_CRN_MC,256,CONTEXT_CONDITIONAL_ONLY,A,,"{""-1"": -1, ""1"": 1}"
E2_CONTEXT_SIGN_FLIP,41027,CRN_CHAIN_MC,8,CONTEXT_CONDITIONAL_ONLY,A,,"{""-1"": -1, ""1"": 1}"
E2_CONTEXT_SIGN_FLIP,41027,CRN_CHAIN_MC,16,CONTEXT_CONDITIONAL_ONLY,A,,"{""-1"": -1, ""1"": 1}"
E2_CONTEXT_SIGN_FLIP,41027,CRN_CHAIN_MC,32,CONTEXT_CONDITIONAL_ONLY,A,,"{""-1"": -1, ""1"": 1}"
E2_CONTEXT_SIGN_FLIP,41027,CRN_CHAIN_MC,64,CONTEXT_CONDITIONAL_ONLY,A,,"{""-1"": -1, ""1"": 1}"
E2_CONTEXT_SIGN_FLIP,41027,CRN_CHAIN_MC,128,CONTEXT_CONDITIONAL_ONLY,A,,"{""-1"": -1, ""1"": 1}"
E2_CONTEXT_SIGN_FLIP,41027,CRN_CHAIN_MC,256,CONTEXT_CONDITIONAL_ONLY,A,,"{""-1"": -1, ""1"": 1}"
E2_CONTEXT_SIGN_FLIP,41027,DOUBLE_ANTITHETIC_CRN_MC,8,CONTEXT_CONDITIONAL_ONLY,A,,"{""-1"": -1, ""1"": 1}"
E2_CONTEXT_SIGN_FLIP,41027,DOUBLE_ANTITHETIC_CRN_MC,16,CONTEXT_CONDITIONAL_ONLY,A,,"{""-1"": -1, ""1"": 1}"
E2_CONTEXT_SIGN_FLIP,41027,DOUBLE_ANTITHETIC_CRN_MC,32,CONTEXT_CONDITIONAL_ONLY,A,,"{""-1"": -1, ""1"": 1}"
E2_CONTEXT_SIGN_FLIP,41027,DOUBLE_ANTITHETIC_CRN_MC,64,CONTEXT_CONDITIONAL_ONLY,A,,"{""-1"": -1, ""1"": 1}"
E2_CONTEXT_SIGN_FLIP,41027,DOUBLE_ANTITHETIC_CRN_MC,128,CONTEXT_CONDITIONAL_ONLY,A,,"{""-1"": -1, ""1"": 1}"
E2_CONTEXT_SIGN_FLIP,41027,DOUBLE_ANTITHETIC_CRN_MC,256,CONTEXT_CONDITIONAL_ONLY,A,,"{""-1"": -1, ""1"": 1}"
E2_CONTEXT_SIGN_FLIP,41027,LEGACY_INDEPENDENT_MC,8,CONTEXT_CONDITIONAL_ONLY,A,,"{""-1"": -1, ""1"": 1}"
E2_CONTEXT_SIGN_FLIP,41027,LEGACY_INDEPENDENT_MC,16,CONTEXT_CONDITIONAL_ONLY,A,,"{""-1"": -1, ""1"": 1}"
E2_CONTEXT_SIGN_FLIP,41027,LEGACY_INDEPENDENT_MC,32,CONTEXT_CONDITIONAL_ONLY,A,,"{""-1"": -1, ""1"": 1}"
E2_CONTEXT_SIGN_FLIP,41027,LEGACY_INDEPENDENT_MC,64,CONTEXT_CONDITIONAL_ONLY,A,,"{""-1"": -1, ""1"": 1}"
E2_CONTEXT_SIGN_FLIP,41027,LEGACY_INDEPENDENT_MC,128,CONTEXT_CONDITIONAL_ONLY,A,,"{""-1"": -1, ""1"": 1}"
E2_CONTEXT_SIGN_FLIP,41027,LEGACY_INDEPENDENT_MC,256,CONTEXT_CONDITIONAL_ONLY,A,,"{""-1"": -1, ""1"": 1}"
E2_CONTEXT_SIGN_FLIP,41028,ANTITHETIC_CRN_MC,8,CONTEXT_CONDITIONAL_ONLY,A,,"{""-1"": -1, ""1"": 1}"
E2_CONTEXT_SIGN_FLIP,41028,ANTITHETIC_CRN_MC,16,CONTEXT_CONDITIONAL_ONLY,A,,"{""-1"": -1, ""1"": 1}"
E2_CONTEXT_SIGN_FLIP,41028,ANTITHETIC_CRN_MC,32,CONTEXT_CONDITIONAL_ONLY,A,,"{""-1"": -1, ""1"": 1}"
E2_CONTEXT_SIGN_FLIP,41028,ANTITHETIC_CRN_MC,64,CONTEXT_CONDITIONAL_ONLY,A,,"{""-1"": -1, ""1"": 1}"
E2_CONTEXT_SIGN_FLIP,41028,ANTITHETIC_CRN_MC,128,CONTEXT_CONDITIONAL_ONLY,A,,"{""-1"": -1, ""1"": 1}"
E2_CONTEXT_SIGN_FLIP,41028,ANTITHETIC_CRN_MC,256,CONTEXT_CONDITIONAL_ONLY,A,,"{""-1"": -1, ""1"": 1}"
E2_CONTEXT_SIGN_FLIP,41028,CRN_CHAIN_MC,8,CONTEXT_CONDITIONAL_ONLY,A,,"{""-1"": -1, ""1"": 1}"
E2_CONTEXT_SIGN_FLIP,41028,CRN_CHAIN_MC,16,CONTEXT_CONDITIONAL_ONLY,A,,"{""-1"": -1, ""1"": 1}"
E2_CONTEXT_SIGN_FLIP,41028,CRN_CHAIN_MC,32,CONTEXT_CONDITIONAL_ONLY,A,,"{""-1"": -1, ""1"": 1}"
E2_CONTEXT_SIGN_FLIP,41028,CRN_CHAIN_MC,64,CONTEXT_CONDITIONAL_ONLY,A,,"{""-1"": -1, ""1"": 1}"
E2_CONTEXT_SIGN_FLIP,41028,CRN_CHAIN_MC,128,CONTEXT_CONDITIONAL_ONLY,A,,"{""-1"": -1, ""1"": 1}"
E2_CONTEXT_SIGN_FLIP,41028,CRN_CHAIN_MC,256,CONTEXT_CONDITIONAL_ONLY,A,,"{""-1"": -1, ""1"": 1}"
E2_CONTEXT_SIGN_FLIP,41028,DOUBLE_ANTITHETIC_CRN_MC,8,CONTEXT_CONDITIONAL_ONLY,A,,"{""-1"": -1, ""1"": 1}"
E2_CONTEXT_SIGN_FLIP,41028,DOUBLE_ANTITHETIC_CRN_MC,16,CONTEXT_CONDITIONAL_ONLY,A,,"{""-1"": -1, ""1"": 1}"
E2_CONTEXT_SIGN_FLIP,41028,DOUBLE_ANTITHETIC_CRN_MC,32,CONTEXT_CONDITIONAL_ONLY,A,,"{""-1"": -1, ""1"": 1}"
E2_CONTEXT_SIGN_FLIP,41028,DOUBLE_ANTITHETIC_CRN_MC,64,CONTEXT_CONDITIONAL_ONLY,A,,"{""-1"": -1, ""1"": 1}"
E2_CONTEXT_SIGN_FLIP,41028,DOUBLE_ANTITHETIC_CRN_MC,128,CONTEXT_CONDITIONAL_ONLY,A,,"{""-1"": -1, ""1"": 1}"
E2_CONTEXT_SIGN_FLIP,41028,DOUBLE_ANTITHETIC_CRN_MC,256,CONTEXT_CONDITIONAL_ONLY,A,,"{""-1"": -1, ""1"": 1}"
E2_CONTEXT_SIGN_FLIP,41028,LEGACY_INDEPENDENT_MC,8,CONTEXT_CONDITIONAL_ONLY,A,,"{""-1"": -1, ""1"": 1}"
E2_CONTEXT_SIGN_FLIP,41028,LEGACY_INDEPENDENT_MC,16,CONTEXT_CONDITIONAL_ONLY,A,,"{""-1"": -1, ""1"": 1}"
E2_CONTEXT_SIGN_FLIP,41028,LEGACY_INDEPENDENT_MC,32,CONTEXT_CONDITIONAL_ONLY,A,,"{""-1"": -1, ""1"": 1}"
E2_CONTEXT_SIGN_FLIP,41028,LEGACY_INDEPENDENT_MC,64,CONTEXT_CONDITIONAL_ONLY,A,,"{""-1"": -1, ""1"": 1}"
E2_CONTEXT_SIGN_FLIP,41028,LEGACY_INDEPENDENT_MC,128,CONTEXT_CONDITIONAL_ONLY,A,,"{""-1"": -1, ""1"": 1}"
E2_CONTEXT_SIGN_FLIP,41028,LEGACY_INDEPENDENT_MC,256,CONTEXT_CONDITIONAL_ONLY,A,,"{""-1"": -1, ""1"": 1}"
E2_CONTEXT_SIGN_FLIP,41029,ANTITHETIC_CRN_MC,8,CONTEXT_CONDITIONAL_ONLY,A,,"{""-1"": -1, ""1"": 1}"
E2_CONTEXT_SIGN_FLIP,41029,ANTITHETIC_CRN_MC,16,CONTEXT_CONDITIONAL_ONLY,A,,"{""-1"": -1, ""1"": 1}"
E2_CONTEXT_SIGN_FLIP,41029,ANTITHETIC_CRN_MC,32,CONTEXT_CONDITIONAL_ONLY,A,,"{""-1"": -1, ""1"": 1}"
E2_CONTEXT_SIGN_FLIP,41029,ANTITHETIC_CRN_MC,64,CONTEXT_CONDITIONAL_ONLY,A,,"{""-1"": -1, ""1"": 1}"
E2_CONTEXT_SIGN_FLIP,41029,ANTITHETIC_CRN_MC,128,CONTEXT_CONDITIONAL_ONLY,A,,"{""-1"": -1, ""1"": 1}"
E2_CONTEXT_SIGN_FLIP,41029,ANTITHETIC_CRN_MC,256,CONTEXT_CONDITIONAL_ONLY,A,,"{""-1"": -1, ""1"": 1}"
E2_CONTEXT_SIGN_FLIP,41029,CRN_CHAIN_MC,8,CONTEXT_CONDITIONAL_ONLY,A,,"{""-1"": -1, ""1"": 1}"
E2_CONTEXT_SIGN_FLIP,41029,CRN_CHAIN_MC,16,CONTEXT_CONDITIONAL_ONLY,A,,"{""-1"": -1, ""1"": 1}"
E2_CONTEXT_SIGN_FLIP,41029,CRN_CHAIN_MC,32,CONTEXT_CONDITIONAL_ONLY,A,,"{""-1"": -1, ""1"": 1}"
E2_CONTEXT_SIGN_FLIP,41029,CRN_CHAIN_MC,64,CONTEXT_CONDITIONAL_ONLY,A,,"{""-1"": -1, ""1"": 1}"
E2_CONTEXT_SIGN_FLIP,41029,CRN_CHAIN_MC,128,CONTEXT_CONDITIONAL_ONLY,A,,"{""-1"": -1, ""1"": 1}"
E2_CONTEXT_SIGN_FLIP,41029,CRN_CHAIN_MC,256,CONTEXT_CONDITIONAL_ONLY,A,,"{""-1"": -1, ""1"": 1}"
E2_CONTEXT_SIGN_FLIP,41029,DOUBLE_ANTITHETIC_CRN_MC,8,CONTEXT_CONDITIONAL_ONLY,A,,"{""-1"": -1, ""1"": 1}"
E2_CONTEXT_SIGN_FLIP,41029,DOUBLE_ANTITHETIC_CRN_MC,16,CONTEXT_CONDITIONAL_ONLY,A,,"{""-1"": -1, ""1"": 1}"
E2_CONTEXT_SIGN_FLIP,41029,DOUBLE_ANTITHETIC_CRN_MC,32,CONTEXT_CONDITIONAL_ONLY,A,,"{""-1"": -1, ""1"": 1}"
E2_CONTEXT_SIGN_FLIP,41029,DOUBLE_ANTITHETIC_CRN_MC,64,CONTEXT_CONDITIONAL_ONLY,A,,"{""-1"": -1, ""1"": 1}"
E2_CONTEXT_SIGN_FLIP,41029,DOUBLE_ANTITHETIC_CRN_MC,128,CONTEXT_CONDITIONAL_ONLY,A,,"{""-1"": -1, ""1"": 1}"
E2_CONTEXT_SIGN_FLIP,41029,DOUBLE_ANTITHETIC_CRN_MC,256,CONTEXT_CONDITIONAL_ONLY,A,,"{""-1"": -1, ""1"": 1}"
E2_CONTEXT_SIGN_FLIP,41029,LEGACY_INDEPENDENT_MC,8,CONTEXT_CONDITIONAL_ONLY,A,,"{""-1"": -1, ""1"": 1}"
E2_CONTEXT_SIGN_FLIP,41029,LEGACY_INDEPENDENT_MC,16,CONTEXT_CONDITIONAL_ONLY,A,,"{""-1"": -1, ""1"": 1}"
E2_CONTEXT_SIGN_FLIP,41029,LEGACY_INDEPENDENT_MC,32,CONTEXT_CONDITIONAL_ONLY,A,,"{""-1"": -1, ""1"": 1}"
E2_CONTEXT_SIGN_FLIP,41029,LEGACY_INDEPENDENT_MC,64,CONTEXT_CONDITIONAL_ONLY,A,,"{""-1"": -1, ""1"": 1}"
E2_CONTEXT_SIGN_FLIP,41029,LEGACY_INDEPENDENT_MC,128,CONTEXT_CONDITIONAL_ONLY,A,,"{""-1"": -1, ""1"": 1}"
E2_CONTEXT_SIGN_FLIP,41029,LEGACY_INDEPENDENT_MC,256,CONTEXT_CONDITIONAL_ONLY,A,,"{""-1"": -1, ""1"": 1}"
E2_CONTEXT_SIGN_FLIP,41030,ANTITHETIC_CRN_MC,8,CONTEXT_CONDITIONAL_ONLY,A,,"{""-1"": -1, ""1"": 1}"
E2_CONTEXT_SIGN_FLIP,41030,ANTITHETIC_CRN_MC,16,CONTEXT_CONDITIONAL_ONLY,A,,"{""-1"": -1, ""1"": 1}"
E2_CONTEXT_SIGN_FLIP,41030,ANTITHETIC_CRN_MC,32,CONTEXT_CONDITIONAL_ONLY,A,,"{""-1"": -1, ""1"": 1}"
E2_CONTEXT_SIGN_FLIP,41030,ANTITHETIC_CRN_MC,64,CONTEXT_CONDITIONAL_ONLY,A,,"{""-1"": -1, ""1"": 1}"
E2_CONTEXT_SIGN_FLIP,41030,ANTITHETIC_CRN_MC,128,CONTEXT_CONDITIONAL_ONLY,A,,"{""-1"": -1, ""1"": 1}"
E2_CONTEXT_SIGN_FLIP,41030,ANTITHETIC_CRN_MC,256,CONTEXT_CONDITIONAL_ONLY,A,,"{""-1"": -1, ""1"": 1}"
E2_CONTEXT_SIGN_FLIP,41030,CRN_CHAIN_MC,8,CONTEXT_CONDITIONAL_ONLY,A,,"{""-1"": -1, ""1"": 1}"
E2_CONTEXT_SIGN_FLIP,41030,CRN_CHAIN_MC,16,CONTEXT_CONDITIONAL_ONLY,A,,"{""-1"": -1, ""1"": 1}"
E2_CONTEXT_SIGN_FLIP,41030,CRN_CHAIN_MC,32,CONTEXT_CONDITIONAL_ONLY,A,,"{""-1"": -1, ""1"": 1}"
E2_CONTEXT_SIGN_FLIP,41030,CRN_CHAIN_MC,64,CONTEXT_CONDITIONAL_ONLY,A,,"{""-1"": -1, ""1"": 1}"
E2_CONTEXT_SIGN_FLIP,41030,CRN_CHAIN_MC,128,CONTEXT_CONDITIONAL_ONLY,A,,"{""-1"": -1, ""1"": 1}"
E2_CONTEXT_SIGN_FLIP,41030,CRN_CHAIN_MC,256,CONTEXT_CONDITIONAL_ONLY,A,,"{""-1"": -1, ""1"": 1}"
E2_CONTEXT_SIGN_FLIP,41030,DOUBLE_ANTITHETIC_CRN_MC,8,CONTEXT_CONDITIONAL_ONLY,A,,"{""-1"": -1, ""1"": 1}"
E2_CONTEXT_SIGN_FLIP,41030,DOUBLE_ANTITHETIC_CRN_MC,16,CONTEXT_CONDITIONAL_ONLY,A,,"{""-1"": -1, ""1"": 1}"
E2_CONTEXT_SIGN_FLIP,41030,DOUBLE_ANTITHETIC_CRN_MC,32,CONTEXT_CONDITIONAL_ONLY,A,,"{""-1"": -1, ""1"": 1}"
E2_CONTEXT_SIGN_FLIP,41030,DOUBLE_ANTITHETIC_CRN_MC,64,CONTEXT_CONDITIONAL_ONLY,A,,"{""-1"": -1, ""1"": 1}"
E2_CONTEXT_SIGN_FLIP,41030,DOUBLE_ANTITHETIC_CRN_MC,128,CONTEXT_CONDITIONAL_ONLY,A,,"{""-1"": -1, ""1"": 1}"
E2_CONTEXT_SIGN_FLIP,41030,DOUBLE_ANTITHETIC_CRN_MC,256,CONTEXT_CONDITIONAL_ONLY,A,,"{""-1"": -1, ""1"": 1}"
E2_CONTEXT_SIGN_FLIP,41030,LEGACY_INDEPENDENT_MC,8,CONTEXT_CONDITIONAL_ONLY,A,,"{""-1"": -1, ""1"": 1}"
E2_CONTEXT_SIGN_FLIP,41030,LEGACY_INDEPENDENT_MC,16,CONTEXT_CONDITIONAL_ONLY,A,,"{""-1"": -1, ""1"": 1}"
E2_CONTEXT_SIGN_FLIP,41030,LEGACY_INDEPENDENT_MC,32,CONTEXT_CONDITIONAL_ONLY,A,,"{""-1"": -1, ""1"": 1}"
E2_CONTEXT_SIGN_FLIP,41030,LEGACY_INDEPENDENT_MC,64,CONTEXT_CONDITIONAL_ONLY,A,,"{""-1"": -1, ""1"": 1}"
E2_CONTEXT_SIGN_FLIP,41030,LEGACY_INDEPENDENT_MC,128,CONTEXT_CONDITIONAL_ONLY,A,,"{""-1"": -1, ""1"": 1}"
E2_CONTEXT_SIGN_FLIP,41030,LEGACY_INDEPENDENT_MC,256,CONTEXT_CONDITIONAL_ONLY,A,,"{""-1"": -1, ""1"": 1}"
E2_CONTEXT_SIGN_FLIP,41031,ANTITHETIC_CRN_MC,8,CONTEXT_CONDITIONAL_ONLY,A,,"{""-1"": -1, ""1"": 1}"
E2_CONTEXT_SIGN_FLIP,41031,ANTITHETIC_CRN_MC,16,CONTEXT_CONDITIONAL_ONLY,A,,"{""-1"": -1, ""1"": 1}"
E2_CONTEXT_SIGN_FLIP,41031,ANTITHETIC_CRN_MC,32,CONTEXT_CONDITIONAL_ONLY,A,,"{""-1"": -1, ""1"": 1}"
E2_CONTEXT_SIGN_FLIP,41031,ANTITHETIC_CRN_MC,64,CONTEXT_CONDITIONAL_ONLY,A,,"{""-1"": -1, ""1"": 1}"
E2_CONTEXT_SIGN_FLIP,41031,ANTITHETIC_CRN_MC,128,CONTEXT_CONDITIONAL_ONLY,A,,"{""-1"": -1, ""1"": 1}"
E2_CONTEXT_SIGN_FLIP,41031,ANTITHETIC_CRN_MC,256,CONTEXT_CONDITIONAL_ONLY,A,,"{""-1"": -1, ""1"": 1}"
E2_CONTEXT_SIGN_FLIP,41031,CRN_CHAIN_MC,8,CONTEXT_CONDITIONAL_ONLY,A,,"{""-1"": -1, ""1"": 1}"
E2_CONTEXT_SIGN_FLIP,41031,CRN_CHAIN_MC,16,CONTEXT_CONDITIONAL_ONLY,A,,"{""-1"": -1, ""1"": 1}"
E2_CONTEXT_SIGN_FLIP,41031,CRN_CHAIN_MC,32,CONTEXT_CONDITIONAL_ONLY,A,,"{""-1"": -1, ""1"": 1}"
E2_CONTEXT_SIGN_FLIP,41031,CRN_CHAIN_MC,64,CONTEXT_CONDITIONAL_ONLY,A,,"{""-1"": -1, ""1"": 1}"
E2_CONTEXT_SIGN_FLIP,41031,CRN_CHAIN_MC,128,CONTEXT_CONDITIONAL_ONLY,A,,"{""-1"": -1, ""1"": 1}"
E2_CONTEXT_SIGN_FLIP,41031,CRN_CHAIN_MC,256,CONTEXT_CONDITIONAL_ONLY,A,,"{""-1"": -1, ""1"": 1}"
E2_CONTEXT_SIGN_FLIP,41031,DOUBLE_ANTITHETIC_CRN_MC,8,CONTEXT_CONDITIONAL_ONLY,A,,"{""-1"": -1, ""1"": 1}"
E2_CONTEXT_SIGN_FLIP,41031,DOUBLE_ANTITHETIC_CRN_MC,16,CONTEXT_CONDITIONAL_ONLY,A,,"{""-1"": -1, ""1"": 1}"
E2_CONTEXT_SIGN_FLIP,41031,DOUBLE_ANTITHETIC_CRN_MC,32,CONTEXT_CONDITIONAL_ONLY,A,,"{""-1"": -1, ""1"": 1}"
E2_CONTEXT_SIGN_FLIP,41031,DOUBLE_ANTITHETIC_CRN_MC,64,CONTEXT_CONDITIONAL_ONLY,A,,"{""-1"": -1, ""1"": 1}"
E2_CONTEXT_SIGN_FLIP,41031,DOUBLE_ANTITHETIC_CRN_MC,128,CONTEXT_CONDITIONAL_ONLY,A,,"{""-1"": -1, ""1"": 1}"
E2_CONTEXT_SIGN_FLIP,41031,DOUBLE_ANTITHETIC_CRN_MC,256,CONTEXT_CONDITIONAL_ONLY,A,,"{""-1"": -1, ""1"": 1}"
E2_CONTEXT_SIGN_FLIP,41031,LEGACY_INDEPENDENT_MC,8,CONTEXT_CONDITIONAL_ONLY,A,,"{""-1"": -1, ""1"": 1}"
E2_CONTEXT_SIGN_FLIP,41031,LEGACY_INDEPENDENT_MC,16,CONTEXT_CONDITIONAL_ONLY,A,,"{""-1"": -1, ""1"": 1}"
E2_CONTEXT_SIGN_FLIP,41031,LEGACY_INDEPENDENT_MC,32,CONTEXT_CONDITIONAL_ONLY,A,,"{""-1"": -1, ""1"": 1}"
E2_CONTEXT_SIGN_FLIP,41031,LEGACY_INDEPENDENT_MC,64,CONTEXT_CONDITIONAL_ONLY,A,,"{""-1"": -1, ""1"": 1}"
E2_CONTEXT_SIGN_FLIP,41031,LEGACY_INDEPENDENT_MC,128,CONTEXT_CONDITIONAL_ONLY,A,,"{""-1"": -1, ""1"": 1}"
E2_CONTEXT_SIGN_FLIP,41031,LEGACY_INDEPENDENT_MC,256,CONTEXT_CONDITIONAL_ONLY,A,,"{""-1"": -1, ""1"": 1}"
