family,method,budget,n_rows,mean_rmse_true_teacher,mean_rmse_model_teacher,mean_false_credit_mass_true,max_false_credit_mass_true,topset_recovery,mean_max_estimator_variance,max_estimator_variance,mean_actual_evaluations,mean_model_teacher_false_mass_true
E0_SINGLE_CAUSE,ANTITHETIC_CRN_MC,8,3072,8.410694690565604e-17,8.410694690565604e-17,0.0,0.0,1.0,0.0,0.0,9.0,2.1603857664036673e-16
E0_SINGLE_CAUSE,ANTITHETIC_CRN_MC,16,3072,8.410694690565604e-17,8.410694690565604e-17,0.0,0.0,1.0,0.0,0.0,17.0,2.1603857664036673e-16
E0_SINGLE_CAUSE,ANTITHETIC_CRN_MC,32,3072,8.410694690565604e-17,8.410694690565604e-17,0.0,0.0,1.0,0.0,0.0,33.0,2.1603857664036673e-16
E0_SINGLE_CAUSE,ANTITHETIC_CRN_MC,64,3072,8.410694690565604e-17,8.410694690565604e-17,0.0,0.0,1.0,0.0,0.0,65.0,2.1603857664036673e-16
E0_SINGLE_CAUSE,ANTITHETIC_CRN_MC,128,3072,8.410694690565604e-17,8.410694690565604e-17,0.0,0.0,1.0,0.0,0.0,129.0,2.1603857664036673e-16
E0_SINGLE_CAUSE,ANTITHETIC_CRN_MC,256,3072,8.410694690565604e-17,8.410694690565604e-17,0.0,0.0,1.0,0.0,0.0,257.0,2.1603857664036673e-16
E0_SINGLE_CAUSE,CRN_CHAIN_MC,8,3072,0.2457682291666667,0.2457682291666667,0.0,0.0,1.0,0.5084635416666666,1.0,9.0,2.1603857664036673e-16
E0_SINGLE_CAUSE,CRN_CHAIN_MC,16,3072,0.18261718750000003,0.18261718750000003,0.0,0.0,1.0,0.2527669270833333,0.3333333333333333,17.0,2.1603857664036673e-16
E0_SINGLE_CAUSE,CRN_CHAIN_MC,32,3072,0.13680013020833334,0.13680013020833334,0.0,0.0,1.0,0.1250697544642857,0.14285714285714285,33.0,2.1603857664036673e-16
E0_SINGLE_CAUSE,CRN_CHAIN_MC,64,3072,0.10005696614583336,0.10005696614583336,0.0,0.0,1.0,0.062338595920138885,0.06666666666666667,65.0,2.1603857664036673e-16
E0_SINGLE_CAUSE,CRN_CHAIN_MC,128,3072,0.06846110026041667,0.06846110026041667,0.0,0.0,1.0,0.03128273256363407,0.03225806451612903,129.0,2.1603857664036673e-16
E0_SINGLE_CAUSE,CRN_CHAIN_MC,256,3072,0.04924011230468751,0.04924011230468751,0.0,0.0,1.0,0.015629990390999608,0.015873015873015872,257.0,2.1603857664036673e-16
E0_SINGLE_CAUSE,DOUBLE_ANTITHETIC_CRN_MC,8,3072,8.410694690565604e-17,8.410694690565604e-17,0.0,0.0,1.0,0.0,0.0,17.0,2.1603857664036673e-16
E0_SINGLE_CAUSE,DOUBLE_ANTITHETIC_CRN_MC,16,3072,8.410694690565604e-17,8.410694690565604e-17,0.0,0.0,1.0,0.0,0.0,17.0,2.1603857664036673e-16
E0_SINGLE_CAUSE,DOUBLE_ANTITHETIC_CRN_MC,32,3072,8.410694690565604e-17,8.410694690565604e-17,0.0,0.0,1.0,0.0,0.0,33.0,2.1603857664036673e-16
E0_SINGLE_CAUSE,DOUBLE_ANTITHETIC_CRN_MC,64,3072,8.410694690565604e-17,8.410694690565604e-17,0.0,0.0,1.0,0.0,0.0,65.0,2.1603857664036673e-16
E0_SINGLE_CAUSE,DOUBLE_ANTITHETIC_CRN_MC,128,3072,8.410694690565604e-17,8.410694690565604e-17,0.0,0.0,1.0,0.0,0.0,129.0,2.1603857664036673e-16
E0_SINGLE_CAUSE,DOUBLE_ANTITHETIC_CRN_MC,256,3072,8.410694690565604e-17,8.410694690565604e-17,0.0,0.0,1.0,0.0,0.0,257.0,2.1603857664036673e-16
E0_SINGLE_CAUSE,LEGACY_INDEPENDENT_MC,8,3072,0.6319000132434622,0.6319000132434622,0.49636734250992065,1.0,0.7825520833333334,1.0865885416666667,4.0,9.0,2.1603857664036673e-16
E0_SINGLE_CAUSE,LEGACY_INDEPENDENT_MC,16,3072,0.46082860316658075,0.46082860316658075,0.49651899388227516,1.0,0.8544921875,0.45977105034722215,1.3333333333333333,17.0,2.1603857664036673e-16
E0_SINGLE_CAUSE,LEGACY_INDEPENDENT_MC,32,3072,0.32696041116768176,0.32696041116768176,0.43159424577881605,1.0,0.9430338541666666,0.1971551804315476,0.49107142857142855,33.0,2.1603857664036673e-16
E0_SINGLE_CAUSE,LEGACY_INDEPENDENT_MC,64,3072,0.23449220701064113,0.23449220701064113,0.3589873302015445,0.8333333333333334,0.9892578125,0.08636745876736111,0.17395833333333333,65.0,2.1603857664036673e-16
E0_SINGLE_CAUSE,LEGACY_INDEPENDENT_MC,128,3072,0.1641357308599054,0.1641357308599054,0.285945556222224,0.6666666666666666,1.0,0.03970837336714549,0.08354334677419355,129.0,2.1603857664036673e-16
E0_SINGLE_CAUSE,LEGACY_INDEPENDENT_MC,256,3072,0.11639418157814528,0.11639418157814528,0.2225224098667521,0.5714285714285714,1.0,0.018571959601508245,0.030366443452380952,257.0,2.1603857664036673e-16
E1_TWO_CAUSE_INTERACTION,ANTITHETIC_CRN_MC,8,2048,0.45986834425330164,0.45986834425330164,0.0,0.0,1.0,0.0,0.0,9.0,4.029402533122891e-17
E1_TWO_CAUSE_INTERACTION,ANTITHETIC_CRN_MC,16,2048,0.3260321867658502,0.3260321867658502,0.0,0.0,1.0,0.3909375000000001,0.6400000000000003,17.0,4.029402533122891e-17
E1_TWO_CAUSE_INTERACTION,ANTITHETIC_CRN_MC,32,2048,0.2131531763066891,0.2131531763066891,0.0,0.0,1.0,0.17156250000000003,0.21333333333333346,33.0,4.029402533122891e-17
E1_TWO_CAUSE_INTERACTION,ANTITHETIC_CRN_MC,64,2048,0.1540375083760178,0.1540375083760178,0.0,0.0,1.0,0.07647600446428574,0.09142857142857148,65.0,4.029402533122891e-17
E1_TWO_CAUSE_INTERACTION,ANTITHETIC_CRN_MC,128,2048,0.10960987629363797,0.10960987629363797,0.0,0.0,1.0,0.03568001302083334,0.04266666666666669,129.0,4.029402533122891e-17
E1_TWO_CAUSE_INTERACTION,ANTITHETIC_CRN_MC,256,2048,0.07648296328141323,0.07648296328141323,0.0,0.0,1.0,0.017019751764112905,0.02064516129032259,257.0,4.029402533122891e-17
E1_TWO_CAUSE_INTERACTION,CRN_CHAIN_MC,8,2048,0.6041380707584904,0.6041380707584904,0.0,0.0,1.0,1.4662109375,3.240000000000001,9.0,4.029402533122891e-17
E1_TWO_CAUSE_INTERACTION,CRN_CHAIN_MC,16,2048,0.42522530332331715,0.42522530332331715,0.0,0.0,1.0,0.6624735514322917,1.0800000000000003,17.0,4.029402533122891e-17
E1_TWO_CAUSE_INTERACTION,CRN_CHAIN_MC,32,2048,0.291742073891902,0.291742073891902,0.0,0.0,1.0,0.3143036760602679,0.462857142857143,33.0,4.029402533122891e-17
E1_TWO_CAUSE_INTERACTION,CRN_CHAIN_MC,64,2048,0.20922758203422917,0.20922758203422917,0.0,0.0,1.0,0.15151500447591149,0.21600000000000008,65.0,4.029402533122891e-17
E1_TWO_CAUSE_INTERACTION,CRN_CHAIN_MC,128,2048,0.14732966961242738,0.14732966961242738,0.0,0.0,1.0,0.07438452751405779,0.10451612903225807,129.0,4.029402533122891e-17
E1_TWO_CAUSE_INTERACTION,CRN_CHAIN_MC,256,2048,0.10445286010613769,0.10445286010613769,0.0,0.0,1.0,0.03680586065564837,0.05047061011904762,257.0,4.029402533122891e-17
E1_TWO_CAUSE_INTERACTION,DOUBLE_ANTITHETIC_CRN_MC,8,2048,0.28284271247461906,0.28284271247461906,0.0,0.0,1.0,0.0,0.0,17.0,4.029402533122891e-17
E1_TWO_CAUSE_INTERACTION,DOUBLE_ANTITHETIC_CRN_MC,16,2048,0.28284271247461906,0.28284271247461906,0.0,0.0,1.0,0.0,0.0,17.0,4.029402533122891e-17
E1_TWO_CAUSE_INTERACTION,DOUBLE_ANTITHETIC_CRN_MC,32,2048,0.14515023965372298,0.14515023965372298,0.0,0.0,1.0,0.07789062500000002,0.16000000000000011,33.0,4.029402533122891e-17
E1_TWO_CAUSE_INTERACTION,DOUBLE_ANTITHETIC_CRN_MC,64,2048,0.10834477926579038,0.10834477926579038,0.0,0.0,1.0,0.039720052083333346,0.05333333333333337,65.0,4.029402533122891e-17
E1_TWO_CAUSE_INTERACTION,DOUBLE_ANTITHETIC_CRN_MC,128,2048,0.07923877259878549,0.07923877259878549,0.0,0.0,1.0,0.019869559151785718,0.022857142857142874,129.0,4.029402533122891e-17
E1_TWO_CAUSE_INTERACTION,DOUBLE_ANTITHETIC_CRN_MC,256,2048,0.05710715898840575,0.05710715898840575,0.0,0.0,1.0,0.009975748697916668,0.010666666666666675,257.0,4.029402533122891e-17
E1_TWO_CAUSE_INTERACTION,LEGACY_INDEPENDENT_MC,8,2048,1.0027066980110433,1.0027066980110433,0.36591683049330287,1.0,0.392578125,2.797060546875,12.960000000000004,9.0,4.029402533122891e-17
E1_TWO_CAUSE_INTERACTION,LEGACY_INDEPENDENT_MC,16,2048,0.710065508455946,0.710065508455946,0.35200654444778406,1.0,0.38232421875,1.1696553548177084,4.320000000000001,17.0,4.029402533122891e-17
E1_TWO_CAUSE_INTERACTION,LEGACY_INDEPENDENT_MC,32,2048,0.5082109750772676,0.5082109750772676,0.3205617065075929,0.9344262295081966,0.4501953125,0.5023155866350447,1.387767857142857,33.0,4.029402533122891e-17
E1_TWO_CAUSE_INTERACTION,LEGACY_INDEPENDENT_MC,64,2048,0.3629153463463532,0.3629153463463532,0.2638873836434458,0.9072164948453609,0.57861328125,0.2210190684000651,0.5742916666666666,65.0,4.029402533122891e-17
E1_TWO_CAUSE_INTERACTION,LEGACY_INDEPENDENT_MC,128,2048,0.25305494107768306,0.25305494107768306,0.20658226021538315,0.6666666666666666,0.7333984375,0.10085649921048073,0.21975680443548395,129.0,4.029402533122891e-17
E1_TWO_CAUSE_INTERACTION,LEGACY_INDEPENDENT_MC,256,2048,0.18045785109161727,0.18045785109161727,0.15547442746909398,0.5238095238095238,0.85400390625,0.047289822896321616,0.09490435887896827,257.0,4.029402533122891e-17
E2_CONTEXT_SIGN_FLIP,ANTITHETIC_CRN_MC,8,2048,5.0227209967013413e-17,5.0227209967013413e-17,0.0,0.0,1.0,0.0,0.0,9.0,1.1094437543136823e-16
E2_CONTEXT_SIGN_FLIP,ANTITHETIC_CRN_MC,16,2048,5.0227209967013413e-17,5.0227209967013413e-17,0.0,0.0,1.0,0.0,0.0,17.0,1.1094437543136823e-16
E2_CONTEXT_SIGN_FLIP,ANTITHETIC_CRN_MC,32,2048,5.0227209967013413e-17,5.0227209967013413e-17,0.0,0.0,1.0,0.0,0.0,33.0,1.1094437543136823e-16
E2_CONTEXT_SIGN_FLIP,ANTITHETIC_CRN_MC,64,2048,5.0227209967013413e-17,5.0227209967013413e-17,0.0,0.0,1.0,0.0,0.0,65.0,1.1094437543136823e-16
E2_CONTEXT_SIGN_FLIP,ANTITHETIC_CRN_MC,128,2048,5.0227209967013413e-17,5.0227209967013413e-17,0.0,0.0,1.0,0.0,0.0,129.0,1.1094437543136823e-16
E2_CONTEXT_SIGN_FLIP,ANTITHETIC_CRN_MC,256,2048,5.0227209967013413e-17,5.0227209967013413e-17,0.0,0.0,1.0,0.0,0.0,257.0,1.1094437543136823e-16
E2_CONTEXT_SIGN_FLIP,CRN_CHAIN_MC,8,2048,0.24731445312500003,0.24731445312500003,0.0,0.0,1.0,0.50537109375,1.0,9.0,1.1094437543136823e-16
E2_CONTEXT_SIGN_FLIP,CRN_CHAIN_MC,16,2048,0.18457031250000003,0.18457031250000003,0.0,0.0,1.0,0.250732421875,0.3333333333333333,17.0,1.1094437543136823e-16
E2_CONTEXT_SIGN_FLIP,CRN_CHAIN_MC,32,2048,0.13507080078125,0.13507080078125,0.0,0.0,1.0,0.12519618443080358,0.14285714285714285,33.0,1.1094437543136823e-16
E2_CONTEXT_SIGN_FLIP,CRN_CHAIN_MC,64,2048,0.09576416015625001,0.09576416015625001,0.0,0.0,1.0,0.0627227783203125,0.06666666666666667,65.0,1.1094437543136823e-16
E2_CONTEXT_SIGN_FLIP,CRN_CHAIN_MC,128,2048,0.0719757080078125,0.0719757080078125,0.0,0.0,1.0,0.03121732896374118,0.03225806451612903,129.0,1.1094437543136823e-16
E2_CONTEXT_SIGN_FLIP,CRN_CHAIN_MC,256,2048,0.04964447021484376,0.04964447021484376,0.0,0.0,1.0,0.015629473186674573,0.015873015873015872,257.0,1.1094437543136823e-16
E2_CONTEXT_SIGN_FLIP,DOUBLE_ANTITHETIC_CRN_MC,8,2048,5.0227209967013413e-17,5.0227209967013413e-17,0.0,0.0,1.0,0.0,0.0,17.0,1.1094437543136823e-16
E2_CONTEXT_SIGN_FLIP,DOUBLE_ANTITHETIC_CRN_MC,16,2048,5.0227209967013413e-17,5.0227209967013413e-17,0.0,0.0,1.0,0.0,0.0,17.0,1.1094437543136823e-16
E2_CONTEXT_SIGN_FLIP,DOUBLE_ANTITHETIC_CRN_MC,32,2048,5.0227209967013413e-17,5.0227209967013413e-17,0.0,0.0,1.0,0.0,0.0,33.0,1.1094437543136823e-16
E2_CONTEXT_SIGN_FLIP,DOUBLE_ANTITHETIC_CRN_MC,64,2048,5.0227209967013413e-17,5.0227209967013413e-17,0.0,0.0,1.0,0.0,0.0,65.0,1.1094437543136823e-16
E2_CONTEXT_SIGN_FLIP,DOUBLE_ANTITHETIC_CRN_MC,128,2048,5.0227209967013413e-17,5.0227209967013413e-17,0.0,0.0,1.0,0.0,0.0,129.0,1.1094437543136823e-16
E2_CONTEXT_SIGN_FLIP,DOUBLE_ANTITHETIC_CRN_MC,256,2048,5.0227209967013413e-17,5.0227209967013413e-17,0.0,0.0,1.0,0.0,0.0,257.0,1.1094437543136823e-16
E2_CONTEXT_SIGN_FLIP,LEGACY_INDEPENDENT_MC,8,2048,0.6331060715274119,0.6331060715274119,0.49544852120535715,1.0,0.7900390625,1.0966796875,4.0,9.0,1.1094437543136823e-16
E2_CONTEXT_SIGN_FLIP,LEGACY_INDEPENDENT_MC,16,2048,0.45350489822129025,0.45350489822129025,0.49514024522569444,1.0,0.84716796875,0.45511881510416663,1.3333333333333333,17.0,1.1094437543136823e-16
E2_CONTEXT_SIGN_FLIP,LEGACY_INDEPENDENT_MC,32,2048,0.3278965989206974,0.3278965989206974,0.4338723005478233,1.0,0.943359375,0.19506399972098212,0.49107142857142855,33.0,1.1094437543136823e-16
E2_CONTEXT_SIGN_FLIP,LEGACY_INDEPENDENT_MC,64,2048,0.23104778673156404,0.23104778673156404,0.35535653409804424,0.8461538461538461,0.9892578125,0.08668263753255208,0.18229166666666666,65.0,1.1094437543136823e-16
E2_CONTEXT_SIGN_FLIP,LEGACY_INDEPENDENT_MC,128,2048,0.1644743380343856,0.1644743380343856,0.28526560058379385,0.7272727272727273,0.99853515625,0.03959225070091986,0.07207661290322581,129.0,1.1094437543136823e-16
E2_CONTEXT_SIGN_FLIP,LEGACY_INDEPENDENT_MC,256,2048,0.11651183056143863,0.11651183056143863,0.2218339715459323,0.5333333333333333,1.0,0.018613429296584355,0.029699900793650792,257.0,1.1094437543136823e-16
E3_PRECISELY_WRONG_MODEL,ANTITHETIC_CRN_MC,8,3072,0.6363961030678927,6.559755145216299e-17,0.9,0.9000000000000001,0.0,0.0,0.0,9.0,0.9
E3_PRECISELY_WRONG_MODEL,ANTITHETIC_CRN_MC,16,3072,0.6363961030678927,6.446071103970916e-17,0.9,0.9000000000000001,0.0,7.851675333172443e-34,1.232595164407831e-32,17.0,0.9
E3_PRECISELY_WRONG_MODEL,ANTITHETIC_CRN_MC,32,3072,0.6363961030678927,6.442212357136828e-17,0.9,0.9000000000000001,0.0,4.262969446402053e-34,4.108650548026103e-33,33.0,0.9
E3_PRECISELY_WRONG_MODEL,ANTITHETIC_CRN_MC,64,3072,0.6363961030678927,6.440129369309469e-17,0.9,0.9000000000000001,0.0,2.0327767832848347e-34,1.7608502348683298e-33,65.0,0.9
E3_PRECISELY_WRONG_MODEL,ANTITHETIC_CRN_MC,128,3072,0.6363961030678927,6.421875211962757e-17,0.9,0.9000000000000001,0.0,9.698272469927516e-35,8.217301096052206e-34,129.0,0.9
E3_PRECISELY_WRONG_MODEL,ANTITHETIC_CRN_MC,256,3072,0.6363961030678927,6.427043983575554e-17,0.9,0.9000000000000001,0.0,4.944957141493798e-35,3.976113433573648e-34,257.0,0.9
E3_PRECISELY_WRONG_MODEL,CRN_CHAIN_MC,8,3072,0.6858572052818214,0.24056671355446305,0.6913442608652313,1.0,0.25,0.4034830729166667,0.8100000000000003,9.0,0.9
E3_PRECISELY_WRONG_MODEL,CRN_CHAIN_MC,16,3072,0.6571042738365541,0.17595677504238438,0.8380674984732662,1.0,0.061197916666666664,0.20307264539930556,0.2700000000000001,17.0,0.9
E3_PRECISELY_WRONG_MODEL,CRN_CHAIN_MC,32,3072,0.6486656210125938,0.12494154798896427,0.8862704681767247,1.0,0.0035807291666666665,0.10167323521205357,0.11571428571428576,33.0,0.9
E3_PRECISELY_WRONG_MODEL,CRN_CHAIN_MC,64,3072,0.6418957454558235,0.08878216759090314,0.8950310632301792,0.9878048780487805,0.0003255208333333333,0.0507623291015625,0.05400000000000002,65.0,0.9
E3_PRECISELY_WRONG_MODEL,CRN_CHAIN_MC,128,3072,0.6394606941459343,0.06450679035682512,0.8977350450701681,0.9625668449197862,0.0,0.025299841357815652,0.026129032258064525,129.0,0.9
E3_PRECISELY_WRONG_MODEL,CRN_CHAIN_MC,256,3072,0.6365502782595803,0.04607830325079946,0.8984307235054607,0.9439024390243903,0.0,0.01265404292515346,0.012857142857142862,257.0,0.9
E3_PRECISELY_WRONG_MODEL,DOUBLE_ANTITHETIC_CRN_MC,8,3072,0.6363961030678927,6.444625892295007e-17,0.9,0.9000000000000001,0.0,0.0,0.0,17.0,0.9
E3_PRECISELY_WRONG_MODEL,DOUBLE_ANTITHETIC_CRN_MC,16,3072,0.6363961030678927,6.444029288588682e-17,0.9,0.9000000000000001,0.0,0.0,0.0,17.0,0.9
E3_PRECISELY_WRONG_MODEL,DOUBLE_ANTITHETIC_CRN_MC,32,3072,0.6363961030678927,6.419642446123489e-17,0.9,0.9000000000000001,0.0,4.73238352383042e-34,6.162975822039155e-33,33.0,0.9
E3_PRECISELY_WRONG_MODEL,DOUBLE_ANTITHETIC_CRN_MC,64,3072,0.6363961030678927,6.42313299330166e-17,0.9,0.9000000000000001,0.0,2.1062246557066898e-34,2.0543252740130515e-33,65.0,0.9
E3_PRECISELY_WRONG_MODEL,DOUBLE_ANTITHETIC_CRN_MC,128,3072,0.6363961030678927,6.403274441550109e-17,0.9,0.9000000000000001,0.0,1.0797867202967661e-34,8.804251174341649e-34,129.0,0.9
E3_PRECISELY_WRONG_MODEL,DOUBLE_ANTITHETIC_CRN_MC,256,3072,0.6363961030678927,6.440347209553916e-17,0.9,0.9000000000000001,0.0,5.504526579740553e-35,4.108650548026103e-34,257.0,0.9
E3_PRECISELY_WRONG_MODEL,LEGACY_INDEPENDENT_MC,8,3072,0.8420474485688186,0.5795343761703359,0.7772538429816116,1.0,0.24609375,0.9631217447916667,4.0,9.0,0.9
E3_PRECISELY_WRONG_MODEL,LEGACY_INDEPENDENT_MC,16,3072,0.7464311002338312,0.4163800651594443,0.8108453430813737,1.0,0.12955729166666666,0.3786260308159723,1.2033333333333334,17.0,0.9
E3_PRECISELY_WRONG_MODEL,LEGACY_INDEPENDENT_MC,32,3072,0.6889484977469142,0.2990723068402896,0.8373919975360797,1.0,0.055338541666666664,0.16083879743303572,0.4239285714285715,33.0,0.9
E3_PRECISELY_WRONG_MODEL,LEGACY_INDEPENDENT_MC,64,3072,0.664409255296626,0.2095405092386121,0.8647708170172983,1.0,0.014322916666666666,0.07149249267578126,0.15583333333333332,65.0,0.9
E3_PRECISELY_WRONG_MODEL,LEGACY_INDEPENDENT_MC,128,3072,0.6491534129260836,0.14955568186333082,0.8864532242592876,1.0,0.0003255208333333333,0.03245428762128277,0.05576108870967742,129.0,0.9
E3_PRECISELY_WRONG_MODEL,LEGACY_INDEPENDENT_MC,256,3072,0.643273962346987,0.10515133773488562,0.8996539840984202,1.0,0.0,0.015195221219744003,0.0253546626984127,257.0,0.9
