cohort,seed,family,true_causal_set,provisional_candidate,state,accepted_candidate,false_authority,no_abstention_false_authority,intervention_nrmse,model_disagreement,rank_stability,ood_score,factual_rmse,mean_false_credit_mass
PRIMARY,41000,M6_REDUNDANT_CAUSES,A|B,A,ACCEPT_CAUSAL_CREDIT,A,False,False,0.04466854384902547,0.008062475210310225,1.0,3.362892967957227,0.14848555192700652,0.03563442377843689
PRIMARY,41000,M7_SYNERGISTIC_CAUSES,A|B,A,ABSTAIN_UNCERTAIN_MODEL,,False,False,1.0007209530752836,0.8523743874166457,0.5833333333333334,3.360733387445708,0.6337205583648332,0.16213309093959843
PRIMARY,41000,M8_VARIABLE_DELAY,A|B,A,ABSTAIN_UNCERTAIN_MODEL,,False,False,0.06166088064496783,0.03468127739354369,1.0,3.095738134411782,0.19563149205390598,0.05132378902465346
PRIMARY,41000,M9_LATENT_CONFOUNDER_SHIFT,A,C,ABSTAIN_UNCERTAIN_MODEL,,False,True,1.530934530297201,0.04771346796527531,1.0,3.2283752795791605,3.118671828206222,0.6349984616535748
PRIMARY,41000,M10_CONTEXT_DEPENDENT_CAUSALITY,A|D,A,ABSTAIN_UNCERTAIN_MODEL,,False,False,0.07032073605670222,0.041509682465384265,1.0,3.182728631418652,0.26690439356830764,0.052767761653566524
PRIMARY,41000,M11_SHARED_MODEL_CLASS_MISSPECIFICATION,A,C,ABSTAIN_UNCERTAIN_MODEL,,False,True,1.8387592842699982,0.1585176802786725,1.0,2.671056227113217,0.44747549195285247,0.8005649042154449
PRIMARY,41000,N0_ZERO_CAUSE,,C,FALSIFIED_NO_LEVERAGE,,False,True,3.12889340420723,0.046039491611672964,1.0,3.2562353693678454,0.8878064411934741,1.0
PRIMARY,41001,M6_REDUNDANT_CAUSES,A|B,A,ACCEPT_CAUSAL_CREDIT,A,False,False,0.03351567173322302,0.012006266370865834,1.0,3.2486730968337376,0.14382854836213124,0.017514463412576863
PRIMARY,41001,M7_SYNERGISTIC_CAUSES,A|B,A,ABSTAIN_UNCERTAIN_MODEL,,False,False,1.0137727321236225,0.2824449509349671,0.6666666666666666,3.323824163670377,0.6651126631874832,0.11443929914768097
PRIMARY,41001,M8_VARIABLE_DELAY,A|B,A,ABSTAIN_UNCERTAIN_MODEL,,False,False,0.0664468760242047,0.05724016861450035,1.0,3.256071911717749,0.21000091525970918,0.03807030583220735
PRIMARY,41001,M9_LATENT_CONFOUNDER_SHIFT,A,C,ABSTAIN_UNCERTAIN_MODEL,,False,True,1.648033910175558,0.029820289808860874,1.0,3.324013001573224,3.3080783530448885,0.6346012532012977
PRIMARY,41001,M10_CONTEXT_DEPENDENT_CAUSALITY,A|D,A,ABSTAIN_UNCERTAIN_MODEL,,False,False,0.0676844990682393,0.06477732601875137,1.0,3.110684484864861,0.22775194971009677,0.05755373134856859
PRIMARY,41001,M11_SHARED_MODEL_CLASS_MISSPECIFICATION,A,C,ABSTAIN_UNCERTAIN_MODEL,,False,True,1.759812331607201,0.03138481500992053,1.0,2.9185691155150364,0.7464306668572864,0.8364262851881976
PRIMARY,41001,N0_ZERO_CAUSE,,C,FALSIFIED_NO_LEVERAGE,,False,True,2.9956940368414298,0.037576606389851074,1.0,3.333219017865541,1.140633491070216,1.0
PRIMARY,41002,M6_REDUNDANT_CAUSES,A|B,A,ACCEPT_CAUSAL_CREDIT,A,False,False,0.03596704987260414,0.014153352119100916,1.0,3.2896476937349366,0.16165667766779854,0.020787166578066972
PRIMARY,41002,M7_SYNERGISTIC_CAUSES,A|B,A,ABSTAIN_UNCERTAIN_MODEL,,False,False,0.9936046164429966,0.6537997115281973,0.4166666666666667,3.3620851961225195,0.6385959951991954,0.1788419257409763
PRIMARY,41002,M8_VARIABLE_DELAY,A|B,A,ABSTAIN_UNCERTAIN_MODEL,,False,False,0.07038891933191568,0.034017651157795356,1.0,3.205221557410214,0.21441093861028473,0.047331280787487176
PRIMARY,41002,M9_LATENT_CONFOUNDER_SHIFT,A,C,ABSTAIN_UNCERTAIN_MODEL,,False,True,1.488016696626725,0.027479233192376006,1.0,3.285629195375478,3.191862559150775,0.6352671896186224
PRIMARY,41002,M10_CONTEXT_DEPENDENT_CAUSALITY,A|D,A,ABSTAIN_UNCERTAIN_MODEL,,False,False,0.06207024665218515,0.0622943196314529,1.0,3.259064892927083,0.2636221647155555,0.055724601698157586
PRIMARY,41002,M11_SHARED_MODEL_CLASS_MISSPECIFICATION,A,C,ABSTAIN_UNCERTAIN_MODEL,,False,True,1.696001192328752,0.014564508412774272,1.0,2.776057012572321,0.3223330262159574,0.8588676888823095
PRIMARY,41002,N0_ZERO_CAUSE,,C,FALSIFIED_NO_LEVERAGE,,False,True,2.877891218888265,0.05593343570058827,1.0,3.337579897607063,0.8591574540962523,1.0
PRIMARY,41003,M6_REDUNDANT_CAUSES,A|B,A,ACCEPT_CAUSAL_CREDIT,A,False,False,0.03650940345323962,0.015664457810698015,1.0,3.2489909584897694,0.14818064452802637,0.019021931274326557
PRIMARY,41003,M7_SYNERGISTIC_CAUSES,A|B,B,ABSTAIN_UNCERTAIN_MODEL,,False,False,1.0111074421484878,0.6357848858519025,0.4166666666666667,3.2596141238559864,0.5727613299981053,0.17018308329442886
PRIMARY,41003,M8_VARIABLE_DELAY,A|B,A,ACCEPT_CAUSAL_CREDIT,A,False,False,0.08265102683284814,0.030926746515422925,1.0,3.1174944310626835,0.19176336961107826,0.029075723491881637
PRIMARY,41003,M9_LATENT_CONFOUNDER_SHIFT,A,C,ABSTAIN_UNCERTAIN_MODEL,,False,True,1.59919588180185,0.02880925118907088,1.0,3.419005288376611,3.2258193903081667,0.6470853166811651
PRIMARY,41003,M10_CONTEXT_DEPENDENT_CAUSALITY,A|D,A,ACCEPT_CAUSAL_CREDIT,A,False,False,0.06049000423519338,0.025405232015059714,1.0,3.2106019062783915,0.24716132138363153,0.03815012251689652
PRIMARY,41003,M11_SHARED_MODEL_CLASS_MISSPECIFICATION,A,C,ABSTAIN_UNCERTAIN_MODEL,,False,True,1.6949202174760405,0.09885496265252457,1.0,2.728171317601638,0.4147453605853041,0.8309204444272784
PRIMARY,41003,N0_ZERO_CAUSE,,C,FALSIFIED_NO_LEVERAGE,,False,True,3.1625981711236455,0.03367794990638137,1.0,3.372699130811754,0.9786112802029702,1.0
PRIMARY,41004,M6_REDUNDANT_CAUSES,A|B,A,ACCEPT_CAUSAL_CREDIT,A,False,False,0.05578309534020643,0.01955067927648585,1.0,3.233833175293356,0.15071197161490918,0.020407008632792097
PRIMARY,41004,M7_SYNERGISTIC_CAUSES,A|B,A,ABSTAIN_UNCERTAIN_MODEL,,False,False,1.0085345166136386,0.7070161512514336,0.3333333333333333,3.322270514866219,0.6363840902767655,0.14420898792140416
PRIMARY,41004,M8_VARIABLE_DELAY,A|B,A,ABSTAIN_UNCERTAIN_MODEL,,False,False,0.0935721941043973,0.06620682843263996,1.0,3.1567015391391635,0.18959502778359166,0.028319896397905792
PRIMARY,41004,M9_LATENT_CONFOUNDER_SHIFT,A,C,ABSTAIN_UNCERTAIN_MODEL,,False,True,1.4696835288942824,0.042871240089436956,1.0,3.3421283171138336,3.1475515703259176,0.6395753362909693
PRIMARY,41004,M10_CONTEXT_DEPENDENT_CAUSALITY,A|D,A,ABSTAIN_UNCERTAIN_MODEL,,False,False,0.08491221556837157,0.044741833855671855,1.0,3.1845239150404634,0.22041975997497906,0.05408543081813024
PRIMARY,41004,M11_SHARED_MODEL_CLASS_MISSPECIFICATION,A,C,ABSTAIN_UNCERTAIN_MODEL,,False,True,1.7849197104728287,0.10055383158513903,1.0,2.730692479208036,0.45929733386562727,0.7978205206049609
PRIMARY,41004,N0_ZERO_CAUSE,,C,FALSIFIED_NO_LEVERAGE,,False,True,3.1842061044891796,0.04389617737307302,1.0,3.310894202519712,1.0314535592528256,1.0
PRIMARY,41005,M6_REDUNDANT_CAUSES,A|B,A,ACCEPT_CAUSAL_CREDIT,A,False,False,0.03351049368455794,0.016944525510302566,1.0,3.316636754806947,0.14950791463971,0.02224565449261464
PRIMARY,41005,M7_SYNERGISTIC_CAUSES,A|B,A,ABSTAIN_UNCERTAIN_MODEL,,False,False,1.0030611355161714,0.7672357526408422,0.5,3.3957849034622094,0.6875815833682017,0.1483264320266771
PRIMARY,41005,M8_VARIABLE_DELAY,A|B,A,ACCEPT_CAUSAL_CREDIT,A,False,False,0.06724378513080802,0.027597366707629054,1.0,3.0638243065915955,0.20908736292213986,0.05576764293118128
PRIMARY,41005,M9_LATENT_CONFOUNDER_SHIFT,A,C,ABSTAIN_UNCERTAIN_MODEL,,False,True,1.4980420199196227,0.06751196663648452,1.0,3.288746013639792,3.109720577306188,0.6481386951183161
PRIMARY,41005,M10_CONTEXT_DEPENDENT_CAUSALITY,A|D,A,ABSTAIN_UNCERTAIN_MODEL,,False,False,0.07195033508345483,0.061164633840004756,1.0,3.154326676125338,0.23767613764118872,0.052645660811113944
PRIMARY,41005,M11_SHARED_MODEL_CLASS_MISSPECIFICATION,A,C,ABSTAIN_UNCERTAIN_MODEL,,False,True,1.7744044962604786,0.10458101923926633,1.0,2.8694718272472084,0.5707402536207651,0.8117787829857261
PRIMARY,41005,N0_ZERO_CAUSE,,C,FALSIFIED_NO_LEVERAGE,,False,True,3.157161075514415,0.0409621320985981,1.0,3.345168763988039,0.9560141276215475,1.0
PRIMARY,41006,M6_REDUNDANT_CAUSES,A|B,A,ACCEPT_CAUSAL_CREDIT,A,False,False,0.03730408249400134,0.01459240818393554,1.0,3.31053792688612,0.15875603239192185,0.024786278417086298
PRIMARY,41006,M7_SYNERGISTIC_CAUSES,A|B,A,ABSTAIN_UNCERTAIN_MODEL,,False,False,1.0092175223539293,0.674676204005349,0.5833333333333334,3.287757937289765,0.5916118235500969,0.18218829022798586
PRIMARY,41006,M8_VARIABLE_DELAY,A|B,A,ABSTAIN_UNCERTAIN_MODEL,,False,False,0.06378365273830132,0.04586311940049818,1.0,3.0157436053162665,0.23485607332983352,0.03793035626907847
PRIMARY,41006,M9_LATENT_CONFOUNDER_SHIFT,A,C,ABSTAIN_UNCERTAIN_MODEL,,False,True,1.5174838404613153,0.029702011094420392,1.0,3.310132603775279,3.2086944432883495,0.6258602417088034
PRIMARY,41006,M10_CONTEXT_DEPENDENT_CAUSALITY,A|D,A,ABSTAIN_UNCERTAIN_MODEL,,False,False,0.06315808211576178,0.04825297989893482,1.0,3.1860749813240257,0.26175069986608684,0.061096601532642326
PRIMARY,41006,M11_SHARED_MODEL_CLASS_MISSPECIFICATION,A,C,ABSTAIN_UNCERTAIN_MODEL,,False,True,1.7187006577278137,0.13706662094098765,1.0,2.7266025294419576,0.5416357736805691,0.7991034498669773
PRIMARY,41006,N0_ZERO_CAUSE,,C,FALSIFIED_NO_LEVERAGE,,False,True,3.168257631910114,0.03345048366304898,1.0,3.3101721528818278,1.1823481453245386,1.0
PRIMARY,41007,M6_REDUNDANT_CAUSES,A|B,A,ACCEPT_CAUSAL_CREDIT,A,False,False,0.0442474499454122,0.014271025874497873,1.0,3.2860232435965004,0.156484149770752,0.02217628811783468
PRIMARY,41007,M7_SYNERGISTIC_CAUSES,A|B,B,ABSTAIN_UNCERTAIN_MODEL,,False,False,1.008781265401399,0.6443819863448851,0.5,3.3396563140599596,0.6102046319313595,0.1331011080671097
PRIMARY,41007,M8_VARIABLE_DELAY,A|B,A,ABSTAIN_UNCERTAIN_MODEL,,False,False,0.07982933884801521,0.05657214702749303,1.0,3.082105526197181,0.17201859381762138,0.04396287615516954
PRIMARY,41007,M9_LATENT_CONFOUNDER_SHIFT,A,C,ABSTAIN_UNCERTAIN_MODEL,,False,True,1.4322558790040367,0.0406378922490373,1.0,3.3404614880964294,3.1004999640874913,0.6515780903277663
PRIMARY,41007,M10_CONTEXT_DEPENDENT_CAUSALITY,A|D,A,ACCEPT_CAUSAL_CREDIT,A,False,False,0.08608519318859212,0.032698259902634086,1.0,3.081292002807201,0.23714562963914837,0.0516945480023536
PRIMARY,41007,M11_SHARED_MODEL_CLASS_MISSPECIFICATION,A,C,ABSTAIN_UNCERTAIN_MODEL,,False,True,1.7042565997845425,0.13073995427205198,1.0,2.8504420293881894,0.6019541411595954,0.8151971209921185
PRIMARY,41007,N0_ZERO_CAUSE,,C,FALSIFIED_NO_LEVERAGE,,False,True,3.1072363933096,0.0328321882606703,1.0,3.4334920259367916,1.0666261042794354,1.0
PRIMARY,41008,M6_REDUNDANT_CAUSES,A|B,A,ACCEPT_CAUSAL_CREDIT,A,False,False,0.041274809052112345,0.009905131584858954,1.0,3.323501549447821,0.144695258870707,0.01775489440665075
PRIMARY,41008,M7_SYNERGISTIC_CAUSES,A|B,A,ABSTAIN_UNCERTAIN_MODEL,,False,False,1.0102975960666405,0.46638246991691046,0.6666666666666666,3.3002542346032353,0.5813365148476886,0.15998219470912137
PRIMARY,41008,M8_VARIABLE_DELAY,A|B,A,ABSTAIN_UNCERTAIN_MODEL,,False,False,0.06479871235514355,0.07251200330005762,1.0,3.0958516626051766,0.1813506725061114,0.038488317798822315
PRIMARY,41008,M9_LATENT_CONFOUNDER_SHIFT,A,C,ABSTAIN_UNCERTAIN_MODEL,,False,True,1.5815531156526128,0.04066863639321395,1.0,3.1807581417409443,3.190216466017262,0.6395069905123693
PRIMARY,41008,M10_CONTEXT_DEPENDENT_CAUSALITY,A|D,A,ABSTAIN_UNCERTAIN_MODEL,,False,False,0.07828195666412759,0.0499508557154538,1.0,3.235248572570221,0.27865510646687114,0.03448902976980367
PRIMARY,41008,M11_SHARED_MODEL_CLASS_MISSPECIFICATION,A,C,ABSTAIN_UNCERTAIN_MODEL,,False,True,1.691012373067128,0.11015109141619321,1.0,2.865973644238248,0.510905519378045,0.8383212449702754
PRIMARY,41008,N0_ZERO_CAUSE,,C,FALSIFIED_NO_LEVERAGE,,False,True,3.1797490573633063,0.031497717239007815,1.0,3.358731715466334,1.165986290613038,1.0
PRIMARY,41009,M6_REDUNDANT_CAUSES,A|B,A,ACCEPT_CAUSAL_CREDIT,A,False,False,0.03594775537639727,0.009832326377533895,1.0,3.275167404246596,0.14913245376895062,0.024870685958955106
PRIMARY,41009,M7_SYNERGISTIC_CAUSES,A|B,B,ABSTAIN_UNCERTAIN_MODEL,,False,False,1.0104068921050633,0.6794443634358804,0.5833333333333334,3.262171278405204,0.5771413932752886,0.10545456327078466
PRIMARY,41009,M8_VARIABLE_DELAY,A|B,A,ABSTAIN_UNCERTAIN_MODEL,,False,False,0.06633759886650932,0.07046874604052626,1.0,3.140968626346112,0.20383148325729356,0.03776976096574374
PRIMARY,41009,M9_LATENT_CONFOUNDER_SHIFT,A,C,ABSTAIN_UNCERTAIN_MODEL,,False,True,1.5405994529888711,0.04695454799652241,1.0,3.439759225134968,3.2815159754008882,0.6315121410565683
PRIMARY,41009,M10_CONTEXT_DEPENDENT_CAUSALITY,A|D,A,ACCEPT_CAUSAL_CREDIT,A,False,False,0.05537264082900653,0.02023928564100842,1.0,3.34135175212786,0.28886759533114525,0.07170319293167046
PRIMARY,41009,M11_SHARED_MODEL_CLASS_MISSPECIFICATION,A,C,ABSTAIN_UNCERTAIN_MODEL,,False,True,1.7359581053195992,0.05438824163242546,1.0,2.7233195233190295,0.4770536563488013,0.8427521970523648
PRIMARY,41009,N0_ZERO_CAUSE,,C,FALSIFIED_NO_LEVERAGE,,False,True,3.085904335854491,0.07102418696592301,1.0,3.3444280564370947,1.188658486545481,1.0
PRIMARY,41010,M6_REDUNDANT_CAUSES,A|B,A,ACCEPT_CAUSAL_CREDIT,A,False,False,0.045960344628256385,0.014094734466519153,1.0,3.2569868191181266,0.1521774261205762,0.02357618390231785
PRIMARY,41010,M7_SYNERGISTIC_CAUSES,A|B,B,ABSTAIN_UNCERTAIN_MODEL,,False,False,1.0111563943308686,0.7913392430648737,0.3333333333333333,3.2799796116423057,0.5609747568066004,0.1848071849152217
PRIMARY,41010,M8_VARIABLE_DELAY,A|B,A,ABSTAIN_UNCERTAIN_MODEL,,False,False,0.04720580221974108,0.05494430668655427,1.0,2.897514921385919,0.17894646397923966,0.0343208381113347
PRIMARY,41010,M9_LATENT_CONFOUNDER_SHIFT,A,C,ABSTAIN_UNCERTAIN_MODEL,,False,True,1.5733825541540813,0.02325548641195903,1.0,3.3244096909950676,3.1711976850152106,0.6391794959740645
PRIMARY,41010,M10_CONTEXT_DEPENDENT_CAUSALITY,A|D,A,ABSTAIN_UNCERTAIN_MODEL,,False,False,0.05114645130164472,0.06638245803946721,1.0,3.28096266388891,0.274117748349879,0.046734737562181675
PRIMARY,41010,M11_SHARED_MODEL_CLASS_MISSPECIFICATION,A,C,ABSTAIN_UNCERTAIN_MODEL,,False,True,1.7229509667421508,0.09850517361752222,1.0,2.6952459344093285,0.45636847609629955,0.8258598952383067
PRIMARY,41010,N0_ZERO_CAUSE,,C,FALSIFIED_NO_LEVERAGE,,False,True,3.0017760318483893,0.05011885566999296,1.0,3.3193278701079953,0.9995836864303471,1.0
PRIMARY,41011,M6_REDUNDANT_CAUSES,A|B,A,ACCEPT_CAUSAL_CREDIT,A,False,False,0.03673505626692141,0.011118267765357705,1.0,3.308882826461554,0.14339247323654072,0.02536025132953458
PRIMARY,41011,M7_SYNERGISTIC_CAUSES,A|B,A,ABSTAIN_UNCERTAIN_MODEL,,False,False,1.0040024114903652,0.8336794202569783,0.4166666666666667,3.3101053377307927,0.5828735934753736,0.21563708291867137
PRIMARY,41011,M8_VARIABLE_DELAY,A|B,A,ABSTAIN_UNCERTAIN_MODEL,,False,False,0.06907078164357996,0.1126464595417403,1.0,3.1305647289607603,0.19673794877707895,0.03983929156572668
PRIMARY,41011,M9_LATENT_CONFOUNDER_SHIFT,A,C,ABSTAIN_UNCERTAIN_MODEL,,False,True,1.5850800072965372,0.0353482382668047,1.0,3.3440295337867756,3.2929882123725513,0.6644623561557429
PRIMARY,41011,M10_CONTEXT_DEPENDENT_CAUSALITY,A|D,A,ABSTAIN_UNCERTAIN_MODEL,,False,False,0.06951012739657753,0.07411807803538158,1.0,3.233473037275146,0.2568471170883329,0.046259238154212935
PRIMARY,41011,M11_SHARED_MODEL_CLASS_MISSPECIFICATION,A,C,ABSTAIN_UNCERTAIN_MODEL,,False,True,1.6901757476137749,0.04738468615526549,1.0,2.7304248478999016,0.4498364904606535,0.8524184630615548
PRIMARY,41011,N0_ZERO_CAUSE,,C,FALSIFIED_NO_LEVERAGE,,False,True,2.8490619977506477,0.04900473296622807,1.0,3.232189183133169,1.2314942912338598,1.0
PRIMARY,41012,M6_REDUNDANT_CAUSES,A|B,A,ACCEPT_CAUSAL_CREDIT,A,False,False,0.04012039248084526,0.011506002661789168,1.0,3.3570148463524,0.1418631017723349,0.0189406720719718
PRIMARY,41012,M7_SYNERGISTIC_CAUSES,A|B,A,ABSTAIN_UNCERTAIN_MODEL,,False,False,1.004225423009156,0.7212516271999172,0.16666666666666666,3.2109586568353428,0.5450104184441966,0.2055451152976987
PRIMARY,41012,M8_VARIABLE_DELAY,A|B,A,ABSTAIN_UNCERTAIN_MODEL,,False,False,0.06433713647772558,0.06498377374784346,1.0,3.1196064032206197,0.20605003772285932,0.03527732126814828
PRIMARY,41012,M9_LATENT_CONFOUNDER_SHIFT,A,C,ABSTAIN_UNCERTAIN_MODEL,,False,True,1.6317359794271749,0.02474161131788553,1.0,3.4200658447421075,3.232075007619341,0.6412710798206204
PRIMARY,41012,M10_CONTEXT_DEPENDENT_CAUSALITY,A|D,A,ABSTAIN_UNCERTAIN_MODEL,,False,False,0.08197542559846643,0.0553249015682218,1.0,3.121052332168582,0.23453164144402,0.03832880624865187
PRIMARY,41012,M11_SHARED_MODEL_CLASS_MISSPECIFICATION,A,C,ABSTAIN_UNCERTAIN_MODEL,,False,True,2.0592490790478726,0.10034225364898267,1.0,2.7130597839293706,0.3915643006826294,0.7863921517008617
PRIMARY,41012,N0_ZERO_CAUSE,,C,FALSIFIED_NO_LEVERAGE,,False,True,2.9950989832534027,0.035391300613784905,1.0,3.204672186471853,0.8669623618240516,1.0
PRIMARY,41013,M6_REDUNDANT_CAUSES,A|B,A,ACCEPT_CAUSAL_CREDIT,A,False,False,0.04707688542363489,0.0068941938849479915,1.0,3.281520721242858,0.15410098652283286,0.02628767402005092
PRIMARY,41013,M7_SYNERGISTIC_CAUSES,A|B,A,ABSTAIN_UNCERTAIN_MODEL,,False,False,1.0095650634353865,0.7152015728410258,0.5833333333333334,3.2926337534546732,0.5895517996134728,0.15119836459114636
PRIMARY,41013,M8_VARIABLE_DELAY,A|B,A,ACCEPT_CAUSAL_CREDIT,A,False,False,0.07680741465466738,0.01782706741346513,1.0,3.0633207714029345,0.20827551372125583,0.038263875339211724
PRIMARY,41013,M9_LATENT_CONFOUNDER_SHIFT,A,C,ABSTAIN_UNCERTAIN_MODEL,,False,True,1.4591860375629362,0.03386630779906538,1.0,3.3341571293098458,3.155302424435873,0.6470338665586931
PRIMARY,41013,M10_CONTEXT_DEPENDENT_CAUSALITY,A|D,A,ABSTAIN_UNCERTAIN_MODEL,,False,False,0.06893853154323033,0.03326094163094887,1.0,3.2475885237006956,0.24021165217815565,0.05210648368998974
PRIMARY,41013,M11_SHARED_MODEL_CLASS_MISSPECIFICATION,A,C,ABSTAIN_UNCERTAIN_MODEL,,False,True,1.7123100560797504,0.09427523886627101,1.0,2.730717978263334,0.43642721954898217,0.8308717304646315
PRIMARY,41013,N0_ZERO_CAUSE,,C,FALSIFIED_NO_LEVERAGE,,False,True,3.028693825190638,0.04087626864698742,1.0,3.354482159115494,1.024701267214292,1.0
PRIMARY,41014,M6_REDUNDANT_CAUSES,A|B,A,ACCEPT_CAUSAL_CREDIT,A,False,False,0.04118421187145949,0.010248081458666077,1.0,3.3672189699915576,0.15433708267073581,0.021515410554781435
PRIMARY,41014,M7_SYNERGISTIC_CAUSES,A|B,A,ABSTAIN_UNCERTAIN_MODEL,,False,False,1.0115861917598457,0.6445468753221012,0.4166666666666667,3.3427112539882957,0.6456447572981625,0.16393519338552745
PRIMARY,41014,M8_VARIABLE_DELAY,A|B,A,ABSTAIN_UNCERTAIN_MODEL,,False,False,0.057046299081521215,0.035099215871665555,1.0,3.1208031711107536,0.1604115183842367,0.033817326589712635
PRIMARY,41014,M9_LATENT_CONFOUNDER_SHIFT,A,C,ABSTAIN_UNCERTAIN_MODEL,,False,True,1.605486664258742,0.03188383346421947,1.0,3.3484060539651237,3.2202082314504663,0.6379453549628852
PRIMARY,41014,M10_CONTEXT_DEPENDENT_CAUSALITY,A|D,A,ABSTAIN_UNCERTAIN_MODEL,,False,False,0.06404224749617599,0.03363163906045806,1.0,3.1792304174496446,0.29191576178827355,0.06435473074426803
PRIMARY,41014,M11_SHARED_MODEL_CLASS_MISSPECIFICATION,A,C,ABSTAIN_UNCERTAIN_MODEL,,False,True,1.7206900030745773,0.07005945334088802,1.0,2.7594979295974387,0.5630203423263827,0.840873534860759
PRIMARY,41014,N0_ZERO_CAUSE,,C,FALSIFIED_NO_LEVERAGE,,False,True,2.9768587769961625,0.05211168126349351,1.0,3.331270396637114,1.021809083291826,1.0
PRIMARY,41015,M6_REDUNDANT_CAUSES,A|B,A,ACCEPT_CAUSAL_CREDIT,A,False,False,0.0609472922760651,0.011498093596322813,1.0,3.364815036048896,0.15919710379976276,0.04356940100303904
PRIMARY,41015,M7_SYNERGISTIC_CAUSES,A|B,A,ABSTAIN_UNCERTAIN_MODEL,,False,False,0.9971323892163861,0.8234210448183543,0.75,3.3264004288743125,0.6033575989033843,0.14440639435709166
PRIMARY,41015,M8_VARIABLE_DELAY,A|B,A,ABSTAIN_UNCERTAIN_MODEL,,False,False,0.06478438099991589,0.037468536861753554,1.0,3.0808974928755632,0.20657159567822383,0.04073801184075028
PRIMARY,41015,M9_LATENT_CONFOUNDER_SHIFT,A,C,ABSTAIN_UNCERTAIN_MODEL,,False,True,1.4339787947394806,0.04953470533711961,1.0,3.28029813866745,3.0861566290479705,0.6199766370602419
PRIMARY,41015,M10_CONTEXT_DEPENDENT_CAUSALITY,A|D,A,ABSTAIN_UNCERTAIN_MODEL,,False,False,0.09297175625999435,0.07969728896083324,1.0,3.3385174722978883,0.2768625973875964,0.053306672321423824
PRIMARY,41015,M11_SHARED_MODEL_CLASS_MISSPECIFICATION,A,C,ABSTAIN_UNCERTAIN_MODEL,,False,True,1.7402092389790473,0.0517495392984541,1.0,2.6978008350225915,0.4721901225577069,0.8324394789781033
PRIMARY,41015,N0_ZERO_CAUSE,,C,FALSIFIED_NO_LEVERAGE,,False,True,3.177961795345769,0.024782193470656418,1.0,3.2560342164649865,0.9269822868208124,1.0
PRIMARY,41016,M6_REDUNDANT_CAUSES,A|B,A,ACCEPT_CAUSAL_CREDIT,A,False,False,0.04165107783552033,0.01234258814532141,1.0,3.297153814739658,0.14575643556584944,0.020042615045781136
PRIMARY,41016,M7_SYNERGISTIC_CAUSES,A|B,B,ABSTAIN_UNCERTAIN_MODEL,,False,False,1.0031649115095829,0.8805604468114261,0.5,3.3353758021934246,0.6440347329196837,0.20762701961553232
PRIMARY,41016,M8_VARIABLE_DELAY,A|B,A,ABSTAIN_UNCERTAIN_MODEL,,False,False,0.05909534075307438,0.04916408127560831,1.0,3.086203222449081,0.2195790501511352,0.037504161158941784
PRIMARY,41016,M9_LATENT_CONFOUNDER_SHIFT,A,C,ABSTAIN_UNCERTAIN_MODEL,,False,True,1.5241467203689323,0.049927856999791916,1.0,3.2858692780514334,3.2405710083844577,0.62461994830755
PRIMARY,41016,M10_CONTEXT_DEPENDENT_CAUSALITY,A|D,A,ABSTAIN_UNCERTAIN_MODEL,,False,False,0.05221983512276293,0.04983278025100775,1.0,3.155060317276929,0.23204021760026497,0.035405207425327476
PRIMARY,41016,M11_SHARED_MODEL_CLASS_MISSPECIFICATION,A,C,ABSTAIN_UNCERTAIN_MODEL,,False,True,1.6831041989083326,0.07750503153750399,1.0,2.754038439954603,0.3343796828385652,0.8479876945498096
PRIMARY,41016,N0_ZERO_CAUSE,,C,FALSIFIED_NO_LEVERAGE,,False,True,3.0289374219591356,0.0466429792148788,1.0,3.286192118368967,1.1192757668006412,1.0
PRIMARY,41017,M6_REDUNDANT_CAUSES,A|B,A,ACCEPT_CAUSAL_CREDIT,A,False,False,0.050801405283918244,0.019398717166534643,1.0,3.3305356541456863,0.1573582360094221,0.02409086179263919
PRIMARY,41017,M7_SYNERGISTIC_CAUSES,A|B,A,ABSTAIN_UNCERTAIN_MODEL,,False,False,1.0200950423112718,0.39731627578427803,0.5833333333333334,3.365198206748821,0.558995691054698,0.12806808006912954
PRIMARY,41017,M8_VARIABLE_DELAY,A|B,A,ABSTAIN_UNCERTAIN_MODEL,,False,False,0.06819837808929197,0.05085295283294394,1.0,3.1797391662611227,0.22362885736716842,0.05138092212191781
PRIMARY,41017,M9_LATENT_CONFOUNDER_SHIFT,A,C,ABSTAIN_UNCERTAIN_MODEL,,False,True,1.4890730608491745,0.04292882912378061,1.0,3.2253450576720804,3.1438106662661967,0.6170384736466994
PRIMARY,41017,M10_CONTEXT_DEPENDENT_CAUSALITY,A|D,A,ABSTAIN_UNCERTAIN_MODEL,,False,False,0.0633934758332012,0.03779038262358436,1.0,3.2104181553116335,0.2601383336163479,0.037640322281126064
PRIMARY,41017,M11_SHARED_MODEL_CLASS_MISSPECIFICATION,A,C,ABSTAIN_UNCERTAIN_MODEL,,False,True,2.075810282954487,0.13595464887657494,1.0,2.7206533822893855,0.4309399028588927,0.7799163089426586
PRIMARY,41017,N0_ZERO_CAUSE,,C,FALSIFIED_NO_LEVERAGE,,False,True,2.948714180514364,0.04085723546966391,1.0,3.221609625099069,0.9551169391556023,1.0
PRIMARY,41018,M6_REDUNDANT_CAUSES,A|B,A,ACCEPT_CAUSAL_CREDIT,A,False,False,0.034998944347443835,0.013144859319624991,1.0,3.3344261384114335,0.14471631037085467,0.02451153261781022
PRIMARY,41018,M7_SYNERGISTIC_CAUSES,A|B,A,ABSTAIN_UNCERTAIN_MODEL,,False,False,1.0063963334279173,0.645437888668802,0.5,3.39644480346621,0.6290395425745439,0.13064912583221588
PRIMARY,41018,M8_VARIABLE_DELAY,A|B,A,ABSTAIN_UNCERTAIN_MODEL,,False,False,0.07406964129194729,0.05447588454002568,1.0,3.1847865126088033,0.22270317935296305,0.03625913492701197
PRIMARY,41018,M9_LATENT_CONFOUNDER_SHIFT,A,C,ABSTAIN_UNCERTAIN_MODEL,,False,True,1.5313959111289446,0.0565442709049833,1.0,3.34797964050201,3.182078303425432,0.6095949612996618
PRIMARY,41018,M10_CONTEXT_DEPENDENT_CAUSALITY,A|D,A,ABSTAIN_UNCERTAIN_MODEL,,False,False,0.07045064874542015,0.07584891310632555,1.0,3.2347168126712567,0.2707514791391523,0.05488672255454737
PRIMARY,41018,M11_SHARED_MODEL_CLASS_MISSPECIFICATION,A,C,ABSTAIN_UNCERTAIN_MODEL,,False,True,1.6870379689880184,0.02450378656378378,1.0,2.8014312291717136,0.317363092220969,0.8644129297473536
PRIMARY,41018,N0_ZERO_CAUSE,,C,FALSIFIED_NO_LEVERAGE,,False,True,3.010617186547285,0.05916438107757558,1.0,3.397978905419807,0.9854972488142154,1.0
PRIMARY,41019,M6_REDUNDANT_CAUSES,A|B,A,ACCEPT_CAUSAL_CREDIT,A,False,False,0.04323118170291766,0.009740106859587866,1.0,3.3063673397473723,0.16316488462985862,0.01589084866200946
PRIMARY,41019,M7_SYNERGISTIC_CAUSES,A|B,A,ABSTAIN_UNCERTAIN_MODEL,,False,False,1.0191575819056442,0.5689389528685524,0.5833333333333334,3.283421560693327,0.5918086073104528,0.1613232339765015
PRIMARY,41019,M8_VARIABLE_DELAY,A|B,A,ABSTAIN_UNCERTAIN_MODEL,,False,False,0.06598252049471798,0.04183551079350012,1.0,3.1605858459356964,0.19605188197052761,0.040315184382995584
PRIMARY,41019,M9_LATENT_CONFOUNDER_SHIFT,A,C,ABSTAIN_UNCERTAIN_MODEL,,False,True,1.5914504230181938,0.03213720868463356,1.0,3.226548193070883,3.1664359350513873,0.6714237611938666
PRIMARY,41019,M10_CONTEXT_DEPENDENT_CAUSALITY,A|D,A,ABSTAIN_UNCERTAIN_MODEL,,False,False,0.07657758666562708,0.04231388282050366,1.0,3.217192674995941,0.2831156409206278,0.06432349763995025
PRIMARY,41019,M11_SHARED_MODEL_CLASS_MISSPECIFICATION,A,C,ABSTAIN_UNCERTAIN_MODEL,,False,True,1.7667542639529126,0.09820557855161795,1.0,2.8627202806648957,0.7014672331718258,0.8108763268462793
PRIMARY,41019,N0_ZERO_CAUSE,,C,FALSIFIED_NO_LEVERAGE,,False,True,3.2134312199115094,0.04583105380313276,1.0,3.368088983664985,0.9818935340742025,1.0
PRIMARY,41020,M6_REDUNDANT_CAUSES,A|B,A,ACCEPT_CAUSAL_CREDIT,A,False,False,0.033799390119735206,0.010560711047274648,1.0,3.3613693278094603,0.1542955978777031,0.01623764923183637
PRIMARY,41020,M7_SYNERGISTIC_CAUSES,A|B,A,ABSTAIN_UNCERTAIN_MODEL,,False,False,1.0057082703363318,0.6420196974294606,0.5833333333333334,3.336874986386487,0.5606568669138678,0.1871437395149326
PRIMARY,41020,M8_VARIABLE_DELAY,A|B,A,ABSTAIN_UNCERTAIN_MODEL,,False,False,0.07929592314512939,0.03890568601251687,1.0,3.099456608358775,0.18379681816116947,0.0652226038460052
PRIMARY,41020,M9_LATENT_CONFOUNDER_SHIFT,A,C,ABSTAIN_UNCERTAIN_MODEL,,False,True,1.630334949553143,0.052816173559466446,1.0,3.272746105949316,3.2239675379132504,0.6249194153827817
PRIMARY,41020,M10_CONTEXT_DEPENDENT_CAUSALITY,A|D,A,ABSTAIN_UNCERTAIN_MODEL,,False,False,0.058918454237693936,0.08838993909474588,1.0,3.153641148661689,0.26812770033677036,0.03719971445281722
PRIMARY,41020,M11_SHARED_MODEL_CLASS_MISSPECIFICATION,A,C,ABSTAIN_UNCERTAIN_MODEL,,False,True,1.6535356840817537,0.030758337969967468,1.0,2.887245517263219,0.5298449337210618,0.8687420787401438
PRIMARY,41020,N0_ZERO_CAUSE,,C,FALSIFIED_NO_LEVERAGE,,False,True,3.0119885326828157,0.028164876161226128,1.0,3.3786943555773363,1.1105887033044235,1.0
PRIMARY,41021,M6_REDUNDANT_CAUSES,A|B,A,ACCEPT_CAUSAL_CREDIT,A,False,False,0.03362881522573357,0.010781849391050749,1.0,3.305715934133378,0.13881830697761682,0.018644351914987273
PRIMARY,41021,M7_SYNERGISTIC_CAUSES,A|B,B,ABSTAIN_UNCERTAIN_MODEL,,False,False,1.0066080359466674,0.611748581757318,0.5,3.3803262238600995,0.6346447844986548,0.15859373102325955
PRIMARY,41021,M8_VARIABLE_DELAY,A|B,A,ABSTAIN_UNCERTAIN_MODEL,,False,False,0.0558600058444441,0.03439447259568315,1.0,3.091065371473772,0.18848280952830904,0.035134036906963054
PRIMARY,41021,M9_LATENT_CONFOUNDER_SHIFT,A,C,ABSTAIN_UNCERTAIN_MODEL,,False,True,1.5590141441062846,0.0464712178915478,1.0,3.2968592220506503,3.2240705670404646,0.624343095264264
PRIMARY,41021,M10_CONTEXT_DEPENDENT_CAUSALITY,A|D,A,ABSTAIN_UNCERTAIN_MODEL,,False,False,0.06821923520589095,0.04750389683353646,1.0,3.237704545084561,0.27512144327545995,0.046211437389444956
PRIMARY,41021,M11_SHARED_MODEL_CLASS_MISSPECIFICATION,A,C,ABSTAIN_UNCERTAIN_MODEL,,False,True,1.7612491445431697,0.03294640278957341,1.0,2.7255625516388404,0.41681513540169707,0.8353276292574281
PRIMARY,41021,N0_ZERO_CAUSE,,C,FALSIFIED_NO_LEVERAGE,,False,True,3.201442809824846,0.03422478899633322,1.0,3.323402643322862,1.0513078729594851,1.0
PRIMARY,41022,M6_REDUNDANT_CAUSES,A|B,A,ACCEPT_CAUSAL_CREDIT,A,False,False,0.044727595697170705,0.016482516053541313,1.0,3.290200453970627,0.1517427320097427,0.01507854552968017
PRIMARY,41022,M7_SYNERGISTIC_CAUSES,A|B,B,ABSTAIN_UNCERTAIN_MODEL,,False,False,1.005360450164896,0.7136862844905189,0.5,3.3586639388903583,0.6047119423524732,0.18997640706655552
PRIMARY,41022,M8_VARIABLE_DELAY,A|B,A,ACCEPT_CAUSAL_CREDIT,A,False,False,0.07074168402693355,0.027728539872786572,1.0,3.085573307221507,0.1619963620821386,0.03541163141911567
PRIMARY,41022,M9_LATENT_CONFOUNDER_SHIFT,A,C,ABSTAIN_UNCERTAIN_MODEL,,False,True,1.5235587396885406,0.04762304845714486,1.0,3.3804630616363243,3.1528930996319247,0.6296890921237394
PRIMARY,41022,M10_CONTEXT_DEPENDENT_CAUSALITY,A|D,A,ABSTAIN_UNCERTAIN_MODEL,,False,False,0.07897340672998064,0.07065998425415171,1.0,3.2823912097066246,0.3043004197344859,0.07583710898015929
PRIMARY,41022,M11_SHARED_MODEL_CLASS_MISSPECIFICATION,A,C,ABSTAIN_UNCERTAIN_MODEL,,False,True,1.703652558945286,0.05825490343716459,1.0,2.7321299036681754,0.3755857793755328,0.8569444134294638
PRIMARY,41022,N0_ZERO_CAUSE,,C,FALSIFIED_NO_LEVERAGE,,False,True,3.0397500110852,0.042877827345462964,1.0,3.294180641911883,0.8847484520409435,1.0
PRIMARY,41023,M6_REDUNDANT_CAUSES,A|B,A,ACCEPT_CAUSAL_CREDIT,A,False,False,0.03333604634115027,0.01018576306747042,1.0,3.3205542178755056,0.16211602537814246,0.01895859533948066
PRIMARY,41023,M7_SYNERGISTIC_CAUSES,A|B,B,ABSTAIN_UNCERTAIN_MODEL,,False,False,0.9974346743522791,0.4434110033844353,0.75,3.367244220891516,0.6326359513883694,0.14154658680521295
PRIMARY,41023,M8_VARIABLE_DELAY,A|B,A,ABSTAIN_UNCERTAIN_MODEL,,False,False,0.07120532483306502,0.050970089262970086,1.0,3.155867510847341,0.20327273849594357,0.046351956830158116
PRIMARY,41023,M9_LATENT_CONFOUNDER_SHIFT,A,C,ABSTAIN_UNCERTAIN_MODEL,,False,True,1.5755687403246155,0.03319255226958231,1.0,3.2459155669516866,3.262949098303235,0.6623639916194033
PRIMARY,41023,M10_CONTEXT_DEPENDENT_CAUSALITY,A|D,A,ACCEPT_CAUSAL_CREDIT,A,False,False,0.06026253269118584,0.028715711542405063,1.0,3.085280611595204,0.24961783603933138,0.03985930816092104
PRIMARY,41023,M11_SHARED_MODEL_CLASS_MISSPECIFICATION,A,C,ABSTAIN_UNCERTAIN_MODEL,,False,True,1.684595440891965,0.03579867219282569,1.0,2.851501961969544,0.5606221754086879,0.8611326992949508
PRIMARY,41023,N0_ZERO_CAUSE,,C,FALSIFIED_NO_LEVERAGE,,False,True,3.0426808654243196,0.0399713115962534,1.0,3.28824256356675,1.1488604057817526,1.0
PRIMARY,41024,M6_REDUNDANT_CAUSES,A|B,A,ACCEPT_CAUSAL_CREDIT,A,False,False,0.03527531810756891,0.006370447081340909,1.0,3.4437348059563844,0.1662145318496058,0.020900712290869566
PRIMARY,41024,M7_SYNERGISTIC_CAUSES,A|B,B,ABSTAIN_UNCERTAIN_MODEL,,False,False,1.0083313857160783,0.6483790464581562,0.5833333333333334,3.4736723686390505,0.6723439055976337,0.19995822834819652
PRIMARY,41024,M8_VARIABLE_DELAY,A|B,A,ABSTAIN_UNCERTAIN_MODEL,,False,False,0.07275111212734987,0.08438484665334516,1.0,3.2086187352456417,0.23069937994720252,0.028761289983701515
PRIMARY,41024,M9_LATENT_CONFOUNDER_SHIFT,A,C,ABSTAIN_UNCERTAIN_MODEL,,False,True,1.4776039286909046,0.04341512243244153,1.0,3.3389899911043353,3.0958457657729674,0.6481222104299077
PRIMARY,41024,M10_CONTEXT_DEPENDENT_CAUSALITY,A|D,A,ABSTAIN_UNCERTAIN_MODEL,,False,False,0.0651928857643608,0.05422783008800208,1.0,3.297727175382267,0.29868699471667576,0.07667812911387095
PRIMARY,41024,M11_SHARED_MODEL_CLASS_MISSPECIFICATION,A,C,ABSTAIN_UNCERTAIN_MODEL,,False,True,1.6971320802850416,0.09015012815373623,1.0,2.7743407597393657,0.3885363482676648,0.8444745952848596
PRIMARY,41024,N0_ZERO_CAUSE,,C,FALSIFIED_NO_LEVERAGE,,False,True,3.17930850175856,0.02838315252042365,1.0,3.384662311136309,0.8287283213463934,1.0
PRIMARY,41025,M6_REDUNDANT_CAUSES,A|B,A,ACCEPT_CAUSAL_CREDIT,A,False,False,0.04475444681327968,0.013299154913388098,1.0,3.4118634908402274,0.13774531562882036,0.017826936044194337
PRIMARY,41025,M7_SYNERGISTIC_CAUSES,A|B,B,ABSTAIN_UNCERTAIN_MODEL,,False,False,1.0145799564796736,0.40959525242599876,0.8333333333333334,3.320347690602301,0.6615932145841924,0.10078976450567001
PRIMARY,41025,M8_VARIABLE_DELAY,A|B,A,ABSTAIN_UNCERTAIN_MODEL,,False,False,0.07292985652734653,0.082673045270297,1.0,3.229457311351899,0.1981070129521904,0.043609632953660216
PRIMARY,41025,M9_LATENT_CONFOUNDER_SHIFT,A,C,ABSTAIN_UNCERTAIN_MODEL,,False,True,1.511706126507652,0.046318548834513945,1.0,3.3574570657314036,3.1320980536986283,0.6062494300927695
PRIMARY,41025,M10_CONTEXT_DEPENDENT_CAUSALITY,A|D,A,ABSTAIN_UNCERTAIN_MODEL,,False,False,0.0668405226023685,0.046983173253168926,1.0,3.2639387194626135,0.2711041814914381,0.048431415869693024
PRIMARY,41025,M11_SHARED_MODEL_CLASS_MISSPECIFICATION,A,C,ABSTAIN_UNCERTAIN_MODEL,,False,True,1.7276947211819786,0.03983240837878436,1.0,2.6881274107788076,0.3817949749010981,0.8526777221410413
PRIMARY,41025,N0_ZERO_CAUSE,,C,FALSIFIED_NO_LEVERAGE,,False,True,3.056296143654067,0.03756697835859798,1.0,3.242784204044775,1.2551715244826689,1.0
PRIMARY,41026,M6_REDUNDANT_CAUSES,A|B,A,ACCEPT_CAUSAL_CREDIT,A,False,False,0.04194392970204136,0.01043067243829259,1.0,3.3949602524199918,0.15013713000837894,0.019501980662028618
PRIMARY,41026,M7_SYNERGISTIC_CAUSES,A|B,B,ABSTAIN_UNCERTAIN_MODEL,,False,False,1.0396377888722403,0.4602026349240255,0.5833333333333334,3.3003183518518093,0.6058930012427354,0.1689261968049481
PRIMARY,41026,M8_VARIABLE_DELAY,A|B,A,ABSTAIN_UNCERTAIN_MODEL,,False,False,0.06627837037066538,0.06570111260779017,1.0,3.1199499042715577,0.20734586800661584,0.03551089753032991
PRIMARY,41026,M9_LATENT_CONFOUNDER_SHIFT,A,C,ABSTAIN_UNCERTAIN_MODEL,,False,True,1.515798750336391,0.03818036575546872,1.0,3.366639535977268,3.16471230405119,0.6435893721401242
PRIMARY,41026,M10_CONTEXT_DEPENDENT_CAUSALITY,A|D,A,ABSTAIN_UNCERTAIN_MODEL,,False,False,0.06920628780256541,0.037453083705815966,1.0,3.23426438560666,0.24874421259998888,0.07011463225634804
PRIMARY,41026,M11_SHARED_MODEL_CLASS_MISSPECIFICATION,A,C,ABSTAIN_UNCERTAIN_MODEL,,False,True,1.6945299117519954,0.07879838251036662,1.0,2.780896997347634,0.42035230988835415,0.8378894986096275
PRIMARY,41026,N0_ZERO_CAUSE,,C,FALSIFIED_NO_LEVERAGE,,False,True,3.037963167767313,0.026709514087373907,1.0,3.3034474045047872,0.7892379587514525,1.0
PRIMARY,41027,M6_REDUNDANT_CAUSES,A|B,A,ACCEPT_CAUSAL_CREDIT,A,False,False,0.0660857306291188,0.010127544101671885,1.0,3.2697352308425938,0.1495999167324724,0.039879704509121934
PRIMARY,41027,M7_SYNERGISTIC_CAUSES,A|B,B,ABSTAIN_UNCERTAIN_MODEL,,False,False,1.0076944411112092,0.6617585290305491,0.4166666666666667,3.4095696612658166,0.6988520545116346,0.15210588696291974
PRIMARY,41027,M8_VARIABLE_DELAY,A|B,A,ABSTAIN_UNCERTAIN_MODEL,,False,False,0.06692973319274138,0.04827980178049021,1.0,3.1671225201448663,0.18888377991757763,0.044232067025508956
PRIMARY,41027,M9_LATENT_CONFOUNDER_SHIFT,A,C,ABSTAIN_UNCERTAIN_MODEL,,False,True,1.4494345229062169,0.04090853501062061,1.0,3.260081003267527,3.072182442199744,0.6574265706940736
PRIMARY,41027,M10_CONTEXT_DEPENDENT_CAUSALITY,A|D,A,ABSTAIN_UNCERTAIN_MODEL,,False,False,0.056175948240391044,0.0765355493948341,1.0,3.292880176279798,0.24907820618177187,0.0626266190341262
PRIMARY,41027,M11_SHARED_MODEL_CLASS_MISSPECIFICATION,A,C,ABSTAIN_UNCERTAIN_MODEL,,False,True,1.6983066130954114,0.0530358250364276,1.0,2.7775233945027544,0.4660089913496428,0.851877248812701
PRIMARY,41027,N0_ZERO_CAUSE,,C,FALSIFIED_NO_LEVERAGE,,False,True,3.014247202387862,0.042385330251237106,1.0,3.3203974352210883,1.0864390695178663,1.0
PRIMARY,41028,M6_REDUNDANT_CAUSES,A|B,A,ACCEPT_CAUSAL_CREDIT,A,False,False,0.05271316970686629,0.013831749978098818,1.0,3.3180073649482598,0.1579821129891903,0.017027421209603436
PRIMARY,41028,M7_SYNERGISTIC_CAUSES,A|B,A,ABSTAIN_UNCERTAIN_MODEL,,False,False,1.008700787444462,0.6139821884516328,0.3333333333333333,3.28223687783324,0.5856593467833401,0.13757306870532934
PRIMARY,41028,M8_VARIABLE_DELAY,A|B,A,ABSTAIN_UNCERTAIN_MODEL,,False,False,0.0683599191515557,0.05305714854989915,1.0,3.0598411261685383,0.19245693590095234,0.03590360382073307
PRIMARY,41028,M9_LATENT_CONFOUNDER_SHIFT,A,C,ABSTAIN_UNCERTAIN_MODEL,,False,True,1.5720133736552657,0.03754753016319717,1.0,3.410117041200296,3.2014256307102547,0.6323512229627234
PRIMARY,41028,M10_CONTEXT_DEPENDENT_CAUSALITY,A|D,A,ABSTAIN_UNCERTAIN_MODEL,,False,False,0.08990388467419963,0.049476188081059615,1.0,3.207266587224947,0.23542374536851773,0.04949975365462972
PRIMARY,41028,M11_SHARED_MODEL_CLASS_MISSPECIFICATION,A,C,ABSTAIN_UNCERTAIN_MODEL,,False,True,1.7298795104466123,0.03613688785801844,1.0,2.6790755512325926,0.26868925098043067,0.8504428646367479
PRIMARY,41028,N0_ZERO_CAUSE,,C,FALSIFIED_NO_LEVERAGE,,False,True,2.948606554581069,0.04336265349884983,1.0,3.25317829359825,0.9106653817445377,1.0
PRIMARY,41029,M6_REDUNDANT_CAUSES,A|B,A,ACCEPT_CAUSAL_CREDIT,A,False,False,0.061644451760931696,0.011306555226455618,1.0,3.362704420644246,0.14570407988107797,0.026696453266565726
PRIMARY,41029,M7_SYNERGISTIC_CAUSES,A|B,A,ABSTAIN_UNCERTAIN_MODEL,,False,False,1.0088461246407356,0.5284551403389114,0.5,3.3302185751717066,0.5444413731565653,0.16479793417522298
PRIMARY,41029,M8_VARIABLE_DELAY,A|B,A,ACCEPT_CAUSAL_CREDIT,A,False,False,0.08823572955663955,0.03013937766215421,1.0,3.149255349468251,0.17180923367302012,0.040713243045233306
PRIMARY,41029,M9_LATENT_CONFOUNDER_SHIFT,A,C,ABSTAIN_UNCERTAIN_MODEL,,False,True,1.573225960285462,0.034248399761170965,1.0,3.3307863786573204,3.229659638590185,0.6451889265661287
PRIMARY,41029,M10_CONTEXT_DEPENDENT_CAUSALITY,A|D,A,ABSTAIN_UNCERTAIN_MODEL,,False,False,0.08740465626246538,0.03776591880619913,1.0,3.143608457622676,0.24659083624545314,0.05518232863233415
PRIMARY,41029,M11_SHARED_MODEL_CLASS_MISSPECIFICATION,A,C,ABSTAIN_UNCERTAIN_MODEL,,False,True,2.0382658198942996,0.1162977486873005,1.0,2.7762909156543554,0.3710502065288994,0.799422075234959
PRIMARY,41029,N0_ZERO_CAUSE,,C,FALSIFIED_NO_LEVERAGE,,False,True,3.357061507076002,0.016628918673351072,1.0,3.3218944720119854,1.1747434294338952,1.0
PRIMARY,41030,M6_REDUNDANT_CAUSES,A|B,A,ACCEPT_CAUSAL_CREDIT,A,False,False,0.043819959375899054,0.013770634596762671,1.0,3.3619166157900393,0.1465695872735484,0.021793158855423118
PRIMARY,41030,M7_SYNERGISTIC_CAUSES,A|B,B,ABSTAIN_UNCERTAIN_MODEL,,False,False,0.9953912814375647,0.8734821518985214,0.5,3.317656589608548,0.6214943353429938,0.16223344837887907
PRIMARY,41030,M8_VARIABLE_DELAY,A|B,A,ABSTAIN_UNCERTAIN_MODEL,,False,False,0.05239595011603149,0.047306274240745634,1.0,3.0926682329716915,0.17955980158143484,0.027763599852523007
PRIMARY,41030,M9_LATENT_CONFOUNDER_SHIFT,A,C,ABSTAIN_UNCERTAIN_MODEL,,False,True,1.422254933503071,0.045730620872621405,1.0,3.230876793615674,3.0694006975171275,0.6329329144404023
PRIMARY,41030,M10_CONTEXT_DEPENDENT_CAUSALITY,A|D,A,ACCEPT_CAUSAL_CREDIT,A,False,False,0.0781145164913278,0.024573195950400584,1.0,3.299903901106458,0.286020812430556,0.05721144927622169
PRIMARY,41030,M11_SHARED_MODEL_CLASS_MISSPECIFICATION,A,C,ABSTAIN_UNCERTAIN_MODEL,,False,True,1.6668022852892306,0.07194408146411375,1.0,2.727408968022851,0.39535730683308573,0.8677299103646449
PRIMARY,41030,N0_ZERO_CAUSE,,C,FALSIFIED_NO_LEVERAGE,,False,True,3.11012217440413,0.02388155918387713,1.0,3.306644039034719,1.0553162956820619,1.0
PRIMARY,41031,M6_REDUNDANT_CAUSES,A|B,A,ACCEPT_CAUSAL_CREDIT,A,False,False,0.037991150937968815,0.007772959914777401,1.0,3.2830500615461093,0.13408105613662566,0.018795678774063077
PRIMARY,41031,M7_SYNERGISTIC_CAUSES,A|B,B,ABSTAIN_UNCERTAIN_MODEL,,False,False,1.0067800703859913,0.5822448962517558,0.6666666666666666,3.310597304798153,0.6079650632681723,0.11697858905154433
PRIMARY,41031,M8_VARIABLE_DELAY,A|B,A,ABSTAIN_UNCERTAIN_MODEL,,False,False,0.06598056774410901,0.05773546477296651,1.0,3.076190265381335,0.17265014596408693,0.04958327059152261
PRIMARY,41031,M9_LATENT_CONFOUNDER_SHIFT,A,C,ABSTAIN_UNCERTAIN_MODEL,,False,True,1.5665672462022124,0.03615350332553841,1.0,3.3515578963513537,3.2129043705211187,0.6352469396266187
PRIMARY,41031,M10_CONTEXT_DEPENDENT_CAUSALITY,A|D,A,ACCEPT_CAUSAL_CREDIT,A,False,False,0.0733678426933843,0.030106868764520928,1.0,3.2615484265150383,0.2654497772731512,0.06313115498481209
PRIMARY,41031,M11_SHARED_MODEL_CLASS_MISSPECIFICATION,A,C,ABSTAIN_UNCERTAIN_MODEL,,False,True,1.7862594276439065,0.11154444202170898,1.0,2.6415281962242214,0.34561608416917294,0.8373951140265764
PRIMARY,41031,N0_ZERO_CAUSE,,C,FALSIFIED_NO_LEVERAGE,,False,True,3.21088412313281,0.02995411152479314,1.0,3.3657511771713353,1.0828647578274975,1.0
INDEPENDENT_REPLICATION,51000,M6_REDUNDANT_CAUSES,A|B,A,ACCEPT_CAUSAL_CREDIT,A,False,False,0.04123189879184647,0.010913005518042614,1.0,3.41704215427574,0.16058143656412735,0.02266959782786619
INDEPENDENT_REPLICATION,51000,M7_SYNERGISTIC_CAUSES,A|B,B,ABSTAIN_UNCERTAIN_MODEL,,False,False,1.0065332190136842,0.6231440637308134,0.3333333333333333,3.3539164104237056,0.6267525963303718,0.14806747313474267
INDEPENDENT_REPLICATION,51000,M8_VARIABLE_DELAY,A|B,A,ABSTAIN_UNCERTAIN_MODEL,,False,False,0.07536172010210551,0.042780783082241876,1.0,3.21050347268261,0.21461715996315522,0.05301342266161591
INDEPENDENT_REPLICATION,51000,M9_LATENT_CONFOUNDER_SHIFT,A,C,ABSTAIN_UNCERTAIN_MODEL,,False,True,1.5934600822787757,0.028905141107641554,1.0,3.343367499888964,3.201201696651084,0.6502984056631022
INDEPENDENT_REPLICATION,51000,M10_CONTEXT_DEPENDENT_CAUSALITY,A|D,A,ABSTAIN_UNCERTAIN_MODEL,,False,False,0.06068441362872261,0.055859661514710265,1.0,3.231953981112221,0.2536495011691788,0.04750116942792702
INDEPENDENT_REPLICATION,51000,M11_SHARED_MODEL_CLASS_MISSPECIFICATION,A,C,ABSTAIN_UNCERTAIN_MODEL,,False,True,1.6715859715133383,0.05889139162265559,1.0,2.8763482774899414,0.5496792058716008,0.8575994605096438
INDEPENDENT_REPLICATION,51000,N0_ZERO_CAUSE,,C,FALSIFIED_NO_LEVERAGE,,False,True,3.1210637944637782,0.03365148673213726,1.0,3.3732108576712987,0.7353597064679894,1.0
INDEPENDENT_REPLICATION,51001,M6_REDUNDANT_CAUSES,A|B,A,ACCEPT_CAUSAL_CREDIT,A,False,False,0.0525025330817514,0.01338718102987743,1.0,3.4616999491341702,0.16268129980252566,0.016119711514133363
INDEPENDENT_REPLICATION,51001,M7_SYNERGISTIC_CAUSES,A|B,A,ABSTAIN_UNCERTAIN_MODEL,,False,False,1.007124216749276,0.7105672230100184,0.25,3.4280968618914818,0.6776026025211115,0.1379181078022603
INDEPENDENT_REPLICATION,51001,M8_VARIABLE_DELAY,A|B,A,ACCEPT_CAUSAL_CREDIT,A,False,False,0.06869887908660714,0.03253193004707225,1.0,3.1576385311637405,0.18945974268398003,0.035556819931154664
INDEPENDENT_REPLICATION,51001,M9_LATENT_CONFOUNDER_SHIFT,A,C,ABSTAIN_UNCERTAIN_MODEL,,False,True,1.5426859347300093,0.035622264253191795,1.0,3.37713535506811,3.1131739498853475,0.6181635995166234
INDEPENDENT_REPLICATION,51001,M10_CONTEXT_DEPENDENT_CAUSALITY,A|D,A,ABSTAIN_UNCERTAIN_MODEL,,False,False,0.05975042569398398,0.08279096631831045,1.0,3.2288483528238254,0.3208493244145721,0.03726398411158138
INDEPENDENT_REPLICATION,51001,M11_SHARED_MODEL_CLASS_MISSPECIFICATION,A,C,ABSTAIN_UNCERTAIN_MODEL,,False,True,1.6612429705010507,0.08469590448651629,1.0,2.7504463151181398,0.47117164376640674,0.8511099623156012
INDEPENDENT_REPLICATION,51001,N0_ZERO_CAUSE,,C,FALSIFIED_NO_LEVERAGE,,False,True,3.2159357884202606,0.03317259050460622,1.0,3.2791057913234396,1.2636953767413994,1.0
INDEPENDENT_REPLICATION,51002,M6_REDUNDANT_CAUSES,A|B,A,ACCEPT_CAUSAL_CREDIT,A,False,False,0.03301077838919283,0.008384682370569826,1.0,3.3305901526233392,0.15294907547969566,0.02198626882438622
INDEPENDENT_REPLICATION,51002,M7_SYNERGISTIC_CAUSES,A|B,B,ABSTAIN_UNCERTAIN_MODEL,,False,False,1.0047106757614488,0.7450967772899278,0.4166666666666667,3.2863958303233174,0.6471560541833804,0.1285125145859618
INDEPENDENT_REPLICATION,51002,M8_VARIABLE_DELAY,A|B,A,ABSTAIN_UNCERTAIN_MODEL,,False,False,0.05978382230678732,0.07999272174604644,1.0,3.2115396252764983,0.2084706510877718,0.036780349468626176
INDEPENDENT_REPLICATION,51002,M9_LATENT_CONFOUNDER_SHIFT,A,C,ABSTAIN_UNCERTAIN_MODEL,,False,True,1.6770909884262362,0.036571303347281425,1.0,3.364162889852231,3.3061207919782647,0.6756285822887342
INDEPENDENT_REPLICATION,51002,M10_CONTEXT_DEPENDENT_CAUSALITY,A|D,A,ABSTAIN_UNCERTAIN_MODEL,,False,False,0.06959656654470181,0.05335685173686591,1.0,3.207606533570941,0.2769007929761229,0.06227490333925569
INDEPENDENT_REPLICATION,51002,M11_SHARED_MODEL_CLASS_MISSPECIFICATION,A,C,ABSTAIN_UNCERTAIN_MODEL,,False,True,1.729755403584364,0.0927507825121712,1.0,2.683557271427219,0.46437903919732965,0.8176914866407594
INDEPENDENT_REPLICATION,51002,N0_ZERO_CAUSE,,C,FALSIFIED_NO_LEVERAGE,,False,True,2.8673755320394596,0.03178719207630352,1.0,3.4315786454278228,0.9978119995189888,1.0
INDEPENDENT_REPLICATION,51003,M6_REDUNDANT_CAUSES,A|B,A,ACCEPT_CAUSAL_CREDIT,A,False,False,0.049475849139666864,0.012513094458044847,1.0,3.316710157692106,0.1584772652904945,0.031148115855156564
INDEPENDENT_REPLICATION,51003,M7_SYNERGISTIC_CAUSES,A|B,B,ABSTAIN_UNCERTAIN_MODEL,,False,False,1.0101664366056649,0.7856218029217096,0.4166666666666667,3.2916649299738814,0.6119327929809236,0.15870028552751425
INDEPENDENT_REPLICATION,51003,M8_VARIABLE_DELAY,A|B,A,ABSTAIN_UNCERTAIN_MODEL,,False,False,0.07384116437637028,0.05387165865433622,1.0,3.0358859115213592,0.16161978117140025,0.032602877416096146
INDEPENDENT_REPLICATION,51003,M9_LATENT_CONFOUNDER_SHIFT,A,C,ABSTAIN_UNCERTAIN_MODEL,,False,True,1.6314683063444075,0.02591360882237372,1.0,3.363461534491263,3.321504146349512,0.6552642403559691
INDEPENDENT_REPLICATION,51003,M10_CONTEXT_DEPENDENT_CAUSALITY,A|D,A,ABSTAIN_UNCERTAIN_MODEL,,False,False,0.07427042337862316,0.04394886631589839,1.0,3.267807012347588,0.29031804989301613,0.05209781249576433
INDEPENDENT_REPLICATION,51003,M11_SHARED_MODEL_CLASS_MISSPECIFICATION,A,C,ABSTAIN_UNCERTAIN_MODEL,,False,True,1.7026490021868002,0.02245149801602603,1.0,2.7191582454769874,0.4575947398126737,0.8608104651073651
INDEPENDENT_REPLICATION,51003,N0_ZERO_CAUSE,,C,FALSIFIED_NO_LEVERAGE,,False,True,3.16009714527819,0.03939333974371749,1.0,3.3824162545281675,0.8986539890993682,1.0
INDEPENDENT_REPLICATION,51004,M6_REDUNDANT_CAUSES,A|B,A,ACCEPT_CAUSAL_CREDIT,A,False,False,0.05684956940510081,0.013352652746805891,1.0,3.2867941102663565,0.15569971140115074,0.03427652850611721
INDEPENDENT_REPLICATION,51004,M7_SYNERGISTIC_CAUSES,A|B,B,ABSTAIN_UNCERTAIN_MODEL,,False,False,1.0004932835845701,0.6678680639787029,0.25,3.376860016661256,0.6573529488286531,0.22191399586355728
INDEPENDENT_REPLICATION,51004,M8_VARIABLE_DELAY,A|B,A,ACCEPT_CAUSAL_CREDIT,A,False,False,0.07621457991729079,0.019494970239802827,1.0,3.0330441266959722,0.17202732236420273,0.03355779720315599
INDEPENDENT_REPLICATION,51004,M9_LATENT_CONFOUNDER_SHIFT,A,C,ABSTAIN_UNCERTAIN_MODEL,,False,True,1.5818408776084962,0.03227417153899556,1.0,3.2978083527854105,3.22570540562679,0.6298166585012047
INDEPENDENT_REPLICATION,51004,M10_CONTEXT_DEPENDENT_CAUSALITY,A|D,A,ABSTAIN_UNCERTAIN_MODEL,,False,False,0.08613531407270594,0.058878151262185235,1.0,3.258006232483741,0.24002177980991304,0.0774008035281229
INDEPENDENT_REPLICATION,51004,M11_SHARED_MODEL_CLASS_MISSPECIFICATION,A,C,ABSTAIN_UNCERTAIN_MODEL,,False,True,1.7031542736356309,0.08799474884836263,1.0,2.7712898324436632,0.42613771504952996,0.8398877450916996
INDEPENDENT_REPLICATION,51004,N0_ZERO_CAUSE,,C,FALSIFIED_NO_LEVERAGE,,False,True,3.073373983520182,0.04468866681008829,1.0,3.34243779135995,0.9680643469080898,1.0
INDEPENDENT_REPLICATION,51005,M6_REDUNDANT_CAUSES,A|B,A,ACCEPT_CAUSAL_CREDIT,A,False,False,0.03387797660030829,0.01332011805750408,1.0,3.267416426307728,0.13507315778753762,0.019472472225304235
INDEPENDENT_REPLICATION,51005,M7_SYNERGISTIC_CAUSES,A|B,B,ABSTAIN_UNCERTAIN_MODEL,,False,False,1.0631498258269958,0.20205483867285573,0.8333333333333334,3.3450209019221906,0.7158169362614631,0.08270686233543446
INDEPENDENT_REPLICATION,51005,M8_VARIABLE_DELAY,A|B,A,ABSTAIN_UNCERTAIN_MODEL,,False,False,0.06590861247281221,0.040914788028474765,1.0,3.1467083331384127,0.18584588188359763,0.03779615645183201
INDEPENDENT_REPLICATION,51005,M9_LATENT_CONFOUNDER_SHIFT,A,C,ABSTAIN_UNCERTAIN_MODEL,,False,True,1.532188213568182,0.035716038355459855,1.0,3.3306111008060224,3.2077632264648175,0.6229874434383142
INDEPENDENT_REPLICATION,51005,M10_CONTEXT_DEPENDENT_CAUSALITY,A|D,A,ACCEPT_CAUSAL_CREDIT,A,False,False,0.054969124756153134,0.027320799756753254,1.0,3.2340750912259857,0.2554662594195133,0.03651712947452383
INDEPENDENT_REPLICATION,51005,M11_SHARED_MODEL_CLASS_MISSPECIFICATION,A,C,ABSTAIN_UNCERTAIN_MODEL,,False,True,1.714010133738878,0.06184901503405666,1.0,2.8004721002232054,0.40904602945370744,0.8359107583603721
INDEPENDENT_REPLICATION,51005,N0_ZERO_CAUSE,,C,FALSIFIED_NO_LEVERAGE,,False,True,3.0329704873070247,0.03622600177267537,1.0,3.502980769959188,0.8474453685820568,1.0
INDEPENDENT_REPLICATION,51006,M6_REDUNDANT_CAUSES,A|B,A,ACCEPT_CAUSAL_CREDIT,A,False,False,0.03901569957624297,0.012728034801630742,1.0,3.3164594454168927,0.16259638535325363,0.021168693013541857
INDEPENDENT_REPLICATION,51006,M7_SYNERGISTIC_CAUSES,A|B,A,ABSTAIN_UNCERTAIN_MODEL,,False,False,1.0285189241231785,0.41424047272685105,0.5,3.2859809565249356,0.6174265812752381,0.1113365343449208
INDEPENDENT_REPLICATION,51006,M8_VARIABLE_DELAY,A|B,A,ACCEPT_CAUSAL_CREDIT,A,False,False,0.06575078272101983,0.02277709446809315,1.0,3.114126689661621,0.1997837683081603,0.04162181806662317
INDEPENDENT_REPLICATION,51006,M9_LATENT_CONFOUNDER_SHIFT,A,C,ABSTAIN_UNCERTAIN_MODEL,,False,True,1.4682594765227894,0.05782804948489618,1.0,3.2805798254391743,3.096107392456351,0.6210672628259958
INDEPENDENT_REPLICATION,51006,M10_CONTEXT_DEPENDENT_CAUSALITY,A|D,A,ABSTAIN_UNCERTAIN_MODEL,,False,False,0.06610854716433694,0.06347917186317753,1.0,3.243649075137702,0.27197605692274596,0.0610412411893732
INDEPENDENT_REPLICATION,51006,M11_SHARED_MODEL_CLASS_MISSPECIFICATION,A,C,ABSTAIN_UNCERTAIN_MODEL,,False,True,1.6906269340787705,0.019241865742601054,1.0,2.6558221175086114,0.4564781193532331,0.8669586689384927
INDEPENDENT_REPLICATION,51006,N0_ZERO_CAUSE,,C,FALSIFIED_NO_LEVERAGE,,False,True,2.9912166547346657,0.04418792562455234,1.0,3.3663657099066544,0.9652207148415837,1.0
INDEPENDENT_REPLICATION,51007,M6_REDUNDANT_CAUSES,A|B,A,ACCEPT_CAUSAL_CREDIT,A,False,False,0.049877163060666675,0.010485471092756514,1.0,3.3698599587195566,0.16030695308131454,0.024967133632400277
INDEPENDENT_REPLICATION,51007,M7_SYNERGISTIC_CAUSES,A|B,A,ABSTAIN_UNCERTAIN_MODEL,,False,False,1.0052433561088385,0.782233480554746,0.6666666666666666,3.384120252555154,0.7432517446534679,0.15676858058988666
INDEPENDENT_REPLICATION,51007,M8_VARIABLE_DELAY,A|B,A,ABSTAIN_UNCERTAIN_MODEL,,False,False,0.05751765737559572,0.09505939544164427,1.0,3.110212419211491,0.2135745548481403,0.03615361717081012
INDEPENDENT_REPLICATION,51007,M9_LATENT_CONFOUNDER_SHIFT,A,C,ABSTAIN_UNCERTAIN_MODEL,,False,True,1.5277193333848658,0.03759232591811481,1.0,3.227721711474823,3.175628082519578,0.6076185546387306
INDEPENDENT_REPLICATION,51007,M10_CONTEXT_DEPENDENT_CAUSALITY,A|D,A,ABSTAIN_UNCERTAIN_MODEL,,False,False,0.0809290575956303,0.09469292008437982,1.0,3.123986306471017,0.2510116386313878,0.0478980671347812
INDEPENDENT_REPLICATION,51007,M11_SHARED_MODEL_CLASS_MISSPECIFICATION,A,C,ABSTAIN_UNCERTAIN_MODEL,,False,True,1.7178620580695478,0.05308249016367875,1.0,2.7907950330366793,0.40893048195376364,0.8411963626181103
INDEPENDENT_REPLICATION,51007,N0_ZERO_CAUSE,,C,FALSIFIED_NO_LEVERAGE,,False,True,2.8511427040601496,0.05371691057240557,1.0,3.43245897439827,0.8988503341995095,1.0
INDEPENDENT_REPLICATION,51008,M6_REDUNDANT_CAUSES,A|B,A,ACCEPT_CAUSAL_CREDIT,A,False,False,0.05037448308800985,0.012880992011208306,1.0,3.2527272145820048,0.1574853003852167,0.022843231695009302
INDEPENDENT_REPLICATION,51008,M7_SYNERGISTIC_CAUSES,A|B,B,ABSTAIN_UNCERTAIN_MODEL,,False,False,0.9988616868953907,0.9255674594212918,0.25,3.2606692417979506,0.6188874348405857,0.15913758086945312
INDEPENDENT_REPLICATION,51008,M8_VARIABLE_DELAY,A|B,A,ABSTAIN_UNCERTAIN_MODEL,,False,False,0.07009109473414761,0.07413118664547655,1.0,3.1494050519973884,0.18632562436830388,0.03814802461679659
INDEPENDENT_REPLICATION,51008,M9_LATENT_CONFOUNDER_SHIFT,A,C,ABSTAIN_UNCERTAIN_MODEL,,False,True,1.5731923232657352,0.0503946922277185,1.0,3.4404815191512275,3.3057233534737502,0.6347495495475309
INDEPENDENT_REPLICATION,51008,M10_CONTEXT_DEPENDENT_CAUSALITY,A|D,A,ABSTAIN_UNCERTAIN_MODEL,,False,False,0.08647992857088933,0.03404833476340917,1.0,3.144160150666016,0.2527705311986086,0.05029893841435598
INDEPENDENT_REPLICATION,51008,M11_SHARED_MODEL_CLASS_MISSPECIFICATION,A,C,ABSTAIN_UNCERTAIN_MODEL,,False,True,1.6963440313609364,0.0207874305251154,1.0,2.7614118960375955,0.43980791191826496,0.867168924905359
INDEPENDENT_REPLICATION,51008,N0_ZERO_CAUSE,,C,FALSIFIED_NO_LEVERAGE,,False,True,3.284422847460026,0.030839302780880203,1.0,3.3455164311370282,0.7164369000156762,1.0
INDEPENDENT_REPLICATION,51009,M6_REDUNDANT_CAUSES,A|B,A,ACCEPT_CAUSAL_CREDIT,A,False,False,0.03533442917300695,0.011977176878796222,1.0,3.2504737342738523,0.14859666012096778,0.0201924924272023
INDEPENDENT_REPLICATION,51009,M7_SYNERGISTIC_CAUSES,A|B,A,ABSTAIN_UNCERTAIN_MODEL,,False,False,1.0043886037067895,0.7276937246165986,0.75,3.3464371924829,0.6293689347568017,0.1460638152842733
INDEPENDENT_REPLICATION,51009,M8_VARIABLE_DELAY,A|B,A,ABSTAIN_UNCERTAIN_MODEL,,False,False,0.0913575373377391,0.06119739068923724,1.0,3.103043029929654,0.20976500154129352,0.03528892704206108
INDEPENDENT_REPLICATION,51009,M9_LATENT_CONFOUNDER_SHIFT,A,C,ABSTAIN_UNCERTAIN_MODEL,,False,True,1.6310056552706729,0.02928267150632213,1.0,3.2662173843711058,3.2614145371771133,0.6170046210666291
INDEPENDENT_REPLICATION,51009,M10_CONTEXT_DEPENDENT_CAUSALITY,A|D,A,ABSTAIN_UNCERTAIN_MODEL,,False,False,0.0650474797505988,0.12241237317313361,1.0,3.2117779449034556,0.29985462363844134,0.05805668732853068
INDEPENDENT_REPLICATION,51009,M11_SHARED_MODEL_CLASS_MISSPECIFICATION,A,C,ABSTAIN_UNCERTAIN_MODEL,,False,True,1.749020823638219,0.07358019882621471,1.0,2.75667369964102,0.5443364070747534,0.8270792927171109
INDEPENDENT_REPLICATION,51009,N0_ZERO_CAUSE,,C,FALSIFIED_NO_LEVERAGE,,False,True,3.051999191369541,0.03152474712806445,1.0,3.268952446214851,0.9901662538061422,1.0
INDEPENDENT_REPLICATION,51010,M6_REDUNDANT_CAUSES,A|B,A,ACCEPT_CAUSAL_CREDIT,A,False,False,0.039077747352622816,0.006236950058887925,1.0,3.2964019148855686,0.1620206755819287,0.021395723957177974
INDEPENDENT_REPLICATION,51010,M7_SYNERGISTIC_CAUSES,A|B,A,ABSTAIN_UNCERTAIN_MODEL,,False,False,1.0082974872254549,0.6115466779521055,0.3333333333333333,3.371224708039702,0.6608964487353383,0.1701202707478064
INDEPENDENT_REPLICATION,51010,M8_VARIABLE_DELAY,A|B,A,ABSTAIN_UNCERTAIN_MODEL,,False,False,0.06848664668311522,0.052455472228797574,1.0,3.1703885001291843,0.18937843726770703,0.04128872336917692
INDEPENDENT_REPLICATION,51010,M9_LATENT_CONFOUNDER_SHIFT,A,C,ABSTAIN_UNCERTAIN_MODEL,,False,True,1.5963379073311186,0.04538073648832015,1.0,3.276504728336329,3.1730180838005198,0.6289165071213715
INDEPENDENT_REPLICATION,51010,M10_CONTEXT_DEPENDENT_CAUSALITY,A|D,A,ABSTAIN_UNCERTAIN_MODEL,,False,False,0.06296686761210375,0.042117016655506545,1.0,3.2444129942700544,0.24474707630356168,0.06670200913681715
INDEPENDENT_REPLICATION,51010,M11_SHARED_MODEL_CLASS_MISSPECIFICATION,A,C,ABSTAIN_UNCERTAIN_MODEL,,False,True,1.6973142871580826,0.09649563859014822,1.0,2.755702329007449,0.44176443628187617,0.8392812134776201
INDEPENDENT_REPLICATION,51010,N0_ZERO_CAUSE,,C,FALSIFIED_NO_LEVERAGE,,False,True,3.006300232578899,0.03973784678757256,1.0,3.287897680190066,1.0161664493938292,1.0
INDEPENDENT_REPLICATION,51011,M6_REDUNDANT_CAUSES,A|B,A,ACCEPT_CAUSAL_CREDIT,A,False,False,0.038770068983855974,0.010634488665935972,1.0,3.3422434638820384,0.15819845303188887,0.021937143850346785
INDEPENDENT_REPLICATION,51011,M7_SYNERGISTIC_CAUSES,A|B,B,ABSTAIN_UNCERTAIN_MODEL,,False,False,1.009101042460659,0.6694273537897203,0.25,3.3693838152167253,0.6574201243194718,0.17964822400465266
INDEPENDENT_REPLICATION,51011,M8_VARIABLE_DELAY,A|B,A,ABSTAIN_UNCERTAIN_MODEL,,False,False,0.06960269972992404,0.07313725477749243,1.0,3.147211813153001,0.22498959770129034,0.030385059455522005
INDEPENDENT_REPLICATION,51011,M9_LATENT_CONFOUNDER_SHIFT,A,C,ABSTAIN_UNCERTAIN_MODEL,,False,True,1.5384317407569457,0.055231451484118524,1.0,3.320610261586106,3.185740974929608,0.6084820388761955
INDEPENDENT_REPLICATION,51011,M10_CONTEXT_DEPENDENT_CAUSALITY,A|D,A,ABSTAIN_UNCERTAIN_MODEL,,False,False,0.0771080190943297,0.04859649183706761,1.0,3.117043765245987,0.2565865584094245,0.056619838613601474
INDEPENDENT_REPLICATION,51011,M11_SHARED_MODEL_CLASS_MISSPECIFICATION,A,C,ABSTAIN_UNCERTAIN_MODEL,,False,True,1.6781480904729484,0.06333254538813024,1.0,2.805996628629602,0.38810980380794696,0.8621717328967148
INDEPENDENT_REPLICATION,51011,N0_ZERO_CAUSE,,C,FALSIFIED_NO_LEVERAGE,,False,True,3.1098597418754954,0.03097258161219155,1.0,3.301744959400195,1.144805249731544,1.0
INDEPENDENT_REPLICATION,51012,M6_REDUNDANT_CAUSES,A|B,A,ACCEPT_CAUSAL_CREDIT,A,False,False,0.03583289699254545,0.011425150891242429,1.0,3.2819033340928456,0.1494324878813757,0.019372046366270643
INDEPENDENT_REPLICATION,51012,M7_SYNERGISTIC_CAUSES,A|B,B,ABSTAIN_UNCERTAIN_MODEL,,False,False,0.9928506084408152,0.5074002737410154,0.6666666666666666,3.4079826065564216,0.6989427824169099,0.10926282807329309
INDEPENDENT_REPLICATION,51012,M8_VARIABLE_DELAY,A|B,A,ABSTAIN_UNCERTAIN_MODEL,,False,False,0.05721268894647362,0.03769215255927479,1.0,3.178376284043368,0.19445793702183958,0.032154535440794364
INDEPENDENT_REPLICATION,51012,M9_LATENT_CONFOUNDER_SHIFT,A,C,ABSTAIN_UNCERTAIN_MODEL,,False,True,1.4742144383764706,0.045715067065669086,1.0,3.324046666809595,3.1513513585578865,0.6288470493030923
INDEPENDENT_REPLICATION,51012,M10_CONTEXT_DEPENDENT_CAUSALITY,A|D,A,ABSTAIN_UNCERTAIN_MODEL,,False,False,0.0539046391717966,0.041286203459603835,1.0,3.212170530566072,0.238245611607561,0.039474842559174966
INDEPENDENT_REPLICATION,51012,M11_SHARED_MODEL_CLASS_MISSPECIFICATION,A,C,ABSTAIN_UNCERTAIN_MODEL,,False,True,2.0667898141217345,0.07695540669995599,1.0,2.850405935471284,0.5877120423292231,0.7708245876738578
INDEPENDENT_REPLICATION,51012,N0_ZERO_CAUSE,,C,FALSIFIED_NO_LEVERAGE,,False,True,2.831401443455741,0.06120587101997559,1.0,3.2952791887118673,1.0156940237165308,1.0
INDEPENDENT_REPLICATION,51013,M6_REDUNDANT_CAUSES,A|B,A,ACCEPT_CAUSAL_CREDIT,A,False,False,0.041148889122517414,0.011609731803240892,1.0,3.3284865256803107,0.14736975653656642,0.020299661466875438
INDEPENDENT_REPLICATION,51013,M7_SYNERGISTIC_CAUSES,A|B,B,ABSTAIN_UNCERTAIN_MODEL,,False,False,0.9971149960241452,0.7275523512595169,0.4166666666666667,3.279961734316772,0.5901964881153338,0.11777685891236467
INDEPENDENT_REPLICATION,51013,M8_VARIABLE_DELAY,A|B,A,ABSTAIN_UNCERTAIN_MODEL,,False,False,0.0645846698461037,0.0811570333418037,1.0,3.110723400366427,0.1961889474176909,0.06116096210917314
INDEPENDENT_REPLICATION,51013,M9_LATENT_CONFOUNDER_SHIFT,A,C,ABSTAIN_UNCERTAIN_MODEL,,False,True,1.6211287470571127,0.023625369772006098,1.0,3.3632628795208936,3.3695637813222494,0.6290920575576806
INDEPENDENT_REPLICATION,51013,M10_CONTEXT_DEPENDENT_CAUSALITY,A|D,A,ABSTAIN_UNCERTAIN_MODEL,,False,False,0.07823471096797614,0.05054474513735377,1.0,3.2674131732627334,0.2510928810181652,0.06852151483339741
INDEPENDENT_REPLICATION,51013,M11_SHARED_MODEL_CLASS_MISSPECIFICATION,A,C,ABSTAIN_UNCERTAIN_MODEL,,False,True,1.7438734682163193,0.020820483297875392,1.0,2.859541860059914,0.5632653810085474,0.8422597474649389
INDEPENDENT_REPLICATION,51013,N0_ZERO_CAUSE,,C,FALSIFIED_NO_LEVERAGE,,False,True,3.1248538372092276,0.030891452626234855,1.0,3.3045892449375893,1.0997338325709023,1.0
INDEPENDENT_REPLICATION,51014,M6_REDUNDANT_CAUSES,A|B,A,ACCEPT_CAUSAL_CREDIT,A,False,False,0.033885106197836655,0.01027415928491321,1.0,3.265781534991074,0.14953775373958111,0.02399536053873295
INDEPENDENT_REPLICATION,51014,M7_SYNERGISTIC_CAUSES,A|B,A,ABSTAIN_UNCERTAIN_MODEL,,False,False,1.0111381320585084,0.6273759235989919,0.25,3.247064154159046,0.5928612864664637,0.1840541403881983
INDEPENDENT_REPLICATION,51014,M8_VARIABLE_DELAY,A|B,A,ABSTAIN_UNCERTAIN_MODEL,,False,False,0.06687938333122156,0.04043439995309739,1.0,3.1466121308441437,0.19406072597512228,0.02573309069110117
INDEPENDENT_REPLICATION,51014,M9_LATENT_CONFOUNDER_SHIFT,A,C,ABSTAIN_UNCERTAIN_MODEL,,False,True,1.6277693690221127,0.019415375030191192,1.0,3.294281537859174,3.1760852296366022,0.648466705180668
INDEPENDENT_REPLICATION,51014,M10_CONTEXT_DEPENDENT_CAUSALITY,A|D,A,ABSTAIN_UNCERTAIN_MODEL,,False,False,0.06806482502909854,0.03340884806298565,1.0,3.1899421441407214,0.2506378241560349,0.04595395410396842
INDEPENDENT_REPLICATION,51014,M11_SHARED_MODEL_CLASS_MISSPECIFICATION,A,C,ABSTAIN_UNCERTAIN_MODEL,,False,True,1.8997616905901826,0.078957640695415,1.0,2.7885140640854047,0.4557215836878995,0.7814176314344994
INDEPENDENT_REPLICATION,51014,N0_ZERO_CAUSE,,C,FALSIFIED_NO_LEVERAGE,,False,True,2.857319301490179,0.0655242094797303,1.0,3.296520937728171,0.7537276138994213,1.0
INDEPENDENT_REPLICATION,51015,M6_REDUNDANT_CAUSES,A|B,A,ACCEPT_CAUSAL_CREDIT,A,False,False,0.05175198888333986,0.01309274176916834,1.0,3.301466665939424,0.14791510063938676,0.030763101653834803
INDEPENDENT_REPLICATION,51015,M7_SYNERGISTIC_CAUSES,A|B,B,ABSTAIN_UNCERTAIN_MODEL,,False,False,1.005435974413578,0.733128604862078,0.75,3.336259662285605,0.6243243428596157,0.16755708896921806
INDEPENDENT_REPLICATION,51015,M8_VARIABLE_DELAY,A|B,A,ABSTAIN_UNCERTAIN_MODEL,,False,False,0.07076664210199965,0.09267132888719762,1.0,2.98850771707703,0.19154608097816322,0.05074220923846775
INDEPENDENT_REPLICATION,51015,M9_LATENT_CONFOUNDER_SHIFT,A,C,ABSTAIN_UNCERTAIN_MODEL,,False,True,1.5456634877770532,0.04300200431961677,1.0,3.312947146641312,3.200121025304582,0.6213352466847779
INDEPENDENT_REPLICATION,51015,M10_CONTEXT_DEPENDENT_CAUSALITY,A|D,A,ACCEPT_CAUSAL_CREDIT,A,False,False,0.07727429116289788,0.02614309205075555,1.0,3.116944593849161,0.25166585418901394,0.053284776218144196
INDEPENDENT_REPLICATION,51015,M11_SHARED_MODEL_CLASS_MISSPECIFICATION,A,C,ABSTAIN_UNCERTAIN_MODEL,,False,True,1.7486534050337763,0.06920084592510505,1.0,2.7051800924606626,0.40903295266878725,0.8394678629421193
INDEPENDENT_REPLICATION,51015,N0_ZERO_CAUSE,,C,FALSIFIED_NO_LEVERAGE,,False,True,3.0832663622884304,0.029366550599218288,1.0,3.395584212914914,0.9975381170419081,1.0
INDEPENDENT_REPLICATION,51016,M6_REDUNDANT_CAUSES,A|B,A,ACCEPT_CAUSAL_CREDIT,A,False,False,0.032248834834246135,0.012630707989199482,1.0,3.3373363615790606,0.15567459180045326,0.024986693515665456
INDEPENDENT_REPLICATION,51016,M7_SYNERGISTIC_CAUSES,A|B,A,ABSTAIN_UNCERTAIN_MODEL,,False,False,1.0105997146165715,0.5202601334405689,0.4166666666666667,3.2777739360231806,0.5966670234845352,0.10469374539355687
INDEPENDENT_REPLICATION,51016,M8_VARIABLE_DELAY,A|B,A,ACCEPT_CAUSAL_CREDIT,A,False,False,0.0684711557297368,0.03130755992444463,1.0,3.1862724608830346,0.21933661630059081,0.04661321691055082
INDEPENDENT_REPLICATION,51016,M9_LATENT_CONFOUNDER_SHIFT,A,C,ABSTAIN_UNCERTAIN_MODEL,,False,True,1.4613298950095919,0.04190895947173815,1.0,3.292297657733746,3.0986469680283104,0.5989762590499252
INDEPENDENT_REPLICATION,51016,M10_CONTEXT_DEPENDENT_CAUSALITY,A|D,A,ABSTAIN_UNCERTAIN_MODEL,,False,False,0.06894646229467767,0.060777283462952546,1.0,3.198469639095692,0.26248066387680835,0.07660209148923973
INDEPENDENT_REPLICATION,51016,M11_SHARED_MODEL_CLASS_MISSPECIFICATION,A,C,ABSTAIN_UNCERTAIN_MODEL,,False,True,1.590904782795591,0.07608466911884076,1.0,2.6451011065470427,0.322868443245902,0.893600975448589
INDEPENDENT_REPLICATION,51016,N0_ZERO_CAUSE,,C,FALSIFIED_NO_LEVERAGE,,False,True,3.026291735823796,0.033780189155940235,1.0,3.3975312943969773,0.9911651504918806,1.0
INDEPENDENT_REPLICATION,51017,M6_REDUNDANT_CAUSES,A|B,A,ACCEPT_CAUSAL_CREDIT,A,False,False,0.03371570550560102,0.011476406884009195,1.0,3.3137762030579543,0.13951605274475576,0.021241868558242276
INDEPENDENT_REPLICATION,51017,M7_SYNERGISTIC_CAUSES,A|B,A,ABSTAIN_UNCERTAIN_MODEL,,False,False,1.0067549425059292,0.7249336902295035,0.5,3.3191044791144924,0.6392717867744518,0.14862502354057663
INDEPENDENT_REPLICATION,51017,M8_VARIABLE_DELAY,A|B,A,ABSTAIN_UNCERTAIN_MODEL,,False,False,0.0663031489053108,0.1240710945818277,1.0,2.987730755961276,0.17487427452468376,0.031167722807366238
INDEPENDENT_REPLICATION,51017,M9_LATENT_CONFOUNDER_SHIFT,A,C,ABSTAIN_UNCERTAIN_MODEL,,False,True,1.513572554135811,0.03701062753463407,1.0,3.4070193114071876,3.1976199444203837,0.6386746676065441
INDEPENDENT_REPLICATION,51017,M10_CONTEXT_DEPENDENT_CAUSALITY,A|D,A,ABSTAIN_UNCERTAIN_MODEL,,False,False,0.07846633035354933,0.033716358640501064,1.0,3.2138709757754915,0.25980405402780693,0.04033635435175895
INDEPENDENT_REPLICATION,51017,M11_SHARED_MODEL_CLASS_MISSPECIFICATION,A,C,ABSTAIN_UNCERTAIN_MODEL,,False,True,1.7150092580138074,0.0862575974718185,1.0,2.812239299827022,0.4565791795526435,0.8308519503248667
INDEPENDENT_REPLICATION,51017,N0_ZERO_CAUSE,,C,FALSIFIED_NO_LEVERAGE,,False,True,3.104950535428823,0.03368121744905098,1.0,3.369047023324666,0.7207148994189044,1.0
INDEPENDENT_REPLICATION,51018,M6_REDUNDANT_CAUSES,A|B,A,ACCEPT_CAUSAL_CREDIT,A,False,False,0.0451159515756222,0.010161931357674492,1.0,3.3250709031352885,0.15320028812892178,0.03114945537577037
INDEPENDENT_REPLICATION,51018,M7_SYNERGISTIC_CAUSES,A|B,A,ABSTAIN_UNCERTAIN_MODEL,,False,False,1.0090341107122716,0.6585287894857484,0.5,3.290900119767757,0.5713659926085608,0.12136770903635592
INDEPENDENT_REPLICATION,51018,M8_VARIABLE_DELAY,A|B,A,ABSTAIN_UNCERTAIN_MODEL,,False,False,0.07740816226009348,0.05108835113142642,1.0,3.0809671400970684,0.1573074550991584,0.0410702058993173
INDEPENDENT_REPLICATION,51018,M9_LATENT_CONFOUNDER_SHIFT,A,C,ABSTAIN_UNCERTAIN_MODEL,,False,True,1.5238676684804136,0.060180795160204595,1.0,3.2617362892462625,3.1522404933424335,0.6267704708704299
INDEPENDENT_REPLICATION,51018,M10_CONTEXT_DEPENDENT_CAUSALITY,A|D,A,ABSTAIN_UNCERTAIN_MODEL,,False,False,0.053361810521219695,0.05709759931808568,1.0,3.2386871481786583,0.280381939125441,0.09765861517457648
INDEPENDENT_REPLICATION,51018,M11_SHARED_MODEL_CLASS_MISSPECIFICATION,A,C,ABSTAIN_UNCERTAIN_MODEL,,False,True,1.7650127934842585,0.05259724890567608,1.0,2.7596443734896123,0.34811628330580424,0.8382765641963058
INDEPENDENT_REPLICATION,51018,N0_ZERO_CAUSE,,C,FALSIFIED_NO_LEVERAGE,,False,True,2.9466495042205807,0.03097281235880961,1.0,3.3294590269749684,1.0490562365904172,1.0
INDEPENDENT_REPLICATION,51019,M6_REDUNDANT_CAUSES,A|B,A,ACCEPT_CAUSAL_CREDIT,A,False,False,0.04703066528527855,0.010793439713278093,1.0,3.267546851281299,0.14901080424779437,0.019743869318854797
INDEPENDENT_REPLICATION,51019,M7_SYNERGISTIC_CAUSES,A|B,A,ABSTAIN_UNCERTAIN_MODEL,,False,False,1.0079255665380473,0.570284187117449,0.5833333333333334,3.4029739387370825,0.6655701235235071,0.16847357681477934
INDEPENDENT_REPLICATION,51019,M8_VARIABLE_DELAY,A|B,A,ABSTAIN_UNCERTAIN_MODEL,,False,False,0.0579719508617674,0.044355776149605466,1.0,3.1701120695983533,0.19015081573241646,0.03856916805979878
INDEPENDENT_REPLICATION,51019,M9_LATENT_CONFOUNDER_SHIFT,A,C,ABSTAIN_UNCERTAIN_MODEL,,False,True,1.520349340282095,0.03166005111849229,1.0,3.3058842775092305,3.1651973669168547,0.6448053492042035
INDEPENDENT_REPLICATION,51019,M10_CONTEXT_DEPENDENT_CAUSALITY,A|D,A,ABSTAIN_UNCERTAIN_MODEL,,False,False,0.071849427046097,0.04730867414593553,1.0,3.1945857783609832,0.2552647299312418,0.04908373706303961
INDEPENDENT_REPLICATION,51019,M11_SHARED_MODEL_CLASS_MISSPECIFICATION,A,C,ABSTAIN_UNCERTAIN_MODEL,,False,True,1.6779641636896594,0.02203101069639212,1.0,2.7366947651762317,0.41137902943353416,0.8659707736175722
INDEPENDENT_REPLICATION,51019,N0_ZERO_CAUSE,,C,FALSIFIED_NO_LEVERAGE,,False,True,3.3182739119619162,0.03103144243492615,1.0,3.2935944072139502,0.9973114775638432,1.0
INDEPENDENT_REPLICATION,51020,M6_REDUNDANT_CAUSES,A|B,A,ACCEPT_CAUSAL_CREDIT,A,False,False,0.04605952705256753,0.015566930934740214,1.0,3.332094247541641,0.16469968811065597,0.015982810436771813
INDEPENDENT_REPLICATION,51020,M7_SYNERGISTIC_CAUSES,A|B,A,ABSTAIN_UNCERTAIN_MODEL,,False,False,1.005791875488839,0.7659344198774024,0.3333333333333333,3.281478457461323,0.5717604619314673,0.17596960841169004
INDEPENDENT_REPLICATION,51020,M8_VARIABLE_DELAY,A|B,A,ABSTAIN_UNCERTAIN_MODEL,,False,False,0.07906931247746848,0.07104826114130283,1.0,3.125673560899581,0.19611890840405075,0.030523138991194097
INDEPENDENT_REPLICATION,51020,M9_LATENT_CONFOUNDER_SHIFT,A,C,ABSTAIN_UNCERTAIN_MODEL,,False,True,1.4779272671163834,0.05227655645023429,1.0,3.3733141868416507,3.2259079131312673,0.6296845228769123
INDEPENDENT_REPLICATION,51020,M10_CONTEXT_DEPENDENT_CAUSALITY,A|D,A,ABSTAIN_UNCERTAIN_MODEL,,False,False,0.07818547395765532,0.05302983995616454,1.0,3.146871599812293,0.28202591874654687,0.045541728618406004
INDEPENDENT_REPLICATION,51020,M11_SHARED_MODEL_CLASS_MISSPECIFICATION,A,C,ABSTAIN_UNCERTAIN_MODEL,,False,True,1.6495086967957242,0.14140806071352352,1.0,2.7349568264632995,0.5430860265546266,0.8444004373006831
INDEPENDENT_REPLICATION,51020,N0_ZERO_CAUSE,,C,FALSIFIED_NO_LEVERAGE,,False,True,3.1768452817440793,0.038121270500518466,1.0,3.3518417801362497,0.913747551167295,1.0
INDEPENDENT_REPLICATION,51021,M6_REDUNDANT_CAUSES,A|B,A,ACCEPT_CAUSAL_CREDIT,A,False,False,0.05358571736139975,0.006533400355234918,1.0,3.2494256027024035,0.15344919625360853,0.016181156372072462
INDEPENDENT_REPLICATION,51021,M7_SYNERGISTIC_CAUSES,A|B,A,ABSTAIN_UNCERTAIN_MODEL,,False,False,1.0005512371152725,0.7010860056847824,0.25,3.3128177449555456,0.6166636893647556,0.13717570096742027
INDEPENDENT_REPLICATION,51021,M8_VARIABLE_DELAY,A|B,A,ACCEPT_CAUSAL_CREDIT,A,False,False,0.0726008066055088,0.025723395953273408,1.0,3.0893745911579824,0.1929143169053771,0.030357374819805927
INDEPENDENT_REPLICATION,51021,M9_LATENT_CONFOUNDER_SHIFT,A,C,ABSTAIN_UNCERTAIN_MODEL,,False,True,1.440639596101065,0.042730426627412915,1.0,3.2795675157515842,3.0458702194960057,0.6418097961227996
INDEPENDENT_REPLICATION,51021,M10_CONTEXT_DEPENDENT_CAUSALITY,A|D,A,ABSTAIN_UNCERTAIN_MODEL,,False,False,0.06653372853114901,0.053738755568873434,1.0,3.273340461792097,0.29890086011016137,0.04905218902683295
INDEPENDENT_REPLICATION,51021,M11_SHARED_MODEL_CLASS_MISSPECIFICATION,A,C,ABSTAIN_UNCERTAIN_MODEL,,False,True,1.7222750385245484,0.03178493900758666,1.0,2.652586308227372,0.15766399988338967,0.8630985942712227
INDEPENDENT_REPLICATION,51021,N0_ZERO_CAUSE,,C,FALSIFIED_NO_LEVERAGE,,False,True,2.7703723778288767,0.05683223682954698,1.0,3.3715323760865568,1.111344117016707,1.0
INDEPENDENT_REPLICATION,51022,M6_REDUNDANT_CAUSES,A|B,A,ACCEPT_CAUSAL_CREDIT,A,False,False,0.03838065973418564,0.007976565335601291,1.0,3.359841796371559,0.15445082550368647,0.016506524339503465
INDEPENDENT_REPLICATION,51022,M7_SYNERGISTIC_CAUSES,A|B,A,ABSTAIN_UNCERTAIN_MODEL,,False,False,1.0178541791501967,0.6630544149399701,0.3333333333333333,3.31073313548253,0.6235721272600125,0.1213931384390706
INDEPENDENT_REPLICATION,51022,M8_VARIABLE_DELAY,A|B,A,ABSTAIN_UNCERTAIN_MODEL,,False,False,0.0949458174455309,0.044562463682787795,1.0,3.1610291995087456,0.1997552982240094,0.049217410552707744
INDEPENDENT_REPLICATION,51022,M9_LATENT_CONFOUNDER_SHIFT,A,C,ABSTAIN_UNCERTAIN_MODEL,,False,True,1.5702443811388769,0.03465102476550072,1.0,3.2923789938946193,3.176155831416763,0.6230236585768314
INDEPENDENT_REPLICATION,51022,M10_CONTEXT_DEPENDENT_CAUSALITY,A|D,A,ACCEPT_CAUSAL_CREDIT,A,False,False,0.06579809498148054,0.02059420342463577,1.0,3.1572845830531975,0.2622711843171186,0.06272176085271304
INDEPENDENT_REPLICATION,51022,M11_SHARED_MODEL_CLASS_MISSPECIFICATION,A,C,ABSTAIN_UNCERTAIN_MODEL,,False,True,1.743970911578618,0.050452585613374346,1.0,2.7392228056160772,0.40678433538971953,0.8338825540260553
INDEPENDENT_REPLICATION,51022,N0_ZERO_CAUSE,,C,FALSIFIED_NO_LEVERAGE,,False,True,3.1329031998659804,0.043283163570753486,1.0,3.3321828186126554,0.9388317823596636,1.0
INDEPENDENT_REPLICATION,51023,M6_REDUNDANT_CAUSES,A|B,A,ACCEPT_CAUSAL_CREDIT,A,False,False,0.04154332586129067,0.012043726052204256,1.0,3.378946933421095,0.15591657064084408,0.019723872437443255
INDEPENDENT_REPLICATION,51023,M7_SYNERGISTIC_CAUSES,A|B,A,ABSTAIN_UNCERTAIN_MODEL,,False,False,1.0060297420846174,0.7068792915102026,0.3333333333333333,3.422307808926615,0.6716189593489106,0.21575373803789594
INDEPENDENT_REPLICATION,51023,M8_VARIABLE_DELAY,A|B,A,ABSTAIN_UNCERTAIN_MODEL,,False,False,0.0727238350248208,0.05037736223683166,1.0,2.989834125027156,0.18176692165182845,0.025912071220902323
INDEPENDENT_REPLICATION,51023,M9_LATENT_CONFOUNDER_SHIFT,A,C,ABSTAIN_UNCERTAIN_MODEL,,False,True,1.5941892892111926,0.047181105045691486,1.0,3.3381998738820906,3.229484614338404,0.6417191849264919
INDEPENDENT_REPLICATION,51023,M10_CONTEXT_DEPENDENT_CAUSALITY,A|D,A,ABSTAIN_UNCERTAIN_MODEL,,False,False,0.06323266987788626,0.06414494811314117,1.0,3.2050885939123974,0.2346709654903538,0.04778143657742697
INDEPENDENT_REPLICATION,51023,M11_SHARED_MODEL_CLASS_MISSPECIFICATION,A,C,ABSTAIN_UNCERTAIN_MODEL,,False,True,1.7185526872653445,0.025420426156761593,1.0,2.732713540755441,0.4193395115784806,0.8513480061898484
INDEPENDENT_REPLICATION,51023,N0_ZERO_CAUSE,,C,FALSIFIED_NO_LEVERAGE,,False,True,2.98588989059039,0.058474997462993096,1.0,3.3956750404088663,0.9150952271957427,1.0
INDEPENDENT_REPLICATION,51024,M6_REDUNDANT_CAUSES,A|B,A,ACCEPT_CAUSAL_CREDIT,A,False,False,0.033550436807644066,0.012136397828061743,1.0,3.2688154082462173,0.15016281213478777,0.01851315580814771
INDEPENDENT_REPLICATION,51024,M7_SYNERGISTIC_CAUSES,A|B,B,ABSTAIN_UNCERTAIN_MODEL,,False,False,1.0083696851653448,0.8506058850537866,0.5,3.3704648788065175,0.6241514358359548,0.26589606824870443
INDEPENDENT_REPLICATION,51024,M8_VARIABLE_DELAY,A|B,A,ACCEPT_CAUSAL_CREDIT,A,False,False,0.06624291487137172,0.02864644641917409,1.0,3.139568990891631,0.21619005053518703,0.039434052965366465
INDEPENDENT_REPLICATION,51024,M9_LATENT_CONFOUNDER_SHIFT,A,C,ABSTAIN_UNCERTAIN_MODEL,,False,True,1.5014401212037618,0.0537386298080766,1.0,3.2939656758112363,3.155375946053528,0.6644599781983029
INDEPENDENT_REPLICATION,51024,M10_CONTEXT_DEPENDENT_CAUSALITY,A|D,A,ACCEPT_CAUSAL_CREDIT,A,False,False,0.06289845610211803,0.026881012330709574,1.0,3.234913783527066,0.2768959870088415,0.04820382259421451
INDEPENDENT_REPLICATION,51024,M11_SHARED_MODEL_CLASS_MISSPECIFICATION,A,C,ABSTAIN_UNCERTAIN_MODEL,,False,True,1.9017506270337314,0.14024971049108761,1.0,2.720221716090503,0.35971308550839126,0.7907903519456294
INDEPENDENT_REPLICATION,51024,N0_ZERO_CAUSE,,C,FALSIFIED_NO_LEVERAGE,,False,True,3.248224425285184,0.023696955813115445,1.0,3.3552777622239014,1.0570391590754007,1.0
INDEPENDENT_REPLICATION,51025,M6_REDUNDANT_CAUSES,A|B,A,ACCEPT_CAUSAL_CREDIT,A,False,False,0.038897399364753685,0.013600344569674407,1.0,3.3910725770549783,0.15599469326768717,0.019920014362895144
INDEPENDENT_REPLICATION,51025,M7_SYNERGISTIC_CAUSES,A|B,B,ABSTAIN_UNCERTAIN_MODEL,,False,False,1.034708701156772,0.4124456567841538,0.9166666666666666,3.283433557716144,0.6008484154368845,0.1454464104653003
INDEPENDENT_REPLICATION,51025,M8_VARIABLE_DELAY,A|B,A,ABSTAIN_UNCERTAIN_MODEL,,False,False,0.06969561348552655,0.06449982415778456,1.0,3.1542867222167863,0.1936332638389794,0.040692742532145866
INDEPENDENT_REPLICATION,51025,M9_LATENT_CONFOUNDER_SHIFT,A,C,ABSTAIN_UNCERTAIN_MODEL,,False,True,1.7088749002979327,0.024374305237886484,1.0,3.2952923098752613,3.4335115807247116,0.6540282906984926
INDEPENDENT_REPLICATION,51025,M10_CONTEXT_DEPENDENT_CAUSALITY,A|D,A,ABSTAIN_UNCERTAIN_MODEL,,False,False,0.07254529426335879,0.06334856222751135,1.0,3.042273772124255,0.2339846769400523,0.04154164141134702
INDEPENDENT_REPLICATION,51025,M11_SHARED_MODEL_CLASS_MISSPECIFICATION,A,C,ABSTAIN_UNCERTAIN_MODEL,,False,True,1.7468303361920647,0.06382334791325012,1.0,2.789957594121522,0.5017522121432247,0.8399743781290205
INDEPENDENT_REPLICATION,51025,N0_ZERO_CAUSE,,C,FALSIFIED_NO_LEVERAGE,,False,True,3.1210604770115395,0.04096053931564125,1.0,3.341338339764097,1.1041623194681869,1.0
INDEPENDENT_REPLICATION,51026,M6_REDUNDANT_CAUSES,A|B,A,ACCEPT_CAUSAL_CREDIT,A,False,False,0.05016889380652141,0.01700868564630452,1.0,3.421565096253247,0.15908448364546826,0.024578142177876405
INDEPENDENT_REPLICATION,51026,M7_SYNERGISTIC_CAUSES,A|B,A,ABSTAIN_UNCERTAIN_MODEL,,False,False,1.0027070562814822,0.7011786115673525,0.3333333333333333,3.2934327574291533,0.5985831931369291,0.16372035354300987
INDEPENDENT_REPLICATION,51026,M8_VARIABLE_DELAY,A|B,A,ABSTAIN_UNCERTAIN_MODEL,,False,False,0.05654149355581456,0.035042741156940255,1.0,3.066856010656883,0.16882725827112768,0.035835783845876754
INDEPENDENT_REPLICATION,51026,M9_LATENT_CONFOUNDER_SHIFT,A,C,ABSTAIN_UNCERTAIN_MODEL,,False,True,1.56128265452564,0.04172685015943277,1.0,3.3078294512798982,3.2078164121266575,0.5901624031731255
INDEPENDENT_REPLICATION,51026,M10_CONTEXT_DEPENDENT_CAUSALITY,A|D,A,ACCEPT_CAUSAL_CREDIT,A,False,False,0.08257996923041996,0.02545438025400472,1.0,3.2679290399520755,0.2542559791116583,0.060242397571595475
INDEPENDENT_REPLICATION,51026,M11_SHARED_MODEL_CLASS_MISSPECIFICATION,A,C,ABSTAIN_UNCERTAIN_MODEL,,False,True,1.693739757422379,0.0889881568964131,1.0,2.7677003130988047,0.35428612789197006,0.8490898544342955
INDEPENDENT_REPLICATION,51026,N0_ZERO_CAUSE,,C,FALSIFIED_NO_LEVERAGE,,False,True,3.024846960219057,0.044527385449672885,1.0,3.3677652646259757,1.0115399055225718,1.0
INDEPENDENT_REPLICATION,51027,M6_REDUNDANT_CAUSES,A|B,A,ACCEPT_CAUSAL_CREDIT,A,False,False,0.04354270101908411,0.008893207789536976,1.0,3.3721491805375554,0.16041072846733878,0.02676762775999234
INDEPENDENT_REPLICATION,51027,M7_SYNERGISTIC_CAUSES,A|B,A,ABSTAIN_UNCERTAIN_MODEL,,False,False,1.0017695026224689,0.8608825895366679,0.08333333333333333,3.3063332130647325,0.5945668019673395,0.13434867000115866
INDEPENDENT_REPLICATION,51027,M8_VARIABLE_DELAY,A|B,A,ACCEPT_CAUSAL_CREDIT,A,False,False,0.06019782510373913,0.03305358053498106,1.0,3.114967627519929,0.20060364238945785,0.053830230101723296
INDEPENDENT_REPLICATION,51027,M9_LATENT_CONFOUNDER_SHIFT,A,C,ABSTAIN_UNCERTAIN_MODEL,,False,True,1.5243272129866945,0.025182379993692994,1.0,3.3664008800305187,3.2067974163682953,0.6505846534927154
INDEPENDENT_REPLICATION,51027,M10_CONTEXT_DEPENDENT_CAUSALITY,A|D,A,ABSTAIN_UNCERTAIN_MODEL,,False,False,0.07908598249308643,0.0549558925158914,1.0,3.2402986917761964,0.27369930413346555,0.056713080608461974
INDEPENDENT_REPLICATION,51027,M11_SHARED_MODEL_CLASS_MISSPECIFICATION,A,C,ABSTAIN_UNCERTAIN_MODEL,,False,True,1.7894424145071535,0.09501025128429397,1.0,2.823541318268739,0.37458967642034313,0.8172624761885134
INDEPENDENT_REPLICATION,51027,N0_ZERO_CAUSE,,C,FALSIFIED_NO_LEVERAGE,,False,True,3.104560454283778,0.039415584499910096,1.0,3.3748405105535904,1.001661869786002,1.0
INDEPENDENT_REPLICATION,51028,M6_REDUNDANT_CAUSES,A|B,A,ACCEPT_CAUSAL_CREDIT,A,False,False,0.037744453597772176,0.012175388662728938,1.0,3.3347052667278456,0.14497882499529763,0.02290590549173121
INDEPENDENT_REPLICATION,51028,M7_SYNERGISTIC_CAUSES,A|B,A,ABSTAIN_UNCERTAIN_MODEL,,False,False,1.0027747953578872,0.8920771411051588,0.08333333333333333,3.3746256644195314,0.640961526477698,0.18962969752837008
INDEPENDENT_REPLICATION,51028,M8_VARIABLE_DELAY,A|B,A,ABSTAIN_UNCERTAIN_MODEL,,False,False,0.06804163494631993,0.039757866962631984,1.0,3.147784963226692,0.17412155953633648,0.02994526229760607
INDEPENDENT_REPLICATION,51028,M9_LATENT_CONFOUNDER_SHIFT,A,C,ABSTAIN_UNCERTAIN_MODEL,,False,True,1.600745019216447,0.027805009783703292,1.0,3.2958770027833095,3.303348353155329,0.6131740977435578
INDEPENDENT_REPLICATION,51028,M10_CONTEXT_DEPENDENT_CAUSALITY,A|D,A,ACCEPT_CAUSAL_CREDIT,A,False,False,0.0669904754840209,0.032212764370636915,1.0,3.2814590340989347,0.2723311405053214,0.0473200428388784
INDEPENDENT_REPLICATION,51028,M11_SHARED_MODEL_CLASS_MISSPECIFICATION,A,C,ABSTAIN_UNCERTAIN_MODEL,,False,True,1.789056319989214,0.08074992467462813,1.0,2.7640046949088095,0.6052770530943845,0.8244389195259876
INDEPENDENT_REPLICATION,51028,N0_ZERO_CAUSE,,C,FALSIFIED_NO_LEVERAGE,,False,True,3.255239591544036,0.05029168667158097,1.0,3.2994765843130174,1.025773517402424,1.0
INDEPENDENT_REPLICATION,51029,M6_REDUNDANT_CAUSES,A|B,A,ACCEPT_CAUSAL_CREDIT,A,False,False,0.03614950455668968,0.009617342000699748,1.0,3.2899409782346636,0.14888331703276353,0.024283119168453094
INDEPENDENT_REPLICATION,51029,M7_SYNERGISTIC_CAUSES,A|B,B,ABSTAIN_UNCERTAIN_MODEL,,False,False,0.9909598806779057,0.7393072254053434,0.25,3.385607411580843,0.6409989219695531,0.14966297578320198
INDEPENDENT_REPLICATION,51029,M8_VARIABLE_DELAY,A|B,A,ABSTAIN_UNCERTAIN_MODEL,,False,False,0.05002356042537892,0.04358866226436452,1.0,3.2808765824510746,0.24945939842454534,0.03494888772149188
INDEPENDENT_REPLICATION,51029,M9_LATENT_CONFOUNDER_SHIFT,A,C,ABSTAIN_UNCERTAIN_MODEL,,False,True,1.5677320459060482,0.04485765932838357,1.0,3.209304760009635,3.19830384767429,0.6319644702427833
INDEPENDENT_REPLICATION,51029,M10_CONTEXT_DEPENDENT_CAUSALITY,A|D,A,ABSTAIN_UNCERTAIN_MODEL,,False,False,0.04031387315905297,0.04872431236501535,1.0,3.152739981046123,0.2508893139712593,0.039891417875338654
INDEPENDENT_REPLICATION,51029,M11_SHARED_MODEL_CLASS_MISSPECIFICATION,A,C,ABSTAIN_UNCERTAIN_MODEL,,False,True,1.7315429354317353,0.07918445129289642,1.0,2.8453187778846307,0.6162626943398974,0.8307219564000263
INDEPENDENT_REPLICATION,51029,N0_ZERO_CAUSE,,C,FALSIFIED_NO_LEVERAGE,,False,True,3.031552160424445,0.036620329254642876,1.0,3.3786848082436354,0.9618750302811324,1.0
INDEPENDENT_REPLICATION,51030,M6_REDUNDANT_CAUSES,A|B,A,ACCEPT_CAUSAL_CREDIT,A,False,False,0.045447415404176,0.011274485538835354,1.0,3.2937362334285174,0.14811377971905748,0.02104868545026457
INDEPENDENT_REPLICATION,51030,M7_SYNERGISTIC_CAUSES,A|B,A,ABSTAIN_UNCERTAIN_MODEL,,False,False,1.0033667016772108,0.6357201713163556,0.5833333333333334,3.388347575703368,0.6264493659360939,0.15222630072309207
INDEPENDENT_REPLICATION,51030,M8_VARIABLE_DELAY,A|B,A,ABSTAIN_UNCERTAIN_MODEL,,False,False,0.07552597518482435,0.046734368927167376,1.0,3.101143251557363,0.21774386485517666,0.0272000664765157
INDEPENDENT_REPLICATION,51030,M9_LATENT_CONFOUNDER_SHIFT,A,C,ABSTAIN_UNCERTAIN_MODEL,,False,True,1.5225442508042104,0.039506775967571246,1.0,3.3732960627590707,3.208570868032854,0.6710117249284792
INDEPENDENT_REPLICATION,51030,M10_CONTEXT_DEPENDENT_CAUSALITY,A|D,A,ABSTAIN_UNCERTAIN_MODEL,,False,False,0.06502714247007255,0.039574657009915436,1.0,3.215377232878711,0.2587313842619247,0.0532564287641668
INDEPENDENT_REPLICATION,51030,M11_SHARED_MODEL_CLASS_MISSPECIFICATION,A,C,ABSTAIN_UNCERTAIN_MODEL,,False,True,1.6918047769000324,0.03674458621034212,1.0,2.7758839462320006,0.3968820504510488,0.858980894105454
INDEPENDENT_REPLICATION,51030,N0_ZERO_CAUSE,,C,FALSIFIED_NO_LEVERAGE,,False,True,3.174943022212715,0.040181351812307586,1.0,3.3366520601592073,1.0069515234104285,1.0
INDEPENDENT_REPLICATION,51031,M6_REDUNDANT_CAUSES,A|B,A,ACCEPT_CAUSAL_CREDIT,A,False,False,0.03981384146481064,0.007781324814413215,1.0,3.2708986386886854,0.15689203236544108,0.025876241804289338
INDEPENDENT_REPLICATION,51031,M7_SYNERGISTIC_CAUSES,A|B,B,ABSTAIN_UNCERTAIN_MODEL,,False,False,0.9982466899252569,0.6765197372888357,0.5,3.288253541873778,0.563424762429732,0.11757216774936424
INDEPENDENT_REPLICATION,51031,M8_VARIABLE_DELAY,A|B,A,ABSTAIN_UNCERTAIN_MODEL,,False,False,0.045535021910649245,0.10811133254730411,1.0,3.216588567553459,0.21043392997610608,0.03882774544822909
INDEPENDENT_REPLICATION,51031,M9_LATENT_CONFOUNDER_SHIFT,A,C,ABSTAIN_UNCERTAIN_MODEL,,False,True,1.6278599798325226,0.01334916205665037,1.0,3.3174536835612836,3.2409566817493367,0.6561503687536265
INDEPENDENT_REPLICATION,51031,M10_CONTEXT_DEPENDENT_CAUSALITY,A|D,A,ABSTAIN_UNCERTAIN_MODEL,,False,False,0.08565063587693296,0.11970110968896724,1.0,3.2096656606601472,0.2541637266464636,0.08410885472830508
INDEPENDENT_REPLICATION,51031,M11_SHARED_MODEL_CLASS_MISSPECIFICATION,A,C,ABSTAIN_UNCERTAIN_MODEL,,False,True,1.7083534604630266,0.12057565339289633,1.0,2.773528426978365,0.3817835189101981,0.8249424398698928
INDEPENDENT_REPLICATION,51031,N0_ZERO_CAUSE,,C,FALSIFIED_NO_LEVERAGE,,False,True,3.0387780208232718,0.039138507718089945,1.0,3.4307036825780384,1.1618515475219022,1.0
