seed,split,model,horizon,mse
2000,ID,STATELESS,1,16.81551307427861
2000,ID,STATELESS,2,63.622819597187075
2000,ID,STATELESS,4,231.84312136157422
2000,ID,STATELESS,8,781.2449417418213
2000,ID,DYNAMIC_HISTORY,1,0.022443626830495996
2000,ID,DYNAMIC_HISTORY,2,0.05656005927312132
2000,ID,DYNAMIC_HISTORY,4,0.18387767804642588
2000,ID,DYNAMIC_HISTORY,8,0.7776759853148237
2000,ID,LEAKAGE_ORACLE,1,2.8594328160052668e-12
2000,OOD,STATELESS,1,7.20765543006425
2000,OOD,STATELESS,2,23.30150327430621
2000,OOD,STATELESS,4,68.39903070965939
2000,OOD,STATELESS,8,207.1758386606708
2000,OOD,DYNAMIC_HISTORY,1,0.37797634303431676
2000,OOD,DYNAMIC_HISTORY,2,2.8676735368525583
2000,OOD,DYNAMIC_HISTORY,4,22.83680882355474
2000,OOD,DYNAMIC_HISTORY,8,156.0482279940445
2000,OOD,LEAKAGE_ORACLE,1,5.4410183332185435e-12
2001,ID,STATELESS,1,19.03362943709545
2001,ID,STATELESS,2,73.20813869972828
2001,ID,STATELESS,4,272.955413846739
2001,ID,STATELESS,8,995.4370067043802
2001,ID,DYNAMIC_HISTORY,1,0.02047906513867623
2001,ID,DYNAMIC_HISTORY,2,0.06337808931160718
2001,ID,DYNAMIC_HISTORY,4,0.21763629901583034
2001,ID,DYNAMIC_HISTORY,8,0.8052810174118455
2001,ID,LEAKAGE_ORACLE,1,2.3123673146819512e-12
2001,OOD,STATELESS,1,8.273597189435998
2001,OOD,STATELESS,2,27.90129369098069
2001,OOD,STATELESS,4,88.8750139431551
2001,OOD,STATELESS,8,240.50492113498245
2001,OOD,DYNAMIC_HISTORY,1,0.4151271997396335
2001,OOD,DYNAMIC_HISTORY,2,3.0886772659573483
2001,OOD,DYNAMIC_HISTORY,4,24.26718679860577
2001,OOD,DYNAMIC_HISTORY,8,186.094166718441
2001,OOD,LEAKAGE_ORACLE,1,5.864932585920752e-12
2002,ID,STATELESS,1,15.463369867300193
2002,ID,STATELESS,2,58.83479580698895
2002,ID,STATELESS,4,212.5814343635353
2002,ID,STATELESS,8,719.5829965352351
2002,ID,DYNAMIC_HISTORY,1,0.020393199927649742
2002,ID,DYNAMIC_HISTORY,2,0.05746912379238003
2002,ID,DYNAMIC_HISTORY,4,0.1942798018501158
2002,ID,DYNAMIC_HISTORY,8,0.9350791370492767
2002,ID,LEAKAGE_ORACLE,1,2.297071706341208e-12
2002,OOD,STATELESS,1,8.854744859569113
2002,OOD,STATELESS,2,30.626294648977787
2002,OOD,STATELESS,4,101.08438786196905
2002,OOD,STATELESS,8,281.74882485123567
2002,OOD,DYNAMIC_HISTORY,1,0.4760172411594302
2002,OOD,DYNAMIC_HISTORY,2,3.594784369537382
2002,OOD,DYNAMIC_HISTORY,4,29.607862889591072
2002,OOD,DYNAMIC_HISTORY,8,196.59611751492264
2002,OOD,LEAKAGE_ORACLE,1,6.088881499853001e-12
2003,ID,STATELESS,1,9.934871918353885
2003,ID,STATELESS,2,36.588734973018525
2003,ID,STATELESS,4,130.91888652019355
2003,ID,STATELESS,8,430.84835219457653
2003,ID,DYNAMIC_HISTORY,1,0.024474284732803886
2003,ID,DYNAMIC_HISTORY,2,0.06559551425027374
2003,ID,DYNAMIC_HISTORY,4,0.24591319772534542
2003,ID,DYNAMIC_HISTORY,8,0.8129065664717967
2003,ID,LEAKAGE_ORACLE,1,1.9904170869022556e-12
2003,OOD,STATELESS,1,8.028738664889692
2003,OOD,STATELESS,2,26.514324945098135
2003,OOD,STATELESS,4,84.97621805165554
2003,OOD,STATELESS,8,230.28892465726696
2003,OOD,DYNAMIC_HISTORY,1,0.4423765430142713
2003,OOD,DYNAMIC_HISTORY,2,3.3535284962706
2003,OOD,DYNAMIC_HISTORY,4,27.230970046574537
2003,OOD,DYNAMIC_HISTORY,8,192.82418091362678
2003,OOD,LEAKAGE_ORACLE,1,5.006582312705296e-12
2004,ID,STATELESS,1,9.601987718457599
2004,ID,STATELESS,2,34.96054543336552
2004,ID,STATELESS,4,119.26574142451845
2004,ID,STATELESS,8,373.9521991236252
2004,ID,DYNAMIC_HISTORY,1,0.019405468442271822
2004,ID,DYNAMIC_HISTORY,2,0.05688902475297333
2004,ID,DYNAMIC_HISTORY,4,0.20197261949508083
2004,ID,DYNAMIC_HISTORY,8,0.6709872801484625
2004,ID,LEAKAGE_ORACLE,1,2.6516582431772845e-12
2004,OOD,STATELESS,1,8.340932831533344
2004,OOD,STATELESS,2,28.33558379724244
2004,OOD,STATELESS,4,89.71874713492431
2004,OOD,STATELESS,8,258.29493800127995
2004,OOD,DYNAMIC_HISTORY,1,0.45145632539342784
2004,OOD,DYNAMIC_HISTORY,2,3.422212108614014
2004,OOD,DYNAMIC_HISTORY,4,28.978277190217216
2004,OOD,DYNAMIC_HISTORY,8,211.05728656867416
2004,OOD,LEAKAGE_ORACLE,1,6.652192904640629e-12
2005,ID,STATELESS,1,12.768883120266945
2005,ID,STATELESS,2,47.628959448748994
2005,ID,STATELESS,4,171.7010800614606
2005,ID,STATELESS,8,564.4623817397854
2005,ID,DYNAMIC_HISTORY,1,0.020259739944639355
2005,ID,DYNAMIC_HISTORY,2,0.060901289710336946
2005,ID,DYNAMIC_HISTORY,4,0.17272432782280348
2005,ID,DYNAMIC_HISTORY,8,0.6654329385991025
2005,ID,LEAKAGE_ORACLE,1,2.190408809057572e-12
2005,OOD,STATELESS,1,7.186922781791023
2005,OOD,STATELESS,2,22.998588905843135
2005,OOD,STATELESS,4,65.97186360705558
2005,OOD,STATELESS,8,164.76478732183074
2005,OOD,DYNAMIC_HISTORY,1,0.3202922099043591
2005,OOD,DYNAMIC_HISTORY,2,2.351959016313475
2005,OOD,DYNAMIC_HISTORY,4,17.476478115716155
2005,OOD,DYNAMIC_HISTORY,8,118.99610416514437
2005,OOD,LEAKAGE_ORACLE,1,5.1255509266178795e-12
2006,ID,STATELESS,1,13.543711449315902
2006,ID,STATELESS,2,48.80064035745237
2006,ID,STATELESS,4,174.67003966051334
2006,ID,STATELESS,8,585.8813163844412
2006,ID,DYNAMIC_HISTORY,1,0.016585256793400262
2006,ID,DYNAMIC_HISTORY,2,0.045583495917273904
2006,ID,DYNAMIC_HISTORY,4,0.15901099804441565
2006,ID,DYNAMIC_HISTORY,8,0.571511528263427
2006,ID,LEAKAGE_ORACLE,1,2.2945321502341906e-12
2006,OOD,STATELESS,1,7.314647997814549
2006,OOD,STATELESS,2,21.570310979955064
2006,OOD,STATELESS,4,57.711161148023926
2006,OOD,STATELESS,8,116.46255371580867
2006,OOD,DYNAMIC_HISTORY,1,0.3174247806114006
2006,OOD,DYNAMIC_HISTORY,2,2.3477582096228815
2006,OOD,DYNAMIC_HISTORY,4,18.112503525916228
2006,OOD,DYNAMIC_HISTORY,8,118.41328706620853
2006,OOD,LEAKAGE_ORACLE,1,5.343784955467223e-12
2007,ID,STATELESS,1,11.927135215235147
2007,ID,STATELESS,2,43.62424096072869
2007,ID,STATELESS,4,155.47184744466492
2007,ID,STATELESS,8,519.4390687492017
2007,ID,DYNAMIC_HISTORY,1,0.019680272732380676
2007,ID,DYNAMIC_HISTORY,2,0.050597021642639815
2007,ID,DYNAMIC_HISTORY,4,0.16156653402099713
2007,ID,DYNAMIC_HISTORY,8,0.5487611777522459
2007,ID,LEAKAGE_ORACLE,1,2.7608489414152604e-12
2007,OOD,STATELESS,1,7.2073786362550205
2007,OOD,STATELESS,2,23.26261820284295
2007,OOD,STATELESS,4,67.47173769572682
2007,OOD,STATELESS,8,207.0226373598135
2007,OOD,DYNAMIC_HISTORY,1,0.35562404458316105
2007,OOD,DYNAMIC_HISTORY,2,2.6628832459456473
2007,OOD,DYNAMIC_HISTORY,4,21.383883664510023
2007,OOD,DYNAMIC_HISTORY,8,169.7170489748728
2007,OOD,LEAKAGE_ORACLE,1,6.086791264504963e-12
2008,ID,STATELESS,1,11.03246040705844
2008,ID,STATELESS,2,41.30156371181995
2008,ID,STATELESS,4,147.41337573995816
2008,ID,STATELESS,8,478.37416577667614
2008,ID,DYNAMIC_HISTORY,1,0.01887803961193822
2008,ID,DYNAMIC_HISTORY,2,0.05399463418154716
2008,ID,DYNAMIC_HISTORY,4,0.18671931139275322
2008,ID,DYNAMIC_HISTORY,8,0.8376616906473768
2008,ID,LEAKAGE_ORACLE,1,2.1524766149914415e-12
2008,OOD,STATELESS,1,9.583768720384736
2008,OOD,STATELESS,2,34.6036696297627
2008,OOD,STATELESS,4,115.85395769426248
2008,OOD,STATELESS,8,276.2425466143249
2008,OOD,DYNAMIC_HISTORY,1,0.45862106917735873
2008,OOD,DYNAMIC_HISTORY,2,3.4419566973873117
2008,OOD,DYNAMIC_HISTORY,4,27.8841986754755
2008,OOD,DYNAMIC_HISTORY,8,167.30331649483858
2008,OOD,LEAKAGE_ORACLE,1,5.503411828746661e-12
2009,ID,STATELESS,1,13.786587338957453
2009,ID,STATELESS,2,52.59843247745102
2009,ID,STATELESS,4,189.88605130995268
2009,ID,STATELESS,8,633.1615275053155
2009,ID,DYNAMIC_HISTORY,1,0.01865447089085534
2009,ID,DYNAMIC_HISTORY,2,0.0550876170296751
2009,ID,DYNAMIC_HISTORY,4,0.2057960056898588
2009,ID,DYNAMIC_HISTORY,8,0.7739647998239816
2009,ID,LEAKAGE_ORACLE,1,2.4553683357021844e-12
2009,OOD,STATELESS,1,7.923430292303714
2009,OOD,STATELESS,2,27.343748765038598
2009,OOD,STATELESS,4,84.6214872479946
2009,OOD,STATELESS,8,266.52663991131084
2009,OOD,DYNAMIC_HISTORY,1,0.4221078936556498
2009,OOD,DYNAMIC_HISTORY,2,3.1849730242685053
2009,OOD,DYNAMIC_HISTORY,4,26.849189508369783
2009,OOD,DYNAMIC_HISTORY,8,202.42674492634768
2009,OOD,LEAKAGE_ORACLE,1,5.518367475533463e-12
2010,ID,STATELESS,1,11.556328878629987
2010,ID,STATELESS,2,43.161218266700295
2010,ID,STATELESS,4,156.61537260002086
2010,ID,STATELESS,8,526.4600935754619
2010,ID,DYNAMIC_HISTORY,1,0.01849457140081378
2010,ID,DYNAMIC_HISTORY,2,0.04904196511421815
2010,ID,DYNAMIC_HISTORY,4,0.16305419586788886
2010,ID,DYNAMIC_HISTORY,8,0.6471663790602866
2010,ID,LEAKAGE_ORACLE,1,2.4459071533902615e-12
2010,OOD,STATELESS,1,7.076995417326674
2010,OOD,STATELESS,2,24.101710773634892
2010,OOD,STATELESS,4,73.6797411838034
2010,OOD,STATELESS,8,187.73505532563266
2010,OOD,DYNAMIC_HISTORY,1,0.36274712172457707
2010,OOD,DYNAMIC_HISTORY,2,2.6523357860953563
2010,OOD,DYNAMIC_HISTORY,4,21.451341708660067
2010,OOD,DYNAMIC_HISTORY,8,145.53674117572257
2010,OOD,LEAKAGE_ORACLE,1,5.558378769070268e-12
2011,ID,STATELESS,1,12.674503489043392
2011,ID,STATELESS,2,44.29288921944787
2011,ID,STATELESS,4,145.35161480233683
2011,ID,STATELESS,8,438.10522487025094
2011,ID,DYNAMIC_HISTORY,1,0.0208362886189967
2011,ID,DYNAMIC_HISTORY,2,0.055576871746205236
2011,ID,DYNAMIC_HISTORY,4,0.182203824405536
2011,ID,DYNAMIC_HISTORY,8,0.6907237205262988
2011,ID,LEAKAGE_ORACLE,1,2.4542564500315803e-12
2011,OOD,STATELESS,1,9.429634179480415
2011,OOD,STATELESS,2,28.705436152085102
2011,OOD,STATELESS,4,84.97145673063919
2011,OOD,STATELESS,8,219.27172834832885
2011,OOD,DYNAMIC_HISTORY,1,0.4777709026030963
2011,OOD,DYNAMIC_HISTORY,2,3.5869235803376895
2011,OOD,DYNAMIC_HISTORY,4,29.855014318577066
2011,OOD,DYNAMIC_HISTORY,8,221.99999105903512
2011,OOD,LEAKAGE_ORACLE,1,5.717036316877856e-12
2012,ID,STATELESS,1,13.078541313056762
2012,ID,STATELESS,2,50.82824220233295
2012,ID,STATELESS,4,190.12379442314915
2012,ID,STATELESS,8,655.9728924405841
2012,ID,DYNAMIC_HISTORY,1,0.021242563680298643
2012,ID,DYNAMIC_HISTORY,2,0.057793928169673624
2012,ID,DYNAMIC_HISTORY,4,0.233152015068392
2012,ID,DYNAMIC_HISTORY,8,0.8919763979249944
2012,ID,LEAKAGE_ORACLE,1,2.1467131169466936e-12
2012,OOD,STATELESS,1,7.320201336334905
2012,OOD,STATELESS,2,24.514553972770337
2012,OOD,STATELESS,4,78.56775990066978
2012,OOD,STATELESS,8,212.87926337509504
2012,OOD,DYNAMIC_HISTORY,1,0.34751558877013566
2012,OOD,DYNAMIC_HISTORY,2,2.5741211008611646
2012,OOD,DYNAMIC_HISTORY,4,20.611664431622366
2012,OOD,DYNAMIC_HISTORY,8,143.57188047722173
2012,OOD,LEAKAGE_ORACLE,1,5.905369409627743e-12
2013,ID,STATELESS,1,19.37315789573837
2013,ID,STATELESS,2,73.66555555228219
2013,ID,STATELESS,4,276.4203705189111
2013,ID,STATELESS,8,959.2135448234876
2013,ID,DYNAMIC_HISTORY,1,0.01826658955528622
2013,ID,DYNAMIC_HISTORY,2,0.046806396854482214
2013,ID,DYNAMIC_HISTORY,4,0.14837462103346807
2013,ID,DYNAMIC_HISTORY,8,0.6025588520311188
2013,ID,LEAKAGE_ORACLE,1,2.4602760779166678e-12
2013,OOD,STATELESS,1,8.08058532607717
2013,OOD,STATELESS,2,26.85509447405554
2013,OOD,STATELESS,4,81.47970004693025
2013,OOD,STATELESS,8,236.1235734345052
2013,OOD,DYNAMIC_HISTORY,1,0.42951882254145896
2013,OOD,DYNAMIC_HISTORY,2,3.202325522886948
2013,OOD,DYNAMIC_HISTORY,4,25.517631481080038
2013,OOD,DYNAMIC_HISTORY,8,180.97028118469606
2013,OOD,LEAKAGE_ORACLE,1,6.4484549134384094e-12
2014,ID,STATELESS,1,20.49310799155256
2014,ID,STATELESS,2,78.98511638302001
2014,ID,STATELESS,4,298.63367498054413
2014,ID,STATELESS,8,1067.85949617567
2014,ID,DYNAMIC_HISTORY,1,0.020074571727543688
2014,ID,DYNAMIC_HISTORY,2,0.058131816057097586
2014,ID,DYNAMIC_HISTORY,4,0.23472512087571118
2014,ID,DYNAMIC_HISTORY,8,0.9499226776303559
2014,ID,LEAKAGE_ORACLE,1,2.3291533460042216e-12
2014,OOD,STATELESS,1,12.456472260680487
2014,OOD,STATELESS,2,45.02573972451297
2014,OOD,STATELESS,4,151.73120243405077
2014,OOD,STATELESS,8,491.9351145412662
2014,OOD,DYNAMIC_HISTORY,1,0.47080287749500693
2014,OOD,DYNAMIC_HISTORY,2,3.5505446995835874
2014,OOD,DYNAMIC_HISTORY,4,28.34762822056728
2014,OOD,DYNAMIC_HISTORY,8,214.19699891317455
2014,OOD,LEAKAGE_ORACLE,1,5.5910820471205896e-12
2015,ID,STATELESS,1,12.744575272938306
2015,ID,STATELESS,2,47.19641155132826
2015,ID,STATELESS,4,163.89412840813657
2015,ID,STATELESS,8,528.8933619700457
2015,ID,DYNAMIC_HISTORY,1,0.022212926354532717
2015,ID,DYNAMIC_HISTORY,2,0.0625626342309811
2015,ID,DYNAMIC_HISTORY,4,0.20759241123612468
2015,ID,DYNAMIC_HISTORY,8,0.8259858199760328
2015,ID,LEAKAGE_ORACLE,1,2.0831325789196944e-12
2015,OOD,STATELESS,1,7.984065810815734
2015,OOD,STATELESS,2,25.157885023335556
2015,OOD,STATELESS,4,75.11778209853621
2015,OOD,STATELESS,8,204.3174492736458
2015,OOD,DYNAMIC_HISTORY,1,0.41810795356918523
2015,OOD,DYNAMIC_HISTORY,2,3.168022541227716
2015,OOD,DYNAMIC_HISTORY,4,26.105838355439914
2015,OOD,DYNAMIC_HISTORY,8,186.62225583393638
2015,OOD,LEAKAGE_ORACLE,1,5.467863837858855e-12
2016,ID,STATELESS,1,12.663843876544215
2016,ID,STATELESS,2,46.26112169876884
2016,ID,STATELESS,4,163.4379662688987
2016,ID,STATELESS,8,529.7465411806738
2016,ID,DYNAMIC_HISTORY,1,0.017363019982995255
2016,ID,DYNAMIC_HISTORY,2,0.04969231759425705
2016,ID,DYNAMIC_HISTORY,4,0.21427544178623914
2016,ID,DYNAMIC_HISTORY,8,0.6264232199410111
2016,ID,LEAKAGE_ORACLE,1,2.4075117880999854e-12
2016,OOD,STATELESS,1,8.455571311382156
2016,OOD,STATELESS,2,24.52825711005604
2016,OOD,STATELESS,4,64.00122036341041
2016,OOD,STATELESS,8,156.27158013226725
2016,OOD,DYNAMIC_HISTORY,1,0.348141168332222
2016,OOD,DYNAMIC_HISTORY,2,2.5508665835170725
2016,OOD,DYNAMIC_HISTORY,4,19.62737177605667
2016,OOD,DYNAMIC_HISTORY,8,152.74593712467131
2016,OOD,LEAKAGE_ORACLE,1,5.869178127070395e-12
2017,ID,STATELESS,1,11.482892096040409
2017,ID,STATELESS,2,41.471354943882766
2017,ID,STATELESS,4,143.4974635860022
2017,ID,STATELESS,8,428.88390085780173
2017,ID,DYNAMIC_HISTORY,1,0.02093488357234518
2017,ID,DYNAMIC_HISTORY,2,0.05364911788886344
2017,ID,DYNAMIC_HISTORY,4,0.21454862934951197
2017,ID,DYNAMIC_HISTORY,8,0.8171789638325467
2017,ID,LEAKAGE_ORACLE,1,2.323969694852971e-12
2017,OOD,STATELESS,1,7.76754766488783
2017,OOD,STATELESS,2,22.343816382735753
2017,OOD,STATELESS,4,57.62154259235091
2017,OOD,STATELESS,8,137.2094408525248
2017,OOD,DYNAMIC_HISTORY,1,0.3787809759706865
2017,OOD,DYNAMIC_HISTORY,2,2.8344431929020155
2017,OOD,DYNAMIC_HISTORY,4,22.805028712793874
2017,OOD,DYNAMIC_HISTORY,8,169.0553995321526
2017,OOD,LEAKAGE_ORACLE,1,5.000586127458848e-12
2018,ID,STATELESS,1,12.601002390513944
2018,ID,STATELESS,2,47.89287013507021
2018,ID,STATELESS,4,177.22032518762734
2018,ID,STATELESS,8,598.3792819916673
2018,ID,DYNAMIC_HISTORY,1,0.021717641806791383
2018,ID,DYNAMIC_HISTORY,2,0.05644762856110356
2018,ID,DYNAMIC_HISTORY,4,0.19202242709148537
2018,ID,DYNAMIC_HISTORY,8,0.7831723116755562
2018,ID,LEAKAGE_ORACLE,1,2.1291436278072244e-12
2018,OOD,STATELESS,1,7.582866278780698
2018,OOD,STATELESS,2,26.66105474616208
2018,OOD,STATELESS,4,86.5795154958326
2018,OOD,STATELESS,8,241.48189600210236
2018,OOD,DYNAMIC_HISTORY,1,0.3804707869869053
2018,OOD,DYNAMIC_HISTORY,2,2.841518573987081
2018,OOD,DYNAMIC_HISTORY,4,22.57381414887491
2018,OOD,DYNAMIC_HISTORY,8,162.71828014085477
2018,OOD,LEAKAGE_ORACLE,1,5.659799709976863e-12
2019,ID,STATELESS,1,12.321801171652789
2019,ID,STATELESS,2,45.82682649060406
2019,ID,STATELESS,4,167.5374110862446
2019,ID,STATELESS,8,547.3328186042119
2019,ID,DYNAMIC_HISTORY,1,0.01837648605723192
2019,ID,DYNAMIC_HISTORY,2,0.05361617549036234
2019,ID,DYNAMIC_HISTORY,4,0.21942893410177783
2019,ID,DYNAMIC_HISTORY,8,0.8673970375546212
2019,ID,LEAKAGE_ORACLE,1,2.338113321096136e-12
2019,OOD,STATELESS,1,6.750904436889066
2019,OOD,STATELESS,2,21.20160367460591
2019,OOD,STATELESS,4,63.9702295061525
2019,OOD,STATELESS,8,169.98228830924526
2019,OOD,DYNAMIC_HISTORY,1,0.3557688864870274
2019,OOD,DYNAMIC_HISTORY,2,2.620170665766453
2019,OOD,DYNAMIC_HISTORY,4,21.03945781163488
2019,OOD,DYNAMIC_HISTORY,8,136.25542535306477
2019,OOD,LEAKAGE_ORACLE,1,5.893309908747075e-12
2020,ID,STATELESS,1,11.16950504694661
2020,ID,STATELESS,2,41.004935003993126
2020,ID,STATELESS,4,143.0641675487905
2020,ID,STATELESS,8,486.61913182259605
2020,ID,DYNAMIC_HISTORY,1,0.020935555282570725
2020,ID,DYNAMIC_HISTORY,2,0.05596839689335986
2020,ID,DYNAMIC_HISTORY,4,0.17032410114143198
2020,ID,DYNAMIC_HISTORY,8,0.6350488418561353
2020,ID,LEAKAGE_ORACLE,1,2.273104205006648e-12
2020,OOD,STATELESS,1,7.971553369083312
2020,OOD,STATELESS,2,25.977661618949256
2020,OOD,STATELESS,4,76.92866605503994
2020,OOD,STATELESS,8,225.44906285638262
2020,OOD,DYNAMIC_HISTORY,1,0.4286696928004464
2020,OOD,DYNAMIC_HISTORY,2,3.2837230704516145
2020,OOD,DYNAMIC_HISTORY,4,26.788291370490786
2020,OOD,DYNAMIC_HISTORY,8,204.54579441867287
2020,OOD,LEAKAGE_ORACLE,1,5.5441970109384745e-12
2021,ID,STATELESS,1,11.928980271188763
2021,ID,STATELESS,2,45.01393617004692
2021,ID,STATELESS,4,161.20990816513856
2021,ID,STATELESS,8,492.176597088838
2021,ID,DYNAMIC_HISTORY,1,0.018400417747313783
2021,ID,DYNAMIC_HISTORY,2,0.052586907423440986
2021,ID,DYNAMIC_HISTORY,4,0.20948308438171823
2021,ID,DYNAMIC_HISTORY,8,0.6857796194701682
2021,ID,LEAKAGE_ORACLE,1,2.255574649758866e-12
2021,OOD,STATELESS,1,7.610794826536374
2021,OOD,STATELESS,2,24.592522883892993
2021,OOD,STATELESS,4,74.88832730567577
2021,OOD,STATELESS,8,200.80727617842325
2021,OOD,DYNAMIC_HISTORY,1,0.39319806067043445
2021,OOD,DYNAMIC_HISTORY,2,2.8742963522704805
2021,OOD,DYNAMIC_HISTORY,4,22.945372646472983
2021,OOD,DYNAMIC_HISTORY,8,157.33101661966614
2021,OOD,LEAKAGE_ORACLE,1,5.861424368715526e-12
2022,ID,STATELESS,1,13.062359014453232
2022,ID,STATELESS,2,50.595023779567796
2022,ID,STATELESS,4,187.47446129174415
2022,ID,STATELESS,8,647.5640903729167
2022,ID,DYNAMIC_HISTORY,1,0.018929960076857207
2022,ID,DYNAMIC_HISTORY,2,0.05414360712090703
2022,ID,DYNAMIC_HISTORY,4,0.21488698561137418
2022,ID,DYNAMIC_HISTORY,8,0.9183792267537212
2022,ID,LEAKAGE_ORACLE,1,2.4162657914959364e-12
2022,OOD,STATELESS,1,7.07967084438618
2022,OOD,STATELESS,2,23.759234205147255
2022,OOD,STATELESS,4,74.7493027585784
2022,OOD,STATELESS,8,204.12731320725433
2022,OOD,DYNAMIC_HISTORY,1,0.35671356346475264
2022,OOD,DYNAMIC_HISTORY,2,2.682296266670667
2022,OOD,DYNAMIC_HISTORY,4,20.774346738048425
2022,OOD,DYNAMIC_HISTORY,8,145.5527683262274
2022,OOD,LEAKAGE_ORACLE,1,5.602032385468365e-12
2023,ID,STATELESS,1,14.94513273479189
2023,ID,STATELESS,2,53.90882069105183
2023,ID,STATELESS,4,188.0682562498743
2023,ID,STATELESS,8,624.1283098891032
2023,ID,DYNAMIC_HISTORY,1,0.018592948817028783
2023,ID,DYNAMIC_HISTORY,2,0.050959561504664706
2023,ID,DYNAMIC_HISTORY,4,0.21636758467743383
2023,ID,DYNAMIC_HISTORY,8,0.7359094264864476
2023,ID,LEAKAGE_ORACLE,1,2.1751711738930875e-12
2023,OOD,STATELESS,1,7.934146161030792
2023,OOD,STATELESS,2,24.367122630385847
2023,OOD,STATELESS,4,65.93907730675846
2023,OOD,STATELESS,8,168.43717177086307
2023,OOD,DYNAMIC_HISTORY,1,0.4282019565387801
2023,OOD,DYNAMIC_HISTORY,2,3.192746865459245
2023,OOD,DYNAMIC_HISTORY,4,24.941368958520698
2023,OOD,DYNAMIC_HISTORY,8,171.68039346874826
2023,OOD,LEAKAGE_ORACLE,1,5.4038013429138475e-12
2024,ID,STATELESS,1,12.170075346379864
2024,ID,STATELESS,2,45.138419270721954
2024,ID,STATELESS,4,165.68896520357407
2024,ID,STATELESS,8,552.7991235182787
2024,ID,DYNAMIC_HISTORY,1,0.019108083343153108
2024,ID,DYNAMIC_HISTORY,2,0.05119152824818029
2024,ID,DYNAMIC_HISTORY,4,0.20018709126138998
2024,ID,DYNAMIC_HISTORY,8,0.7182960260477369
2024,ID,LEAKAGE_ORACLE,1,2.063089475049875e-12
2024,OOD,STATELESS,1,7.547034790724475
2024,OOD,STATELESS,2,23.765186498739155
2024,OOD,STATELESS,4,75.07576394161325
2024,OOD,STATELESS,8,202.47255178513242
2024,OOD,DYNAMIC_HISTORY,1,0.40409162265742904
2024,OOD,DYNAMIC_HISTORY,2,3.006037353383504
2024,OOD,DYNAMIC_HISTORY,4,24.438966031819675
2024,OOD,DYNAMIC_HISTORY,8,182.7234854046779
2024,OOD,LEAKAGE_ORACLE,1,5.459574831399793e-12
2025,ID,STATELESS,1,11.551688908477923
2025,ID,STATELESS,2,41.96259247136109
2025,ID,STATELESS,4,147.38088311867898
2025,ID,STATELESS,8,484.53603911798035
2025,ID,DYNAMIC_HISTORY,1,0.020688377584345816
2025,ID,DYNAMIC_HISTORY,2,0.05869951841430591
2025,ID,DYNAMIC_HISTORY,4,0.23421668215942373
2025,ID,DYNAMIC_HISTORY,8,0.860857696943891
2025,ID,LEAKAGE_ORACLE,1,2.422471055257784e-12
2025,OOD,STATELESS,1,8.873846938461408
2025,OOD,STATELESS,2,27.33352504762207
2025,OOD,STATELESS,4,78.21468438809143
2025,OOD,STATELESS,8,186.9684915247774
2025,OOD,DYNAMIC_HISTORY,1,0.42660810500329777
2025,OOD,DYNAMIC_HISTORY,2,3.174134387420282
2025,OOD,DYNAMIC_HISTORY,4,25.473497189524686
2025,OOD,DYNAMIC_HISTORY,8,179.16112985207684
2025,OOD,LEAKAGE_ORACLE,1,6.581919893498736e-12
2026,ID,STATELESS,1,13.08680171927735
2026,ID,STATELESS,2,47.4622066736074
2026,ID,STATELESS,4,165.6585948458796
2026,ID,STATELESS,8,562.4195089774698
2026,ID,DYNAMIC_HISTORY,1,0.016188889873222163
2026,ID,DYNAMIC_HISTORY,2,0.0442899519820014
2026,ID,DYNAMIC_HISTORY,4,0.16449655998886187
2026,ID,DYNAMIC_HISTORY,8,0.6462671355399392
2026,ID,LEAKAGE_ORACLE,1,2.462387750530264e-12
2026,OOD,STATELESS,1,8.836790287115534
2026,OOD,STATELESS,2,26.934187738305884
2026,OOD,STATELESS,4,83.76737244044618
2026,OOD,STATELESS,8,230.21311176743467
2026,OOD,DYNAMIC_HISTORY,1,0.4966032180293483
2026,OOD,DYNAMIC_HISTORY,2,3.848546324684832
2026,OOD,DYNAMIC_HISTORY,4,32.33238123789675
2026,OOD,DYNAMIC_HISTORY,8,228.05626626129498
2026,OOD,LEAKAGE_ORACLE,1,6.310617741116834e-12
2027,ID,STATELESS,1,12.247678715988519
2027,ID,STATELESS,2,44.087792279741485
2027,ID,STATELESS,4,155.5811745110291
2027,ID,STATELESS,8,495.82317246860896
2027,ID,DYNAMIC_HISTORY,1,0.018783331389593254
2027,ID,DYNAMIC_HISTORY,2,0.05567913135196114
2027,ID,DYNAMIC_HISTORY,4,0.19207944914550765
2027,ID,DYNAMIC_HISTORY,8,0.8128017612297028
2027,ID,LEAKAGE_ORACLE,1,2.1640301266493752e-12
2027,OOD,STATELESS,1,7.752127902281461
2027,OOD,STATELESS,2,20.757882383963313
2027,OOD,STATELESS,4,56.50416860550291
2027,OOD,STATELESS,8,121.40240749968024
2027,OOD,DYNAMIC_HISTORY,1,0.35791690280467875
2027,OOD,DYNAMIC_HISTORY,2,2.6509566063446797
2027,OOD,DYNAMIC_HISTORY,4,21.582844878349857
2027,OOD,DYNAMIC_HISTORY,8,154.04639296209325
2027,OOD,LEAKAGE_ORACLE,1,5.336080351663453e-12
2028,ID,STATELESS,1,11.497727754946593
2028,ID,STATELESS,2,42.94666247768234
2028,ID,STATELESS,4,152.34241772580756
2028,ID,STATELESS,8,471.489856897078
2028,ID,DYNAMIC_HISTORY,1,0.019259385423856135
2028,ID,DYNAMIC_HISTORY,2,0.055104948333640685
2028,ID,DYNAMIC_HISTORY,4,0.23079305094673375
2028,ID,DYNAMIC_HISTORY,8,0.8207562270825456
2028,ID,LEAKAGE_ORACLE,1,2.3235869754740937e-12
2028,OOD,STATELESS,1,9.17387969699196
2028,OOD,STATELESS,2,32.945744213847426
2028,OOD,STATELESS,4,111.65511085905234
2028,OOD,STATELESS,8,328.9565991610098
2028,OOD,DYNAMIC_HISTORY,1,0.44337185253560374
2028,OOD,DYNAMIC_HISTORY,2,3.350315647249128
2028,OOD,DYNAMIC_HISTORY,4,27.066617888357055
2028,OOD,DYNAMIC_HISTORY,8,182.581959995265
2028,OOD,LEAKAGE_ORACLE,1,5.554901368607495e-12
2029,ID,STATELESS,1,12.338867001211453
2029,ID,STATELESS,2,45.95518810575326
2029,ID,STATELESS,4,163.26452389136372
2029,ID,STATELESS,8,543.2569992687937
2029,ID,DYNAMIC_HISTORY,1,0.021609211000500846
2029,ID,DYNAMIC_HISTORY,2,0.05450781820762872
2029,ID,DYNAMIC_HISTORY,4,0.18851244066362438
2029,ID,DYNAMIC_HISTORY,8,0.8836920495285505
2029,ID,LEAKAGE_ORACLE,1,2.0015663037770935e-12
2029,OOD,STATELESS,1,6.7708372202560225
2029,OOD,STATELESS,2,20.148171665688828
2029,OOD,STATELESS,4,53.48811748085508
2029,OOD,STATELESS,8,133.2317913324765
2029,OOD,DYNAMIC_HISTORY,1,0.3636529578941136
2029,OOD,DYNAMIC_HISTORY,2,2.6859146603733928
2029,OOD,DYNAMIC_HISTORY,4,22.071218932970922
2029,OOD,DYNAMIC_HISTORY,8,152.5912492515321
2029,OOD,LEAKAGE_ORACLE,1,5.168605929160966e-12
2030,ID,STATELESS,1,12.496768973046883
2030,ID,STATELESS,2,45.24221632692916
2030,ID,STATELESS,4,160.07330884105198
2030,ID,STATELESS,8,533.202988438699
2030,ID,DYNAMIC_HISTORY,1,0.01738441612437564
2030,ID,DYNAMIC_HISTORY,2,0.04906796027697174
2030,ID,DYNAMIC_HISTORY,4,0.18205762168731274
2030,ID,DYNAMIC_HISTORY,8,0.7348047272909359
2030,ID,LEAKAGE_ORACLE,1,2.094850684737819e-12
2030,OOD,STATELESS,1,7.797925107866523
2030,OOD,STATELESS,2,23.648368370496673
2030,OOD,STATELESS,4,65.35885510418292
2030,OOD,STATELESS,8,170.6324183501883
2030,OOD,DYNAMIC_HISTORY,1,0.36994048480890085
2030,OOD,DYNAMIC_HISTORY,2,2.707476665423988
2030,OOD,DYNAMIC_HISTORY,4,22.207725593821884
2030,OOD,DYNAMIC_HISTORY,8,159.16567929615044
2030,OOD,LEAKAGE_ORACLE,1,4.781709802817367e-12
2031,ID,STATELESS,1,15.117284315162125
2031,ID,STATELESS,2,56.04195081964854
2031,ID,STATELESS,4,203.8753875423322
2031,ID,STATELESS,8,699.9421320511098
2031,ID,DYNAMIC_HISTORY,1,0.018557286494108285
2031,ID,DYNAMIC_HISTORY,2,0.05677387991488685
2031,ID,DYNAMIC_HISTORY,4,0.23239617092936193
2031,ID,DYNAMIC_HISTORY,8,0.8860766703778865
2031,ID,LEAKAGE_ORACLE,1,2.4422323631977736e-12
2031,OOD,STATELESS,1,7.521221765421881
2031,OOD,STATELESS,2,23.92632552920083
2031,OOD,STATELESS,4,70.6681052160055
2031,OOD,STATELESS,8,173.50544397914177
2031,OOD,DYNAMIC_HISTORY,1,0.37591324174375357
2031,OOD,DYNAMIC_HISTORY,2,2.7272845641529773
2031,OOD,DYNAMIC_HISTORY,4,21.31311039622784
2031,OOD,DYNAMIC_HISTORY,8,146.42460411209674
2031,OOD,LEAKAGE_ORACLE,1,5.4030822137866816e-12
2032,ID,STATELESS,1,9.556090554297882
2032,ID,STATELESS,2,36.32620497786462
2032,ID,STATELESS,4,132.48527071951335
2032,ID,STATELESS,8,435.39434481321445
2032,ID,DYNAMIC_HISTORY,1,0.020766906124652512
2032,ID,DYNAMIC_HISTORY,2,0.05725913385797117
2032,ID,DYNAMIC_HISTORY,4,0.22087389648116604
2032,ID,DYNAMIC_HISTORY,8,0.7851814805643005
2032,ID,LEAKAGE_ORACLE,1,2.113879740638338e-12
2032,OOD,STATELESS,1,8.473848979074003
2032,OOD,STATELESS,2,27.751171452105496
2032,OOD,STATELESS,4,84.3449081493403
2032,OOD,STATELESS,8,235.22483678977696
2032,OOD,DYNAMIC_HISTORY,1,0.43819162764537134
2032,OOD,DYNAMIC_HISTORY,2,3.262503902954495
2032,OOD,DYNAMIC_HISTORY,4,26.643741057978488
2032,OOD,DYNAMIC_HISTORY,8,202.3030140766025
2032,OOD,LEAKAGE_ORACLE,1,5.6824141104594446e-12
2033,ID,STATELESS,1,11.104791982599286
2033,ID,STATELESS,2,40.29513686759533
2033,ID,STATELESS,4,143.1375077074427
2033,ID,STATELESS,8,474.0220398345594
2033,ID,DYNAMIC_HISTORY,1,0.018708838594632342
2033,ID,DYNAMIC_HISTORY,2,0.05129158359718863
2033,ID,DYNAMIC_HISTORY,4,0.20108454907745252
2033,ID,DYNAMIC_HISTORY,8,0.7530331450015397
2033,ID,LEAKAGE_ORACLE,1,2.2832642440062627e-12
2033,OOD,STATELESS,1,8.421580663792419
2033,OOD,STATELESS,2,28.169533294658102
2033,OOD,STATELESS,4,83.08119465861989
2033,OOD,STATELESS,8,187.7709720377279
2033,OOD,DYNAMIC_HISTORY,1,0.44159702586394656
2033,OOD,DYNAMIC_HISTORY,2,3.2920833102981084
2033,OOD,DYNAMIC_HISTORY,4,26.31829484720475
2033,OOD,DYNAMIC_HISTORY,8,165.81601087674338
2033,OOD,LEAKAGE_ORACLE,1,5.670763288034572e-12
2034,ID,STATELESS,1,12.601750515849357
2034,ID,STATELESS,2,46.40179346547488
2034,ID,STATELESS,4,164.74114349838183
2034,ID,STATELESS,8,551.9624277998026
2034,ID,DYNAMIC_HISTORY,1,0.018599182438202185
2034,ID,DYNAMIC_HISTORY,2,0.050242354432102815
2034,ID,DYNAMIC_HISTORY,4,0.1889575145059456
2034,ID,DYNAMIC_HISTORY,8,0.6711044235414343
2034,ID,LEAKAGE_ORACLE,1,2.211608819627443e-12
2034,OOD,STATELESS,1,7.04776242289229
2034,OOD,STATELESS,2,21.65185370471555
2034,OOD,STATELESS,4,61.34109864740438
2034,OOD,STATELESS,8,173.03402578667985
2034,OOD,DYNAMIC_HISTORY,1,0.3483345973939347
2034,OOD,DYNAMIC_HISTORY,2,2.6073309284213595
2034,OOD,DYNAMIC_HISTORY,4,21.489258651850726
2034,OOD,DYNAMIC_HISTORY,8,151.8972421495976
2034,OOD,LEAKAGE_ORACLE,1,5.4938489009092975e-12
2035,ID,STATELESS,1,11.170980921361675
2035,ID,STATELESS,2,41.210468365770716
2035,ID,STATELESS,4,148.41767126649987
2035,ID,STATELESS,8,488.46730660270424
2035,ID,DYNAMIC_HISTORY,1,0.018177453437077034
2035,ID,DYNAMIC_HISTORY,2,0.05433751962396945
2035,ID,DYNAMIC_HISTORY,4,0.19237148004081714
2035,ID,DYNAMIC_HISTORY,8,0.8091198527971737
2035,ID,LEAKAGE_ORACLE,1,2.1184337987821212e-12
2035,OOD,STATELESS,1,6.780420250290524
2035,OOD,STATELESS,2,21.11887454417918
2035,OOD,STATELESS,4,60.21198232110264
2035,OOD,STATELESS,8,158.52502943524695
2035,OOD,DYNAMIC_HISTORY,1,0.34727792065404733
2035,OOD,DYNAMIC_HISTORY,2,2.5841087681398336
2035,OOD,DYNAMIC_HISTORY,4,20.303537828518596
2035,OOD,DYNAMIC_HISTORY,8,144.3095463963111
2035,OOD,LEAKAGE_ORACLE,1,5.253362610115674e-12
2036,ID,STATELESS,1,19.382349094759892
2036,ID,STATELESS,2,74.79054903517435
2036,ID,STATELESS,4,279.27368346420474
2036,ID,STATELESS,8,1013.5963053506273
2036,ID,DYNAMIC_HISTORY,1,0.019406096515593992
2036,ID,DYNAMIC_HISTORY,2,0.06066077618172136
2036,ID,DYNAMIC_HISTORY,4,0.21607898219107277
2036,ID,DYNAMIC_HISTORY,8,0.8799019722259488
2036,ID,LEAKAGE_ORACLE,1,2.3383131957473354e-12
2036,OOD,STATELESS,1,8.970842444423734
2036,OOD,STATELESS,2,29.541302823985525
2036,OOD,STATELESS,4,86.7511897183535
2036,OOD,STATELESS,8,231.4932886288234
2036,OOD,DYNAMIC_HISTORY,1,0.40639676925255086
2036,OOD,DYNAMIC_HISTORY,2,3.0548996505022448
2036,OOD,DYNAMIC_HISTORY,4,23.789718846381582
2036,OOD,DYNAMIC_HISTORY,8,145.55215851842448
2036,OOD,LEAKAGE_ORACLE,1,5.9335741004466364e-12
2037,ID,STATELESS,1,14.284962111147363
2037,ID,STATELESS,2,53.606604774832384
2037,ID,STATELESS,4,193.14209259336306
2037,ID,STATELESS,8,661.259847808245
2037,ID,DYNAMIC_HISTORY,1,0.019266272117489082
2037,ID,DYNAMIC_HISTORY,2,0.050054635635690174
2037,ID,DYNAMIC_HISTORY,4,0.16630576614907766
2037,ID,DYNAMIC_HISTORY,8,0.6263560249026184
2037,ID,LEAKAGE_ORACLE,1,2.7895163882854915e-12
2037,OOD,STATELESS,1,6.601944563977095
2037,OOD,STATELESS,2,20.711477197810268
2037,OOD,STATELESS,4,60.472663380700254
2037,OOD,STATELESS,8,172.55587250959422
2037,OOD,DYNAMIC_HISTORY,1,0.31445039950997034
2037,OOD,DYNAMIC_HISTORY,2,2.285913803639436
2037,OOD,DYNAMIC_HISTORY,4,17.9061089293831
2037,OOD,DYNAMIC_HISTORY,8,127.8116640177403
2037,OOD,LEAKAGE_ORACLE,1,6.218462504287094e-12
2038,ID,STATELESS,1,10.910286083597263
2038,ID,STATELESS,2,40.3577737213694
2038,ID,STATELESS,4,142.26633082622484
2038,ID,STATELESS,8,425.85853855592524
2038,ID,DYNAMIC_HISTORY,1,0.0204576930677166
2038,ID,DYNAMIC_HISTORY,2,0.05453373620087116
2038,ID,DYNAMIC_HISTORY,4,0.20813688319432466
2038,ID,DYNAMIC_HISTORY,8,1.1443597406201491
2038,ID,LEAKAGE_ORACLE,1,2.2913067602778225e-12
2038,OOD,STATELESS,1,6.639712789507491
2038,OOD,STATELESS,2,21.534486584688217
2038,OOD,STATELESS,4,67.7730262390827
2038,OOD,STATELESS,8,176.44048648835025
2038,OOD,DYNAMIC_HISTORY,1,0.36076612928614393
2038,OOD,DYNAMIC_HISTORY,2,2.735801327488777
2038,OOD,DYNAMIC_HISTORY,4,21.84820520724803
2038,OOD,DYNAMIC_HISTORY,8,155.84508118118111
2038,OOD,LEAKAGE_ORACLE,1,5.242224669911514e-12
2039,ID,STATELESS,1,13.623693019687137
2039,ID,STATELESS,2,50.87051877778605
2039,ID,STATELESS,4,181.23074953218267
2039,ID,STATELESS,8,559.9939225250276
2039,ID,DYNAMIC_HISTORY,1,0.01874058645388233
2039,ID,DYNAMIC_HISTORY,2,0.050687348632920896
2039,ID,DYNAMIC_HISTORY,4,0.21153609979086688
2039,ID,DYNAMIC_HISTORY,8,0.9011672861731596
2039,ID,LEAKAGE_ORACLE,1,2.1739814476471163e-12
2039,OOD,STATELESS,1,7.350755420224506
2039,OOD,STATELESS,2,23.14789059796559
2039,OOD,STATELESS,4,75.3432606839597
2039,OOD,STATELESS,8,202.45770462356631
2039,OOD,DYNAMIC_HISTORY,1,0.3747129227347558
2039,OOD,DYNAMIC_HISTORY,2,2.830218813942227
2039,OOD,DYNAMIC_HISTORY,4,23.47629617824752
2039,OOD,DYNAMIC_HISTORY,8,157.8419588626077
2039,OOD,LEAKAGE_ORACLE,1,5.497393513894417e-12
2040,ID,STATELESS,1,14.470041547818143
2040,ID,STATELESS,2,53.222401238935745
2040,ID,STATELESS,4,189.33965567123357
2040,ID,STATELESS,8,634.1036916307276
2040,ID,DYNAMIC_HISTORY,1,0.020325119809672998
2040,ID,DYNAMIC_HISTORY,2,0.05810764883430215
2040,ID,DYNAMIC_HISTORY,4,0.2357146780573298
2040,ID,DYNAMIC_HISTORY,8,0.8958825751144097
2040,ID,LEAKAGE_ORACLE,1,2.141892657962698e-12
2040,OOD,STATELESS,1,7.567540166106997
2040,OOD,STATELESS,2,23.98008473374607
2040,OOD,STATELESS,4,69.99315844561639
2040,OOD,STATELESS,8,162.36680697727306
2040,OOD,DYNAMIC_HISTORY,1,0.38010122806650587
2040,OOD,DYNAMIC_HISTORY,2,2.7570524610894678
2040,OOD,DYNAMIC_HISTORY,4,22.353071336736758
2040,OOD,DYNAMIC_HISTORY,8,158.45130753503756
2040,OOD,LEAKAGE_ORACLE,1,4.886860538667017e-12
2041,ID,STATELESS,1,12.730823076599767
2041,ID,STATELESS,2,47.070024715183145
2041,ID,STATELESS,4,166.10185441077732
2041,ID,STATELESS,8,568.0966561386543
2041,ID,DYNAMIC_HISTORY,1,0.018392267146363127
2041,ID,DYNAMIC_HISTORY,2,0.04924031777454228
2041,ID,DYNAMIC_HISTORY,4,0.20106557075740622
2041,ID,DYNAMIC_HISTORY,8,0.7538276111974406
2041,ID,LEAKAGE_ORACLE,1,1.9506776555240585e-12
2041,OOD,STATELESS,1,7.5165780735517
2041,OOD,STATELESS,2,23.814976409287063
2041,OOD,STATELESS,4,70.7716589981462
2041,OOD,STATELESS,8,214.57499173803197
2041,OOD,DYNAMIC_HISTORY,1,0.4250902025234584
2041,OOD,DYNAMIC_HISTORY,2,3.1865523021721742
2041,OOD,DYNAMIC_HISTORY,4,25.845753826278898
2041,OOD,DYNAMIC_HISTORY,8,195.33293505637943
2041,OOD,LEAKAGE_ORACLE,1,4.884017085830931e-12
2042,ID,STATELESS,1,13.8654740274813
2042,ID,STATELESS,2,52.44747865777171
2042,ID,STATELESS,4,192.83798380624816
2042,ID,STATELESS,8,667.6658932338777
2042,ID,DYNAMIC_HISTORY,1,0.016154469207177728
2042,ID,DYNAMIC_HISTORY,2,0.047070968220665546
2042,ID,DYNAMIC_HISTORY,4,0.1826889971070572
2042,ID,DYNAMIC_HISTORY,8,0.7034532769854411
2042,ID,LEAKAGE_ORACLE,1,2.3910138076412305e-12
2042,OOD,STATELESS,1,7.440553592814472
2042,OOD,STATELESS,2,23.801477189647496
2042,OOD,STATELESS,4,65.77271994318734
2042,OOD,STATELESS,8,173.83290044343724
2042,OOD,DYNAMIC_HISTORY,1,0.3868782754076137
2042,OOD,DYNAMIC_HISTORY,2,2.865940917756306
2042,OOD,DYNAMIC_HISTORY,4,22.47233402238996
2042,OOD,DYNAMIC_HISTORY,8,167.9688641509645
2042,OOD,LEAKAGE_ORACLE,1,5.815209719662402e-12
2043,ID,STATELESS,1,12.885280135758078
2043,ID,STATELESS,2,47.32539573912816
2043,ID,STATELESS,4,171.1064819645527
2043,ID,STATELESS,8,564.4507216549035
2043,ID,DYNAMIC_HISTORY,1,0.019225071200955384
2043,ID,DYNAMIC_HISTORY,2,0.0555430850614643
2043,ID,DYNAMIC_HISTORY,4,0.22223076185884125
2043,ID,DYNAMIC_HISTORY,8,0.9663327367239467
2043,ID,LEAKAGE_ORACLE,1,2.209183721061086e-12
2043,OOD,STATELESS,1,8.024390015050255
2043,OOD,STATELESS,2,24.84773204813164
2043,OOD,STATELESS,4,74.46898741825518
2043,OOD,STATELESS,8,178.7266057332558
2043,OOD,DYNAMIC_HISTORY,1,0.4121098605664436
2043,OOD,DYNAMIC_HISTORY,2,3.043144407514531
2043,OOD,DYNAMIC_HISTORY,4,25.28256919573466
2043,OOD,DYNAMIC_HISTORY,8,168.0510895990019
2043,OOD,LEAKAGE_ORACLE,1,5.420204661702089e-12
2044,ID,STATELESS,1,11.3585260053368
2044,ID,STATELESS,2,41.46612048391569
2044,ID,STATELESS,4,148.23175842270194
2044,ID,STATELESS,8,501.79826410777287
2044,ID,DYNAMIC_HISTORY,1,0.01908734741305201
2044,ID,DYNAMIC_HISTORY,2,0.058013122971151264
2044,ID,DYNAMIC_HISTORY,4,0.22483636602854545
2044,ID,DYNAMIC_HISTORY,8,0.8497933933859497
2044,ID,LEAKAGE_ORACLE,1,2.374765598430279e-12
2044,OOD,STATELESS,1,8.75259611170224
2044,OOD,STATELESS,2,29.11200882795871
2044,OOD,STATELESS,4,94.9962703674837
2044,OOD,STATELESS,8,284.9305804260618
2044,OOD,DYNAMIC_HISTORY,1,0.4106724005024998
2044,OOD,DYNAMIC_HISTORY,2,3.069983119684997
2044,OOD,DYNAMIC_HISTORY,4,25.861547710041922
2044,OOD,DYNAMIC_HISTORY,8,194.3301310496688
2044,OOD,LEAKAGE_ORACLE,1,5.776110947205315e-12
2045,ID,STATELESS,1,14.475975270404776
2045,ID,STATELESS,2,55.30969460813592
2045,ID,STATELESS,4,202.29768774816108
2045,ID,STATELESS,8,688.7595941057356
2045,ID,DYNAMIC_HISTORY,1,0.018428605165258866
2045,ID,DYNAMIC_HISTORY,2,0.05505268843118584
2045,ID,DYNAMIC_HISTORY,4,0.2040729146578634
2045,ID,DYNAMIC_HISTORY,8,0.6982582933509549
2045,ID,LEAKAGE_ORACLE,1,2.674873710678218e-12
2045,OOD,STATELESS,1,9.15650160345916
2045,OOD,STATELESS,2,33.094828706086474
2045,OOD,STATELESS,4,110.52492058122716
2045,OOD,STATELESS,8,326.00669049962363
2045,OOD,DYNAMIC_HISTORY,1,0.471017194151613
2045,OOD,DYNAMIC_HISTORY,2,3.6032968339783564
2045,OOD,DYNAMIC_HISTORY,4,29.408165448847463
2045,OOD,DYNAMIC_HISTORY,8,210.87720501574398
2045,OOD,LEAKAGE_ORACLE,1,7.199792350092701e-12
2046,ID,STATELESS,1,14.00863641276425
2046,ID,STATELESS,2,50.36519286100302
2046,ID,STATELESS,4,175.1289376527686
2046,ID,STATELESS,8,557.5719527688194
2046,ID,DYNAMIC_HISTORY,1,0.019818192825297627
2046,ID,DYNAMIC_HISTORY,2,0.05428246709246264
2046,ID,DYNAMIC_HISTORY,4,0.20712539074052855
2046,ID,DYNAMIC_HISTORY,8,0.5729544987541696
2046,ID,LEAKAGE_ORACLE,1,2.321058144059578e-12
2046,OOD,STATELESS,1,9.229886152823259
2046,OOD,STATELESS,2,25.88043237579072
2046,OOD,STATELESS,4,63.308049282081136
2046,OOD,STATELESS,8,177.0102071646645
2046,OOD,DYNAMIC_HISTORY,1,0.390261820623297
2046,OOD,DYNAMIC_HISTORY,2,2.897998668025659
2046,OOD,DYNAMIC_HISTORY,4,23.076106115772337
2046,OOD,DYNAMIC_HISTORY,8,179.1705898912881
2046,OOD,LEAKAGE_ORACLE,1,5.641978036355351e-12
2047,ID,STATELESS,1,12.39377703007568
2047,ID,STATELESS,2,44.75548354065321
2047,ID,STATELESS,4,162.12585229465319
2047,ID,STATELESS,8,531.3289080137495
2047,ID,DYNAMIC_HISTORY,1,0.018266292302227625
2047,ID,DYNAMIC_HISTORY,2,0.05570103727838615
2047,ID,DYNAMIC_HISTORY,4,0.21597816275441395
2047,ID,DYNAMIC_HISTORY,8,0.8277779163899035
2047,ID,LEAKAGE_ORACLE,1,2.7824158188657927e-12
2047,OOD,STATELESS,1,9.651730247873632
2047,OOD,STATELESS,2,27.24426783981234
2047,OOD,STATELESS,4,65.81548932455844
2047,OOD,STATELESS,8,144.69728548725735
2047,OOD,DYNAMIC_HISTORY,1,0.44076504410485157
2047,OOD,DYNAMIC_HISTORY,2,3.3093137809985396
2047,OOD,DYNAMIC_HISTORY,4,27.178116609598447
2047,OOD,DYNAMIC_HISTORY,8,186.77507166064765
2047,OOD,LEAKAGE_ORACLE,1,6.198135631961761e-12
2048,ID,STATELESS,1,12.025973455200743
2048,ID,STATELESS,2,43.35194474313999
2048,ID,STATELESS,4,153.11674961712285
2048,ID,STATELESS,8,528.9620558782572
2048,ID,DYNAMIC_HISTORY,1,0.01970249320223842
2048,ID,DYNAMIC_HISTORY,2,0.05333530221923933
2048,ID,DYNAMIC_HISTORY,4,0.2001188867544787
2048,ID,DYNAMIC_HISTORY,8,0.5763076824772458
2048,ID,LEAKAGE_ORACLE,1,1.9684389973359775e-12
2048,OOD,STATELESS,1,8.475867417655829
2048,OOD,STATELESS,2,24.677421516773066
2048,OOD,STATELESS,4,62.972780384682814
2048,OOD,STATELESS,8,160.59409284258913
2048,OOD,DYNAMIC_HISTORY,1,0.3746365852093587
2048,OOD,DYNAMIC_HISTORY,2,2.7730519365878736
2048,OOD,DYNAMIC_HISTORY,4,21.974289721557184
2048,OOD,DYNAMIC_HISTORY,8,159.38539810276046
2048,OOD,LEAKAGE_ORACLE,1,5.3840052319238946e-12
2049,ID,STATELESS,1,13.681350043210667
2049,ID,STATELESS,2,51.61621802945947
2049,ID,STATELESS,4,186.19246598032956
2049,ID,STATELESS,8,632.4008574124313
2049,ID,DYNAMIC_HISTORY,1,0.0171934102887567
2049,ID,DYNAMIC_HISTORY,2,0.05075161789739694
2049,ID,DYNAMIC_HISTORY,4,0.18488972622289934
2049,ID,DYNAMIC_HISTORY,8,0.6098564054754225
2049,ID,LEAKAGE_ORACLE,1,2.0889542657135126e-12
2049,OOD,STATELESS,1,7.921691784158908
2049,OOD,STATELESS,2,25.573739662662412
2049,OOD,STATELESS,4,78.02212763815407
2049,OOD,STATELESS,8,197.3462091551421
2049,OOD,DYNAMIC_HISTORY,1,0.4162322158753353
2049,OOD,DYNAMIC_HISTORY,2,3.080068294876671
2049,OOD,DYNAMIC_HISTORY,4,24.72125061260768
2049,OOD,DYNAMIC_HISTORY,8,156.99259830666549
2049,OOD,LEAKAGE_ORACLE,1,5.542811988121463e-12
2050,ID,STATELESS,1,12.959592944331982
2050,ID,STATELESS,2,48.254438872369754
2050,ID,STATELESS,4,175.52296016554027
2050,ID,STATELESS,8,591.7722348413025
2050,ID,DYNAMIC_HISTORY,1,0.01838680619120738
2050,ID,DYNAMIC_HISTORY,2,0.052083999368476935
2050,ID,DYNAMIC_HISTORY,4,0.2161682830795676
2050,ID,DYNAMIC_HISTORY,8,0.8735224594197576
2050,ID,LEAKAGE_ORACLE,1,2.4694096073322916e-12
2050,OOD,STATELESS,1,7.76062886579593
2050,OOD,STATELESS,2,25.801796553266417
2050,OOD,STATELESS,4,77.42473617921364
2050,OOD,STATELESS,8,204.58238033134128
2050,OOD,DYNAMIC_HISTORY,1,0.3819974081814202
2050,OOD,DYNAMIC_HISTORY,2,2.826350959663431
2050,OOD,DYNAMIC_HISTORY,4,22.88051421024402
2050,OOD,DYNAMIC_HISTORY,8,143.52763011331803
2050,OOD,LEAKAGE_ORACLE,1,5.476354571393869e-12
2051,ID,STATELESS,1,12.312324127360576
2051,ID,STATELESS,2,45.7430601532536
2051,ID,STATELESS,4,164.39321708936012
2051,ID,STATELESS,8,508.31987147239096
2051,ID,DYNAMIC_HISTORY,1,0.018537864727746725
2051,ID,DYNAMIC_HISTORY,2,0.05364422727930465
2051,ID,DYNAMIC_HISTORY,4,0.19470812553113667
2051,ID,DYNAMIC_HISTORY,8,0.9921298477281278
2051,ID,LEAKAGE_ORACLE,1,2.1773589948619795e-12
2051,OOD,STATELESS,1,7.419641402818209
2051,OOD,STATELESS,2,23.29634563082709
2051,OOD,STATELESS,4,67.53520727591152
2051,OOD,STATELESS,8,163.7286142121822
2051,OOD,DYNAMIC_HISTORY,1,0.3856922503147158
2051,OOD,DYNAMIC_HISTORY,2,2.835018203441153
2051,OOD,DYNAMIC_HISTORY,4,22.511253463894654
2051,OOD,DYNAMIC_HISTORY,8,148.31469908177687
2051,OOD,LEAKAGE_ORACLE,1,4.954566429958647e-12
2052,ID,STATELESS,1,13.668515053175698
2052,ID,STATELESS,2,51.31961154839261
2052,ID,STATELESS,4,185.8202447542819
2052,ID,STATELESS,8,626.1220590601783
2052,ID,DYNAMIC_HISTORY,1,0.017761216481437938
2052,ID,DYNAMIC_HISTORY,2,0.04817816041436794
2052,ID,DYNAMIC_HISTORY,4,0.1757927383474135
2052,ID,DYNAMIC_HISTORY,8,0.7422859942052117
2052,ID,LEAKAGE_ORACLE,1,2.3186687412613344e-12
2052,OOD,STATELESS,1,8.36244842332632
2052,OOD,STATELESS,2,27.439404299751246
2052,OOD,STATELESS,4,81.88236983289373
2052,OOD,STATELESS,8,220.3929134086004
2052,OOD,DYNAMIC_HISTORY,1,0.3376279169368995
2052,OOD,DYNAMIC_HISTORY,2,2.454218137491482
2052,OOD,DYNAMIC_HISTORY,4,18.87080537703581
2052,OOD,DYNAMIC_HISTORY,8,122.00011686449416
2052,OOD,LEAKAGE_ORACLE,1,5.7971149646643756e-12
2053,ID,STATELESS,1,14.874792009850696
2053,ID,STATELESS,2,56.60476974318368
2053,ID,STATELESS,4,208.6881489853809
2053,ID,STATELESS,8,740.3751683896927
2053,ID,DYNAMIC_HISTORY,1,0.020417659989526687
2053,ID,DYNAMIC_HISTORY,2,0.0591778515694361
2053,ID,DYNAMIC_HISTORY,4,0.17698087946150481
2053,ID,DYNAMIC_HISTORY,8,0.5109150274432879
2053,ID,LEAKAGE_ORACLE,1,2.429470039025969e-12
2053,OOD,STATELESS,1,7.936659514699282
2053,OOD,STATELESS,2,26.269725948373726
2053,OOD,STATELESS,4,79.06582050629545
2053,OOD,STATELESS,8,235.2852339685862
2053,OOD,DYNAMIC_HISTORY,1,0.4150849953699714
2053,OOD,DYNAMIC_HISTORY,2,3.124081843214793
2053,OOD,DYNAMIC_HISTORY,4,24.80541651305342
2053,OOD,DYNAMIC_HISTORY,8,184.42759113709653
2053,OOD,LEAKAGE_ORACLE,1,6.133366333415245e-12
2054,ID,STATELESS,1,11.858866869342261
2054,ID,STATELESS,2,43.45983258303526
2054,ID,STATELESS,4,154.62597590468224
2054,ID,STATELESS,8,518.0945310652718
2054,ID,DYNAMIC_HISTORY,1,0.016417776561691463
2054,ID,DYNAMIC_HISTORY,2,0.049935716514036894
2054,ID,DYNAMIC_HISTORY,4,0.16851222390874876
2054,ID,DYNAMIC_HISTORY,8,0.6189177322871504
2054,ID,LEAKAGE_ORACLE,1,2.108218740311123e-12
2054,OOD,STATELESS,1,7.239987509733954
2054,OOD,STATELESS,2,23.01170980439179
2054,OOD,STATELESS,4,69.59187301328642
2054,OOD,STATELESS,8,192.27532078228708
2054,OOD,DYNAMIC_HISTORY,1,0.37119102490345274
2054,OOD,DYNAMIC_HISTORY,2,2.72729219404746
2054,OOD,DYNAMIC_HISTORY,4,22.56617062783063
2054,OOD,DYNAMIC_HISTORY,8,166.12815928515317
2054,OOD,LEAKAGE_ORACLE,1,5.16562741222426e-12
2055,ID,STATELESS,1,13.914606979542446
2055,ID,STATELESS,2,49.41253927028189
2055,ID,STATELESS,4,171.40132024612168
2055,ID,STATELESS,8,561.3613482054338
2055,ID,DYNAMIC_HISTORY,1,0.018810908309258086
2055,ID,DYNAMIC_HISTORY,2,0.05311721908320568
2055,ID,DYNAMIC_HISTORY,4,0.16972406571734378
2055,ID,DYNAMIC_HISTORY,8,0.7849370020535783
2055,ID,LEAKAGE_ORACLE,1,2.6844801496088772e-12
2055,OOD,STATELESS,1,8.169633885372118
2055,OOD,STATELESS,2,24.586266221816242
2055,OOD,STATELESS,4,63.538448868086654
2055,OOD,STATELESS,8,143.65525586088452
2055,OOD,DYNAMIC_HISTORY,1,0.4141968718820794
2055,OOD,DYNAMIC_HISTORY,2,3.1259396641058776
2055,OOD,DYNAMIC_HISTORY,4,24.580175995918765
2055,OOD,DYNAMIC_HISTORY,8,174.61140382200688
2055,OOD,LEAKAGE_ORACLE,1,6.095253453189916e-12
2056,ID,STATELESS,1,11.84905159841666
2056,ID,STATELESS,2,43.21718066364319
2056,ID,STATELESS,4,152.021152835459
2056,ID,STATELESS,8,514.639975254634
2056,ID,DYNAMIC_HISTORY,1,0.0198705935366286
2056,ID,DYNAMIC_HISTORY,2,0.051886934370310514
2056,ID,DYNAMIC_HISTORY,4,0.18918790852657255
2056,ID,DYNAMIC_HISTORY,8,0.8797664245793876
2056,ID,LEAKAGE_ORACLE,1,2.3809635309136103e-12
2056,OOD,STATELESS,1,7.956984600038681
2056,OOD,STATELESS,2,25.303739107659265
2056,OOD,STATELESS,4,67.47895617218896
2056,OOD,STATELESS,8,197.79324435674098
2056,OOD,DYNAMIC_HISTORY,1,0.4077243024674608
2056,OOD,DYNAMIC_HISTORY,2,2.9863522109365745
2056,OOD,DYNAMIC_HISTORY,4,24.240237653659772
2056,OOD,DYNAMIC_HISTORY,8,196.5068789440062
2056,OOD,LEAKAGE_ORACLE,1,5.6539708879943936e-12
2057,ID,STATELESS,1,19.71841075280905
2057,ID,STATELESS,2,72.81420936202456
2057,ID,STATELESS,4,262.52209489316544
2057,ID,STATELESS,8,935.4240230503358
2057,ID,DYNAMIC_HISTORY,1,0.018212439857224694
2057,ID,DYNAMIC_HISTORY,2,0.05058435346858954
2057,ID,DYNAMIC_HISTORY,4,0.18790083884825276
2057,ID,DYNAMIC_HISTORY,8,0.745980059363557
2057,ID,LEAKAGE_ORACLE,1,2.435913695693899e-12
2057,OOD,STATELESS,1,7.873029964862424
2057,OOD,STATELESS,2,24.31159079156531
2057,OOD,STATELESS,4,66.81040379728982
2057,OOD,STATELESS,8,176.08671623829494
2057,OOD,DYNAMIC_HISTORY,1,0.35517105840143604
2057,OOD,DYNAMIC_HISTORY,2,2.65389864342741
2057,OOD,DYNAMIC_HISTORY,4,21.083561147796853
2057,OOD,DYNAMIC_HISTORY,8,154.91263840088945
2057,OOD,LEAKAGE_ORACLE,1,5.44207246440135e-12
2058,ID,STATELESS,1,12.364224878685194
2058,ID,STATELESS,2,45.38957631123173
2058,ID,STATELESS,4,163.1315101988174
2058,ID,STATELESS,8,540.680423516621
2058,ID,DYNAMIC_HISTORY,1,0.020317085577666025
2058,ID,DYNAMIC_HISTORY,2,0.0533971983504972
2058,ID,DYNAMIC_HISTORY,4,0.19324325766373573
2058,ID,DYNAMIC_HISTORY,8,0.8430558573182004
2058,ID,LEAKAGE_ORACLE,1,2.16846816328419e-12
2058,OOD,STATELESS,1,6.707446521216915
2058,OOD,STATELESS,2,20.272306227655864
2058,OOD,STATELESS,4,52.55190805403411
2058,OOD,STATELESS,8,125.5986477302544
2058,OOD,DYNAMIC_HISTORY,1,0.30438101591195565
2058,OOD,DYNAMIC_HISTORY,2,2.225841719037717
2058,OOD,DYNAMIC_HISTORY,4,17.28166166377381
2058,OOD,DYNAMIC_HISTORY,8,118.5806225193988
2058,OOD,LEAKAGE_ORACLE,1,5.2981975917062974e-12
2059,ID,STATELESS,1,13.539832874958975
2059,ID,STATELESS,2,51.43214459208412
2059,ID,STATELESS,4,186.84919584037138
2059,ID,STATELESS,8,617.3210425753199
2059,ID,DYNAMIC_HISTORY,1,0.020701755300762938
2059,ID,DYNAMIC_HISTORY,2,0.052187657000589915
2059,ID,DYNAMIC_HISTORY,4,0.18705069464528692
2059,ID,DYNAMIC_HISTORY,8,0.6183211186304546
2059,ID,LEAKAGE_ORACLE,1,2.6148307579437584e-12
2059,OOD,STATELESS,1,7.347843786659471
2059,OOD,STATELESS,2,24.923285466018715
2059,OOD,STATELESS,4,80.11492561659892
2059,OOD,STATELESS,8,221.00218082502005
2059,OOD,DYNAMIC_HISTORY,1,0.35367677748544996
2059,OOD,DYNAMIC_HISTORY,2,2.6238736399152356
2059,OOD,DYNAMIC_HISTORY,4,20.962631021879215
2059,OOD,DYNAMIC_HISTORY,8,153.27747353786808
2059,OOD,LEAKAGE_ORACLE,1,5.95948765426069e-12
2060,ID,STATELESS,1,17.672429810142685
2060,ID,STATELESS,2,67.16991045097961
2060,ID,STATELESS,4,248.4504215173515
2060,ID,STATELESS,8,823.0104968602419
2060,ID,DYNAMIC_HISTORY,1,0.019003660836330767
2060,ID,DYNAMIC_HISTORY,2,0.05174322895676999
2060,ID,DYNAMIC_HISTORY,4,0.19336427827294345
2060,ID,DYNAMIC_HISTORY,8,0.7466442540941305
2060,ID,LEAKAGE_ORACLE,1,2.174258523470903e-12
2060,OOD,STATELESS,1,6.034814149661705
2060,OOD,STATELESS,2,18.455389841606774
2060,OOD,STATELESS,4,49.10120566235952
2060,OOD,STATELESS,8,123.5273053102476
2060,OOD,DYNAMIC_HISTORY,1,0.27929909326954944
2060,OOD,DYNAMIC_HISTORY,2,1.9569954986442841
2060,OOD,DYNAMIC_HISTORY,4,16.124053643310575
2060,OOD,DYNAMIC_HISTORY,8,113.5231212184326
2060,OOD,LEAKAGE_ORACLE,1,4.756068173438013e-12
2061,ID,STATELESS,1,11.198051664326279
2061,ID,STATELESS,2,41.12100901594755
2061,ID,STATELESS,4,144.42456975366684
2061,ID,STATELESS,8,465.9366976595282
2061,ID,DYNAMIC_HISTORY,1,0.018301603343739467
2061,ID,DYNAMIC_HISTORY,2,0.052035982416766095
2061,ID,DYNAMIC_HISTORY,4,0.21429666164104835
2061,ID,DYNAMIC_HISTORY,8,0.7065984351348658
2061,ID,LEAKAGE_ORACLE,1,2.0089078846642505e-12
2061,OOD,STATELESS,1,8.529205339303388
2061,OOD,STATELESS,2,27.153022441374862
2061,OOD,STATELESS,4,80.92314174310764
2061,OOD,STATELESS,8,194.19079265918836
2061,OOD,DYNAMIC_HISTORY,1,0.44743744919826706
2061,OOD,DYNAMIC_HISTORY,2,3.386700526542114
2061,OOD,DYNAMIC_HISTORY,4,26.292557808334728
2061,OOD,DYNAMIC_HISTORY,8,165.90258635489263
2061,OOD,LEAKAGE_ORACLE,1,5.686532529684332e-12
2062,ID,STATELESS,1,13.61616013578041
2062,ID,STATELESS,2,51.267668892181604
2062,ID,STATELESS,4,186.7956566143706
2062,ID,STATELESS,8,651.1507460145546
2062,ID,DYNAMIC_HISTORY,1,0.019209761260649574
2062,ID,DYNAMIC_HISTORY,2,0.05512816427449215
2062,ID,DYNAMIC_HISTORY,4,0.21390997936013798
2062,ID,DYNAMIC_HISTORY,8,0.6982738927692845
2062,ID,LEAKAGE_ORACLE,1,2.617206164387869e-12
2062,OOD,STATELESS,1,9.208544879995559
2062,OOD,STATELESS,2,32.29722364886709
2062,OOD,STATELESS,4,110.29270379903998
2062,OOD,STATELESS,8,332.2459144901987
2062,OOD,DYNAMIC_HISTORY,1,0.4037808802792382
2062,OOD,DYNAMIC_HISTORY,2,2.9429247530298963
2062,OOD,DYNAMIC_HISTORY,4,24.054991228780445
2062,OOD,DYNAMIC_HISTORY,8,173.03635870617927
2062,OOD,LEAKAGE_ORACLE,1,5.88993358261042e-12
2063,ID,STATELESS,1,12.275428048433223
2063,ID,STATELESS,2,45.60408823394422
2063,ID,STATELESS,4,165.8942447818059
2063,ID,STATELESS,8,557.1017446456659
2063,ID,DYNAMIC_HISTORY,1,0.017589451804018188
2063,ID,DYNAMIC_HISTORY,2,0.0487874909679471
2063,ID,DYNAMIC_HISTORY,4,0.19913566321115075
2063,ID,DYNAMIC_HISTORY,8,0.8633109018927428
2063,ID,LEAKAGE_ORACLE,1,2.757900505540384e-12
2063,OOD,STATELESS,1,11.393487610894637
2063,OOD,STATELESS,2,29.45362932909254
2063,OOD,STATELESS,4,58.44590929041142
2063,OOD,STATELESS,8,112.19460544280714
2063,OOD,DYNAMIC_HISTORY,1,0.3547081881307219
2063,OOD,DYNAMIC_HISTORY,2,2.5875889774865692
2063,OOD,DYNAMIC_HISTORY,4,20.156917479776762
2063,OOD,DYNAMIC_HISTORY,8,136.32919411225117
2063,OOD,LEAKAGE_ORACLE,1,6.614933731025341e-12
