seed,context,mode,method,top1_A,false_credit_mass,score_A,score_C,score_D,score_B,structural_evaluations,max_efficiency_error
34000,TRAIN_CONFOUNDED,PURE_NOISE,EXACT_CF_SHAPLEY,False,0.0,7.214179611764876e-18,7.214179611764876e-18,7.214179611764876e-18,7.214179611764876e-18,10368,0.0
34000,TRAIN_CONFOUNDED,PURE_NOISE,OBS_ASSOC,True,0.6487061056953244,0.12206592387711337,0.07213550707508393,0.10478733200052771,0.04848645895149111,0,
34000,TRAIN_CONFOUNDED,PURE_NOISE,RECENCY,False,0.9,0.25,0.5,0.75,1.0,0,
34000,TRAIN_CONFOUNDED,PURE_NOISE,UNIFORM,False,0.75,1.0,1.0,1.0,1.0,0,
34000,TRAIN_CONFOUNDED,PURE_NOISE,MC_CF_SHAPLEY_4,False,0.0,0.0,0.0,0.0,0.0,2560,
34000,TRAIN_CONFOUNDED,PURE_NOISE,MC_CF_SHAPLEY_16,False,0.0,0.0,0.0,0.0,0.0,10240,
34000,TRAIN_CONFOUNDED,PURE_NOISE,MC_CF_SHAPLEY_64,False,0.0,0.0,0.0,0.0,0.0,40960,
34000,TRAIN_CONFOUNDED,PURE_NOISE,TD_ELIGIBILITY_PROXY,False,0.7403901872881552,0.011979105275732128,0.008835910539926424,0.016058066584044555,0.009269646762188773,0,
34000,TRAIN_CONFOUNDED,PURE_NOISE,RANDOM,True,0.6686696683827292,0.7317109997271252,0.2818876547866529,0.46530128841320895,0.7295033630895164,0,
34000,OOD_WEAK_CONFOUNDER,PURE_NOISE,EXACT_CF_SHAPLEY,False,0.0,6.625491713423137e-18,6.625491713423137e-18,6.625491713423137e-18,6.625491713423137e-18,10368,0.0
34000,OOD_WEAK_CONFOUNDER,PURE_NOISE,OBS_ASSOC,False,0.9773239482305894,0.005485178878556062,0.06430086421101262,0.17001174059769109,0.0020952466486217386,0,
34000,OOD_WEAK_CONFOUNDER,PURE_NOISE,RECENCY,False,0.9,0.25,0.5,0.75,1.0,0,
34000,OOD_WEAK_CONFOUNDER,PURE_NOISE,UNIFORM,False,0.75,1.0,1.0,1.0,1.0,0,
34000,OOD_WEAK_CONFOUNDER,PURE_NOISE,MC_CF_SHAPLEY_4,False,0.0,0.0,0.0,0.0,0.0,2560,
34000,OOD_WEAK_CONFOUNDER,PURE_NOISE,MC_CF_SHAPLEY_16,False,0.0,0.0,0.0,0.0,0.0,10240,
34000,OOD_WEAK_CONFOUNDER,PURE_NOISE,MC_CF_SHAPLEY_64,False,0.0,0.0,0.0,0.0,0.0,40960,
34000,OOD_WEAK_CONFOUNDER,PURE_NOISE,TD_ELIGIBILITY_PROXY,False,0.9845002151483288,0.0005900817722481459,0.008534669584067007,0.028507115764693267,0.00043845307343751984,0,
34000,OOD_WEAK_CONFOUNDER,PURE_NOISE,RANDOM,False,0.8433781030574626,0.209146174464929,0.07096954526729038,0.3167174244565547,0.7385240347736408,0,
34000,OOD_SIGN_INVERSION,PURE_NOISE,EXACT_CF_SHAPLEY,False,0.0,7.257484171193252e-18,7.257484171193252e-18,7.257484171193252e-18,7.257484171193252e-18,10368,0.0
34000,OOD_SIGN_INVERSION,PURE_NOISE,OBS_ASSOC,False,0.729358457227604,0.13117696480071087,0.036016301944427495,0.09767141889763543,0.219824262908735,0,
34000,OOD_SIGN_INVERSION,PURE_NOISE,RECENCY,False,0.9,0.25,0.5,0.75,1.0,0,
34000,OOD_SIGN_INVERSION,PURE_NOISE,UNIFORM,False,0.75,1.0,1.0,1.0,1.0,0,
34000,OOD_SIGN_INVERSION,PURE_NOISE,MC_CF_SHAPLEY_4,False,0.0,0.0,0.0,0.0,0.0,2560,
34000,OOD_SIGN_INVERSION,PURE_NOISE,MC_CF_SHAPLEY_16,False,0.0,0.0,0.0,0.0,0.0,10240,
34000,OOD_SIGN_INVERSION,PURE_NOISE,MC_CF_SHAPLEY_64,False,0.0,0.0,0.0,0.0,0.0,40960,
34000,OOD_SIGN_INVERSION,PURE_NOISE,TD_ELIGIBILITY_PROXY,False,0.826170374390052,0.012707829967349336,0.004348039954451007,0.014782514692898133,0.041266702753228794,0,
34000,OOD_SIGN_INVERSION,PURE_NOISE,RANDOM,True,0.6344838912793687,0.9573749432733002,0.6188927811202515,0.20497516791295167,0.8379985595251973,0,
34001,TRAIN_CONFOUNDED,PURE_NOISE,EXACT_CF_SHAPLEY,False,0.0,6.438297432079937e-18,6.438297432079937e-18,6.438297432079937e-18,6.438297432079937e-18,10368,0.0
34001,TRAIN_CONFOUNDED,PURE_NOISE,OBS_ASSOC,False,0.7567637362636018,0.09362241815435743,0.13815058104075634,0.08461181839167739,0.06851839016770135,0,
34001,TRAIN_CONFOUNDED,PURE_NOISE,RECENCY,False,0.9,0.25,0.5,0.75,1.0,0,
34001,TRAIN_CONFOUNDED,PURE_NOISE,UNIFORM,False,0.75,1.0,1.0,1.0,1.0,0,
34001,TRAIN_CONFOUNDED,PURE_NOISE,MC_CF_SHAPLEY_4,False,0.0,0.0,0.0,0.0,0.0,2560,
34001,TRAIN_CONFOUNDED,PURE_NOISE,MC_CF_SHAPLEY_16,False,0.0,0.0,0.0,0.0,0.0,10240,
34001,TRAIN_CONFOUNDED,PURE_NOISE,MC_CF_SHAPLEY_64,False,0.0,0.0,0.0,0.0,0.0,40960,
34001,TRAIN_CONFOUNDED,PURE_NOISE,TD_ELIGIBILITY_PROXY,False,0.824083270319701,0.00970143742605199,0.017964856693721405,0.013760184097966961,0.013721417287609408,0,
34001,TRAIN_CONFOUNDED,PURE_NOISE,RANDOM,True,0.6034463197697529,0.9622872942438508,0.5099949058330864,0.007691290597461986,0.9466520639923168,0,
34001,OOD_WEAK_CONFOUNDER,PURE_NOISE,EXACT_CF_SHAPLEY,False,0.0,6.567893473009845e-18,6.567893473009845e-18,6.567893473009845e-18,6.567893473009845e-18,10368,0.0
34001,OOD_WEAK_CONFOUNDER,PURE_NOISE,OBS_ASSOC,False,0.816359378626082,0.02806446634952339,0.055047862980624335,0.0008204224442889678,0.06889000682634261,0,
34001,OOD_WEAK_CONFOUNDER,PURE_NOISE,RECENCY,False,0.9,0.25,0.5,0.75,1.0,0,
34001,OOD_WEAK_CONFOUNDER,PURE_NOISE,UNIFORM,False,0.75,1.0,1.0,1.0,1.0,0,
34001,OOD_WEAK_CONFOUNDER,PURE_NOISE,MC_CF_SHAPLEY_4,False,0.0,0.0,0.0,0.0,0.0,2560,
34001,OOD_WEAK_CONFOUNDER,PURE_NOISE,MC_CF_SHAPLEY_16,False,0.0,0.0,0.0,0.0,0.0,10240,
34001,OOD_WEAK_CONFOUNDER,PURE_NOISE,MC_CF_SHAPLEY_64,False,0.0,0.0,0.0,0.0,0.0,40960,
34001,OOD_WEAK_CONFOUNDER,PURE_NOISE,TD_ELIGIBILITY_PROXY,False,0.8795677193033973,0.0029038001756798468,0.007132754674876358,0.0001326378573457652,0.013942284371862072,0,
34001,OOD_WEAK_CONFOUNDER,PURE_NOISE,RANDOM,False,0.8215050544858244,0.28622298044527217,0.13959610700101655,0.5268832168404984,0.6508331886694618,0,
34001,OOD_SIGN_INVERSION,PURE_NOISE,EXACT_CF_SHAPLEY,False,0.0,7.148958074826295e-18,7.148958074826295e-18,7.148958074826295e-18,7.148958074826295e-18,10368,0.0
34001,OOD_SIGN_INVERSION,PURE_NOISE,OBS_ASSOC,False,0.9496331872970903,0.0130668842622685,0.048695282768890236,0.05282660322880144,0.14484563825312127,0,
34001,OOD_SIGN_INVERSION,PURE_NOISE,RECENCY,False,0.9,0.25,0.5,0.75,1.0,0,
34001,OOD_SIGN_INVERSION,PURE_NOISE,UNIFORM,False,0.75,1.0,1.0,1.0,1.0,0,
34001,OOD_SIGN_INVERSION,PURE_NOISE,MC_CF_SHAPLEY_4,False,0.0,0.0,0.0,0.0,0.0,2560,
34001,OOD_SIGN_INVERSION,PURE_NOISE,MC_CF_SHAPLEY_16,False,0.0,0.0,0.0,0.0,0.0,10240,
34001,OOD_SIGN_INVERSION,PURE_NOISE,MC_CF_SHAPLEY_64,False,0.0,0.0,0.0,0.0,0.0,40960,
34001,OOD_SIGN_INVERSION,PURE_NOISE,TD_ELIGIBILITY_PROXY,False,0.9702178982690883,0.001290643710945815,0.005979020188640905,0.008140841634554937,0.027925714407858605,0,
34001,OOD_SIGN_INVERSION,PURE_NOISE,RANDOM,False,0.9370841418689838,0.08313146301294538,0.8579462475221695,0.17824416399298804,0.20198988187887346,0,
34002,TRAIN_CONFOUNDED,PURE_NOISE,EXACT_CF_SHAPLEY,False,0.0,7.176910162085687e-18,7.176910162085687e-18,7.176910162085687e-18,7.176910162085687e-18,10368,0.0
34002,TRAIN_CONFOUNDED,PURE_NOISE,OBS_ASSOC,False,0.8345445498367092,0.057831995322220074,0.08475929593913656,0.09110472341980297,0.1158361117319908,0,
34002,TRAIN_CONFOUNDED,PURE_NOISE,RECENCY,False,0.9,0.25,0.5,0.75,1.0,0,
34002,TRAIN_CONFOUNDED,PURE_NOISE,UNIFORM,False,0.75,1.0,1.0,1.0,1.0,0,
34002,TRAIN_CONFOUNDED,PURE_NOISE,MC_CF_SHAPLEY_4,False,0.0,0.0,0.0,0.0,0.0,2560,
34002,TRAIN_CONFOUNDED,PURE_NOISE,MC_CF_SHAPLEY_16,False,0.0,0.0,0.0,0.0,0.0,10240,
34002,TRAIN_CONFOUNDED,PURE_NOISE,MC_CF_SHAPLEY_64,False,0.0,0.0,0.0,0.0,0.0,40960,
34002,TRAIN_CONFOUNDED,PURE_NOISE,TD_ELIGIBILITY_PROXY,False,0.8913863048815622,0.005332974749985381,0.009776067646270715,0.01311565648782229,0.02087569075067289,0,
34002,TRAIN_CONFOUNDED,PURE_NOISE,RANDOM,False,0.743293428612713,0.3634677026174895,0.031017247260684777,0.9896333001584156,0.031769550003925784,0,
34002,OOD_WEAK_CONFOUNDER,PURE_NOISE,EXACT_CF_SHAPLEY,False,0.0,8.233372005548613e-18,8.233372005548613e-18,8.233372005548613e-18,8.233372005548613e-18,10368,0.0
34002,OOD_WEAK_CONFOUNDER,PURE_NOISE,OBS_ASSOC,True,0.592089483455348,0.11174431558216208,0.08362958041397382,0.06146757038036467,0.017101741875964124,0,
34002,OOD_WEAK_CONFOUNDER,PURE_NOISE,RECENCY,False,0.9,0.25,0.5,0.75,1.0,0,
34002,OOD_WEAK_CONFOUNDER,PURE_NOISE,UNIFORM,False,0.75,1.0,1.0,1.0,1.0,0,
34002,OOD_WEAK_CONFOUNDER,PURE_NOISE,MC_CF_SHAPLEY_4,False,0.0,0.0,0.0,0.0,0.0,2560,
34002,OOD_WEAK_CONFOUNDER,PURE_NOISE,MC_CF_SHAPLEY_16,False,0.0,0.0,0.0,0.0,0.0,10240,
34002,OOD_WEAK_CONFOUNDER,PURE_NOISE,MC_CF_SHAPLEY_64,False,0.0,0.0,0.0,0.0,0.0,40960,
34002,OOD_WEAK_CONFOUNDER,PURE_NOISE,TD_ELIGIBILITY_PROXY,True,0.679714677142083,0.012026286142395062,0.01131915845786858,0.010535903812018368,0.003667316119342778,0,
34002,OOD_WEAK_CONFOUNDER,PURE_NOISE,RANDOM,True,0.6578848594097153,0.8279970195165911,0.7432215984996512,0.5553495479353816,0.2936609361219261,0,
34002,OOD_SIGN_INVERSION,PURE_NOISE,EXACT_CF_SHAPLEY,False,0.0,7.060866648311848e-18,7.060866648311848e-18,7.060866648311848e-18,7.060866648311848e-18,10368,0.0
34002,OOD_SIGN_INVERSION,PURE_NOISE,OBS_ASSOC,False,0.6652637564629642,0.17179524173076843,0.0494759549702764,0.23794565541033855,0.0540088443816846,0,
34002,OOD_SIGN_INVERSION,PURE_NOISE,RECENCY,False,0.9,0.25,0.5,0.75,1.0,0,
34002,OOD_SIGN_INVERSION,PURE_NOISE,UNIFORM,False,0.75,1.0,1.0,1.0,1.0,0,
34002,OOD_SIGN_INVERSION,PURE_NOISE,MC_CF_SHAPLEY_4,False,0.0,0.0,0.0,0.0,0.0,2560,
34002,OOD_SIGN_INVERSION,PURE_NOISE,MC_CF_SHAPLEY_16,False,0.0,0.0,0.0,0.0,0.0,10240,
34002,OOD_SIGN_INVERSION,PURE_NOISE,MC_CF_SHAPLEY_64,False,0.0,0.0,0.0,0.0,0.0,40960,
34002,OOD_SIGN_INVERSION,PURE_NOISE,TD_ELIGIBILITY_PROXY,False,0.7574739713299917,0.018474047426251975,0.006611276215134503,0.03974467125126855,0.01134346792105635,0,
34002,OOD_SIGN_INVERSION,PURE_NOISE,RANDOM,False,0.7425986692607024,0.7936900460619448,0.5147614202324066,0.9563570985970039,0.8186644062169941,0,
34003,TRAIN_CONFOUNDED,PURE_NOISE,EXACT_CF_SHAPLEY,False,0.0,7.509794110356627e-18,7.509794110356627e-18,7.509794110356627e-18,7.509794110356627e-18,10368,0.0
34003,TRAIN_CONFOUNDED,PURE_NOISE,OBS_ASSOC,False,0.9161417706627406,0.03222960977325857,0.08202850919908591,0.19775914903219832,0.07231722162125369,0,
34003,TRAIN_CONFOUNDED,PURE_NOISE,RECENCY,False,0.9,0.25,0.5,0.75,1.0,0,
34003,TRAIN_CONFOUNDED,PURE_NOISE,UNIFORM,False,0.75,1.0,1.0,1.0,1.0,0,
34003,TRAIN_CONFOUNDED,PURE_NOISE,MC_CF_SHAPLEY_4,False,0.0,0.0,0.0,0.0,0.0,2560,
34003,TRAIN_CONFOUNDED,PURE_NOISE,MC_CF_SHAPLEY_16,False,0.0,0.0,0.0,0.0,0.0,10240,
34003,TRAIN_CONFOUNDED,PURE_NOISE,MC_CF_SHAPLEY_64,False,0.0,0.0,0.0,0.0,0.0,40960,
34003,TRAIN_CONFOUNDED,PURE_NOISE,TD_ELIGIBILITY_PROXY,False,0.944774299423941,0.0034729188417669163,0.011069073988935777,0.03316138940949855,0.015182535105181602,0,
34003,TRAIN_CONFOUNDED,PURE_NOISE,RANDOM,False,0.9769382651470485,0.04592921636824865,0.9713323652193049,0.5289797124547423,0.44533551755090195,0,
34003,OOD_WEAK_CONFOUNDER,PURE_NOISE,EXACT_CF_SHAPLEY,False,0.0,6.4696442685732464e-18,6.4696442685732464e-18,6.4696442685732464e-18,6.4696442685732464e-18,10368,0.0
34003,OOD_WEAK_CONFOUNDER,PURE_NOISE,OBS_ASSOC,True,0.6759164507126216,0.12324526461630099,0.11403241748830006,0.08952412844686446,0.053486744320581744,0,
34003,OOD_WEAK_CONFOUNDER,PURE_NOISE,RECENCY,False,0.9,0.25,0.5,0.75,1.0,0,
34003,OOD_WEAK_CONFOUNDER,PURE_NOISE,UNIFORM,False,0.75,1.0,1.0,1.0,1.0,0,
34003,OOD_WEAK_CONFOUNDER,PURE_NOISE,MC_CF_SHAPLEY_4,False,0.0,0.0,0.0,0.0,0.0,2560,
34003,OOD_WEAK_CONFOUNDER,PURE_NOISE,MC_CF_SHAPLEY_16,False,0.0,0.0,0.0,0.0,0.0,10240,
34003,OOD_WEAK_CONFOUNDER,PURE_NOISE,MC_CF_SHAPLEY_64,False,0.0,0.0,0.0,0.0,0.0,40960,
34003,OOD_WEAK_CONFOUNDER,PURE_NOISE,TD_ELIGIBILITY_PROXY,False,0.7572416382371021,0.011726559103273753,0.013509332904001858,0.01330132757930023,0.009768260060411886,0,
34003,OOD_WEAK_CONFOUNDER,PURE_NOISE,RANDOM,True,0.6712263880993048,0.9125534946997831,0.612162913987378,0.7155503289175159,0.5353620284150743,0,
34003,OOD_SIGN_INVERSION,PURE_NOISE,EXACT_CF_SHAPLEY,False,0.0,6.202610514506428e-18,6.202610514506428e-18,6.202610514506428e-18,6.202610514506428e-18,10368,0.0
34003,OOD_SIGN_INVERSION,PURE_NOISE,OBS_ASSOC,True,0.6560153178489839,0.11044361719557604,0.07791592385893367,0.028955817262548905,0.10375596528068544,0,
34003,OOD_SIGN_INVERSION,PURE_NOISE,RECENCY,False,0.9,0.25,0.5,0.75,1.0,0,
34003,OOD_SIGN_INVERSION,PURE_NOISE,UNIFORM,False,0.75,1.0,1.0,1.0,1.0,0,
34003,OOD_SIGN_INVERSION,PURE_NOISE,MC_CF_SHAPLEY_4,False,0.0,0.0,0.0,0.0,0.0,2560,
34003,OOD_SIGN_INVERSION,PURE_NOISE,MC_CF_SHAPLEY_16,False,0.0,0.0,0.0,0.0,0.0,10240,
34003,OOD_SIGN_INVERSION,PURE_NOISE,MC_CF_SHAPLEY_64,False,0.0,0.0,0.0,0.0,0.0,40960,
34003,OOD_SIGN_INVERSION,PURE_NOISE,TD_ELIGIBILITY_PROXY,False,0.7575824711570651,0.010257839456212144,0.009009237458904834,0.004209863362721728,0.018837819323800176,0,
34003,OOD_SIGN_INVERSION,PURE_NOISE,RANDOM,False,0.8985649260075692,0.17326107916646838,0.7076484537327172,0.4346648316119067,0.3925239524418529,0,
34004,TRAIN_CONFOUNDED,PURE_NOISE,EXACT_CF_SHAPLEY,False,0.0,6.750852589616774e-18,6.750852589616774e-18,6.750852589616774e-18,6.750852589616774e-18,10368,0.0
34004,TRAIN_CONFOUNDED,PURE_NOISE,OBS_ASSOC,True,0.5269174085072342,0.08572959001093125,0.05486518085188056,0.036454917201280856,0.004165160151775762,0,
34004,TRAIN_CONFOUNDED,PURE_NOISE,RECENCY,False,0.9,0.25,0.5,0.75,1.0,0,
34004,TRAIN_CONFOUNDED,PURE_NOISE,UNIFORM,False,0.75,1.0,1.0,1.0,1.0,0,
34004,TRAIN_CONFOUNDED,PURE_NOISE,MC_CF_SHAPLEY_4,False,0.0,0.0,0.0,0.0,0.0,2560,
34004,TRAIN_CONFOUNDED,PURE_NOISE,MC_CF_SHAPLEY_16,False,0.0,0.0,0.0,0.0,0.0,10240,
34004,TRAIN_CONFOUNDED,PURE_NOISE,MC_CF_SHAPLEY_64,False,0.0,0.0,0.0,0.0,0.0,40960,
34004,TRAIN_CONFOUNDED,PURE_NOISE,TD_ELIGIBILITY_PROXY,True,0.6087173803431041,0.008125122636402296,0.006480023535719455,0.005392593265334523,0.0007676159047436267,0,
34004,TRAIN_CONFOUNDED,PURE_NOISE,RANDOM,False,0.8316041588050256,0.4291300306560457,0.8312768387115621,0.45169403468636193,0.8362401215369446,0,
34004,OOD_WEAK_CONFOUNDER,PURE_NOISE,EXACT_CF_SHAPLEY,False,0.0,7.740213541789398e-18,7.740213541789398e-18,7.740213541789398e-18,7.740213541789398e-18,10368,0.0
34004,OOD_WEAK_CONFOUNDER,PURE_NOISE,OBS_ASSOC,True,0.5057035721165186,0.09220397671429187,0.08118356830079501,0.012693750207712367,0.00045449891412858637,0,
34004,OOD_WEAK_CONFOUNDER,PURE_NOISE,RECENCY,False,0.9,0.25,0.5,0.75,1.0,0,
34004,OOD_WEAK_CONFOUNDER,PURE_NOISE,UNIFORM,False,0.75,1.0,1.0,1.0,1.0,0,
34004,OOD_WEAK_CONFOUNDER,PURE_NOISE,MC_CF_SHAPLEY_4,False,0.0,0.0,0.0,0.0,0.0,2560,
34004,OOD_WEAK_CONFOUNDER,PURE_NOISE,MC_CF_SHAPLEY_16,False,0.0,0.0,0.0,0.0,0.0,10240,
34004,OOD_WEAK_CONFOUNDER,PURE_NOISE,MC_CF_SHAPLEY_64,False,0.0,0.0,0.0,0.0,0.0,40960,
34004,OOD_WEAK_CONFOUNDER,PURE_NOISE,TD_ELIGIBILITY_PROXY,False,0.570113478578568,0.008867498900768354,0.009769093680734213,0.0019058522425118624,8.50893248761109e-05,0,
34004,OOD_WEAK_CONFOUNDER,PURE_NOISE,RANDOM,True,0.5283405120789764,0.24239632590021254,0.14756340981117488,0.07744784902423318,0.04651470901202526,0,
34004,OOD_SIGN_INVERSION,PURE_NOISE,EXACT_CF_SHAPLEY,False,0.0,6.207904470426767e-18,6.207904470426767e-18,6.207904470426767e-18,6.207904470426767e-18,10368,0.0
34004,OOD_SIGN_INVERSION,PURE_NOISE,OBS_ASSOC,False,0.9644276295699521,0.007220658064617185,0.06427168502602741,0.000710717479838396,0.13078195216057414,0,
34004,OOD_SIGN_INVERSION,PURE_NOISE,RECENCY,False,0.9,0.25,0.5,0.75,1.0,0,
34004,OOD_SIGN_INVERSION,PURE_NOISE,UNIFORM,False,0.75,1.0,1.0,1.0,1.0,0,
34004,OOD_SIGN_INVERSION,PURE_NOISE,MC_CF_SHAPLEY_4,False,0.0,0.0,0.0,0.0,0.0,2560,
34004,OOD_SIGN_INVERSION,PURE_NOISE,MC_CF_SHAPLEY_16,False,0.0,0.0,0.0,0.0,0.0,10240,
34004,OOD_SIGN_INVERSION,PURE_NOISE,MC_CF_SHAPLEY_64,False,0.0,0.0,0.0,0.0,0.0,40960,
34004,OOD_SIGN_INVERSION,PURE_NOISE,TD_ELIGIBILITY_PROXY,False,0.9790772574690098,0.0006118151670517136,0.00685354416652136,9.28604259572611e-05,0.021683413651840462,0,
34004,OOD_SIGN_INVERSION,PURE_NOISE,RANDOM,False,0.7430002690508782,0.40893044943003987,0.0007593243167013375,0.1950370469952898,0.9864439089697288,0,
34005,TRAIN_CONFOUNDED,PURE_NOISE,EXACT_CF_SHAPLEY,False,0.0,6.929603011267033e-18,6.929603011267033e-18,6.929603011267033e-18,6.929603011267033e-18,10368,0.0
34005,TRAIN_CONFOUNDED,PURE_NOISE,OBS_ASSOC,True,0.643487971041173,0.09762220063402943,0.023205796770931743,0.06080834093620649,0.09218948716920701,0,
34005,TRAIN_CONFOUNDED,PURE_NOISE,RECENCY,False,0.9,0.25,0.5,0.75,1.0,0,
34005,TRAIN_CONFOUNDED,PURE_NOISE,UNIFORM,False,0.75,1.0,1.0,1.0,1.0,0,
34005,TRAIN_CONFOUNDED,PURE_NOISE,MC_CF_SHAPLEY_4,False,0.0,0.0,0.0,0.0,0.0,2560,
34005,TRAIN_CONFOUNDED,PURE_NOISE,MC_CF_SHAPLEY_16,False,0.0,0.0,0.0,0.0,0.0,10240,
34005,TRAIN_CONFOUNDED,PURE_NOISE,MC_CF_SHAPLEY_64,False,0.0,0.0,0.0,0.0,0.0,40960,
34005,TRAIN_CONFOUNDED,PURE_NOISE,TD_ELIGIBILITY_PROXY,False,0.7559907201831577,0.010252266031898249,0.0030295390912839022,0.009963610074198347,0.018770470590216533,0,
34005,TRAIN_CONFOUNDED,PURE_NOISE,RANDOM,True,0.5693863986800602,0.5523454408117188,0.34901726620141493,0.21052557203005084,0.1708056236079163,0,
34005,OOD_WEAK_CONFOUNDER,PURE_NOISE,EXACT_CF_SHAPLEY,False,0.0,7.854536519889127e-18,7.854536519889127e-18,7.854536519889127e-18,7.854536519889127e-18,10368,0.0
34005,OOD_WEAK_CONFOUNDER,PURE_NOISE,OBS_ASSOC,True,0.7197469408822835,0.22199913613301242,0.17744170202243023,0.17745420161028377,0.21524309721626741,0,
34005,OOD_WEAK_CONFOUNDER,PURE_NOISE,RECENCY,False,0.9,0.25,0.5,0.75,1.0,0,
34005,OOD_WEAK_CONFOUNDER,PURE_NOISE,UNIFORM,False,0.75,1.0,1.0,1.0,1.0,0,
34005,OOD_WEAK_CONFOUNDER,PURE_NOISE,MC_CF_SHAPLEY_4,False,0.0,0.0,0.0,0.0,0.0,2560,
34005,OOD_WEAK_CONFOUNDER,PURE_NOISE,MC_CF_SHAPLEY_16,False,0.0,0.0,0.0,0.0,0.0,10240,
34005,OOD_WEAK_CONFOUNDER,PURE_NOISE,MC_CF_SHAPLEY_64,False,0.0,0.0,0.0,0.0,0.0,40960,
34005,OOD_WEAK_CONFOUNDER,PURE_NOISE,TD_ELIGIBILITY_PROXY,False,0.8054089461941394,0.022492981976780704,0.022470277582583624,0.028038331814532566,0.04258944704671557,0,
34005,OOD_WEAK_CONFOUNDER,PURE_NOISE,RANDOM,False,0.7903512683195237,0.39114167758243124,0.1678735311677545,0.5065016900484499,0.8001832866838444,0,
34005,OOD_SIGN_INVERSION,PURE_NOISE,EXACT_CF_SHAPLEY,False,0.0,6.157506010065136e-18,6.157506010065136e-18,6.157506010065136e-18,6.157506010065136e-18,10368,0.0
34005,OOD_SIGN_INVERSION,PURE_NOISE,OBS_ASSOC,False,0.9850622901287464,0.003206829076766644,0.102509268592835,0.04401631054759754,0.06494769364620305,0,
34005,OOD_SIGN_INVERSION,PURE_NOISE,RECENCY,False,0.9,0.25,0.5,0.75,1.0,0,
34005,OOD_SIGN_INVERSION,PURE_NOISE,UNIFORM,False,0.75,1.0,1.0,1.0,1.0,0,
34005,OOD_SIGN_INVERSION,PURE_NOISE,MC_CF_SHAPLEY_4,False,0.0,0.0,0.0,0.0,0.0,2560,
34005,OOD_SIGN_INVERSION,PURE_NOISE,MC_CF_SHAPLEY_16,False,0.0,0.0,0.0,0.0,0.0,10240,
34005,OOD_SIGN_INVERSION,PURE_NOISE,MC_CF_SHAPLEY_64,False,0.0,0.0,0.0,0.0,0.0,40960,
34005,OOD_SIGN_INVERSION,PURE_NOISE,TD_ELIGIBILITY_PROXY,False,0.9901901506476717,0.00030238836933780573,0.012053005461515482,0.006497897043680784,0.011971684971403176,0,
34005,OOD_SIGN_INVERSION,PURE_NOISE,RANDOM,True,0.6068909073022335,0.9884927203838503,0.2871810112285833,0.3984441207458841,0.8404327870079197,0,
34006,TRAIN_CONFOUNDED,PURE_NOISE,EXACT_CF_SHAPLEY,False,0.0,7.788467950003292e-18,7.788467950003292e-18,7.788467950003292e-18,7.788467950003292e-18,10368,0.0
34006,TRAIN_CONFOUNDED,PURE_NOISE,OBS_ASSOC,True,0.4400045659848768,0.23361798706968748,0.03883526180902635,0.043304681474199164,0.10142044803968374,0,
34006,TRAIN_CONFOUNDED,PURE_NOISE,RECENCY,False,0.9,0.25,0.5,0.75,1.0,0,
34006,TRAIN_CONFOUNDED,PURE_NOISE,UNIFORM,False,0.75,1.0,1.0,1.0,1.0,0,
34006,TRAIN_CONFOUNDED,PURE_NOISE,MC_CF_SHAPLEY_4,False,0.0,0.0,0.0,0.0,0.0,2560,
34006,TRAIN_CONFOUNDED,PURE_NOISE,MC_CF_SHAPLEY_16,False,0.0,0.0,0.0,0.0,0.0,10240,
34006,TRAIN_CONFOUNDED,PURE_NOISE,MC_CF_SHAPLEY_64,False,0.0,0.0,0.0,0.0,0.0,40960,
34006,TRAIN_CONFOUNDED,PURE_NOISE,TD_ELIGIBILITY_PROXY,True,0.5733471191755888,0.021972127022100874,0.004547757283047317,0.006359972009672134,0.018618980349881565,0,
34006,TRAIN_CONFOUNDED,PURE_NOISE,RANDOM,False,0.7537266744991818,0.6348577747810633,0.5188526730050815,0.7212192476739238,0.7029287611552585,0,
34006,OOD_WEAK_CONFOUNDER,PURE_NOISE,EXACT_CF_SHAPLEY,False,0.0,8.812107266760114e-18,8.812107266760114e-18,8.812107266760114e-18,8.812107266760114e-18,10368,0.0
34006,OOD_WEAK_CONFOUNDER,PURE_NOISE,OBS_ASSOC,False,0.6817920783162611,0.07234499701574926,0.052574734434703146,0.018648854546163753,0.08378275281653773,0,
34006,OOD_WEAK_CONFOUNDER,PURE_NOISE,RECENCY,False,0.9,0.25,0.5,0.75,1.0,0,
34006,OOD_WEAK_CONFOUNDER,PURE_NOISE,UNIFORM,False,0.75,1.0,1.0,1.0,1.0,0,
34006,OOD_WEAK_CONFOUNDER,PURE_NOISE,MC_CF_SHAPLEY_4,False,0.0,0.0,0.0,0.0,0.0,2560,
34006,OOD_WEAK_CONFOUNDER,PURE_NOISE,MC_CF_SHAPLEY_16,False,0.0,0.0,0.0,0.0,0.0,10240,
34006,OOD_WEAK_CONFOUNDER,PURE_NOISE,MC_CF_SHAPLEY_64,False,0.0,0.0,0.0,0.0,0.0,40960,
34006,OOD_WEAK_CONFOUNDER,PURE_NOISE,TD_ELIGIBILITY_PROXY,False,0.7817322022765032,0.008009409383045363,0.007180410589593434,0.003247926808688106,0.018257585588277808,0,
34006,OOD_WEAK_CONFOUNDER,PURE_NOISE,RANDOM,False,0.6653828955250941,0.6286073780525004,0.04986366752770932,0.4976315692754678,0.7024844915593856,0,
34006,OOD_SIGN_INVERSION,PURE_NOISE,EXACT_CF_SHAPLEY,False,0.0,6.608551054478051e-18,6.608551054478051e-18,6.608551054478051e-18,6.608551054478051e-18,10368,0.0
34006,OOD_SIGN_INVERSION,PURE_NOISE,OBS_ASSOC,False,0.788774590594351,0.0291912798310237,0.01720184539744997,0.057192446406423944,0.0346140886860968,0,
34006,OOD_SIGN_INVERSION,PURE_NOISE,RECENCY,False,0.9,0.25,0.5,0.75,1.0,0,
34006,OOD_SIGN_INVERSION,PURE_NOISE,UNIFORM,False,0.75,1.0,1.0,1.0,1.0,0,
34006,OOD_SIGN_INVERSION,PURE_NOISE,MC_CF_SHAPLEY_4,False,0.0,0.0,0.0,0.0,0.0,2560,
34006,OOD_SIGN_INVERSION,PURE_NOISE,MC_CF_SHAPLEY_16,False,0.0,0.0,0.0,0.0,0.0,10240,
34006,OOD_SIGN_INVERSION,PURE_NOISE,MC_CF_SHAPLEY_64,False,0.0,0.0,0.0,0.0,0.0,40960,
34006,OOD_SIGN_INVERSION,PURE_NOISE,TD_ELIGIBILITY_PROXY,False,0.8590171569343523,0.002606440048980176,0.0019140365834306784,0.007978114831304546,0.005989048537745666,0,
34006,OOD_SIGN_INVERSION,PURE_NOISE,RANDOM,False,0.7249477593712761,0.7224128966925618,0.73833824161898,0.8534213637861378,0.31228454853839427,0,
34007,TRAIN_CONFOUNDED,PURE_NOISE,EXACT_CF_SHAPLEY,False,0.0,8.322945739720755e-18,8.322945739720755e-18,8.322945739720755e-18,8.322945739720755e-18,10368,0.0
34007,TRAIN_CONFOUNDED,PURE_NOISE,OBS_ASSOC,False,0.8218930866237879,0.09308402519008789,0.15237364583432536,0.15677316820247705,0.12039921159807761,0,
34007,TRAIN_CONFOUNDED,PURE_NOISE,RECENCY,False,0.9,0.25,0.5,0.75,1.0,0,
34007,TRAIN_CONFOUNDED,PURE_NOISE,UNIFORM,False,0.75,1.0,1.0,1.0,1.0,0,
34007,TRAIN_CONFOUNDED,PURE_NOISE,MC_CF_SHAPLEY_4,False,0.0,0.0,0.0,0.0,0.0,2560,
34007,TRAIN_CONFOUNDED,PURE_NOISE,MC_CF_SHAPLEY_16,False,0.0,0.0,0.0,0.0,0.0,10240,
34007,TRAIN_CONFOUNDED,PURE_NOISE,MC_CF_SHAPLEY_64,False,0.0,0.0,0.0,0.0,0.0,40960,
34007,TRAIN_CONFOUNDED,PURE_NOISE,TD_ELIGIBILITY_PROXY,False,0.8790779973245201,0.009168023854247464,0.018945437112759533,0.024356640067085118,0.02334756367041841,0,
34007,TRAIN_CONFOUNDED,PURE_NOISE,RANDOM,False,0.9051608436055034,0.2034768400860415,0.9295214838921114,0.3482528492891741,0.6642428169960556,0,
34007,OOD_WEAK_CONFOUNDER,PURE_NOISE,EXACT_CF_SHAPLEY,False,0.0,7.047102362918965e-18,7.047102362918965e-18,7.047102362918965e-18,7.047102362918965e-18,10368,0.0
34007,OOD_WEAK_CONFOUNDER,PURE_NOISE,OBS_ASSOC,True,0.4544023584299027,0.15334828349305094,0.00751917555124466,0.06449127164436137,0.055706053704017176,0,
34007,OOD_WEAK_CONFOUNDER,PURE_NOISE,RECENCY,False,0.9,0.25,0.5,0.75,1.0,0,
34007,OOD_WEAK_CONFOUNDER,PURE_NOISE,UNIFORM,False,0.75,1.0,1.0,1.0,1.0,0,
34007,OOD_WEAK_CONFOUNDER,PURE_NOISE,MC_CF_SHAPLEY_4,False,0.0,0.0,0.0,0.0,0.0,2560,
34007,OOD_WEAK_CONFOUNDER,PURE_NOISE,MC_CF_SHAPLEY_16,False,0.0,0.0,0.0,0.0,0.0,10240,
34007,OOD_WEAK_CONFOUNDER,PURE_NOISE,MC_CF_SHAPLEY_64,False,0.0,0.0,0.0,0.0,0.0,40960,
34007,OOD_WEAK_CONFOUNDER,PURE_NOISE,TD_ELIGIBILITY_PROXY,True,0.5878874979773016,0.014868058697827462,0.0009002048991181277,0.009760491334643377,0.010548914697100332,0,
34007,OOD_WEAK_CONFOUNDER,PURE_NOISE,RANDOM,False,0.6707794162878139,0.528204804942586,0.7021946846407823,0.36729441191203815,0.00671612349974271,0,
34007,OOD_SIGN_INVERSION,PURE_NOISE,EXACT_CF_SHAPLEY,False,0.0,8.17513849042488e-18,8.17513849042488e-18,8.17513849042488e-18,8.17513849042488e-18,10368,0.0
34007,OOD_SIGN_INVERSION,PURE_NOISE,OBS_ASSOC,False,0.7301389814494655,0.08241426320030952,0.06266014084712745,0.14399871039596038,0.016322098407163182,0,
34007,OOD_SIGN_INVERSION,PURE_NOISE,RECENCY,False,0.9,0.25,0.5,0.75,1.0,0,
34007,OOD_SIGN_INVERSION,PURE_NOISE,UNIFORM,False,0.75,1.0,1.0,1.0,1.0,0,
34007,OOD_SIGN_INVERSION,PURE_NOISE,MC_CF_SHAPLEY_4,False,0.0,0.0,0.0,0.0,0.0,2560,
34007,OOD_SIGN_INVERSION,PURE_NOISE,MC_CF_SHAPLEY_16,False,0.0,0.0,0.0,0.0,0.0,10240,
34007,OOD_SIGN_INVERSION,PURE_NOISE,MC_CF_SHAPLEY_64,False,0.0,0.0,0.0,0.0,0.0,40960,
34007,OOD_SIGN_INVERSION,PURE_NOISE,TD_ELIGIBILITY_PROXY,False,0.8041695873770791,0.009286814698605995,0.008913534664442077,0.025605143066164,0.0036172473496603784,0,
34007,OOD_SIGN_INVERSION,PURE_NOISE,RANDOM,True,0.6334974814378653,0.9774381622800091,0.7741248464470287,0.05271857541257752,0.8626527826819317,0,
34008,TRAIN_CONFOUNDED,PURE_NOISE,EXACT_CF_SHAPLEY,False,0.0,7.029102912789811e-18,7.029102912789811e-18,7.029102912789811e-18,7.029102912789811e-18,10368,0.0
34008,TRAIN_CONFOUNDED,PURE_NOISE,OBS_ASSOC,False,0.6552529226659674,0.08395031792272172,0.039461860668858845,0.08984033757237428,0.030260260135466847,0,
34008,TRAIN_CONFOUNDED,PURE_NOISE,RECENCY,False,0.9,0.25,0.5,0.75,1.0,0,
34008,TRAIN_CONFOUNDED,PURE_NOISE,UNIFORM,False,0.75,1.0,1.0,1.0,1.0,0,
34008,TRAIN_CONFOUNDED,PURE_NOISE,MC_CF_SHAPLEY_4,False,0.0,0.0,0.0,0.0,0.0,2560,
34008,TRAIN_CONFOUNDED,PURE_NOISE,MC_CF_SHAPLEY_16,False,0.0,0.0,0.0,0.0,0.0,10240,
34008,TRAIN_CONFOUNDED,PURE_NOISE,MC_CF_SHAPLEY_64,False,0.0,0.0,0.0,0.0,0.0,40960,
34008,TRAIN_CONFOUNDED,PURE_NOISE,TD_ELIGIBILITY_PROXY,False,0.748133485815935,0.008377368820531087,0.0049290179204675285,0.01404247814859955,0.005912280791756175,0,
34008,TRAIN_CONFOUNDED,PURE_NOISE,RANDOM,True,0.6481013516545533,0.7707157521307355,0.24866552656408902,0.7334049985290546,0.4373777252651291,0,
34008,OOD_WEAK_CONFOUNDER,PURE_NOISE,EXACT_CF_SHAPLEY,False,0.0,6.4061101800842735e-18,6.4061101800842735e-18,6.4061101800842735e-18,6.4061101800842735e-18,10368,0.0
34008,OOD_WEAK_CONFOUNDER,PURE_NOISE,OBS_ASSOC,False,0.9393385609177471,0.002858068383888371,0.0048001651094130016,0.020165134677473155,0.019291709003919914,0,
34008,OOD_WEAK_CONFOUNDER,PURE_NOISE,RECENCY,False,0.9,0.25,0.5,0.75,1.0,0,
34008,OOD_WEAK_CONFOUNDER,PURE_NOISE,UNIFORM,False,0.75,1.0,1.0,1.0,1.0,0,
34008,OOD_WEAK_CONFOUNDER,PURE_NOISE,MC_CF_SHAPLEY_4,False,0.0,0.0,0.0,0.0,0.0,2560,
34008,OOD_WEAK_CONFOUNDER,PURE_NOISE,MC_CF_SHAPLEY_16,False,0.0,0.0,0.0,0.0,0.0,10240,
34008,OOD_WEAK_CONFOUNDER,PURE_NOISE,MC_CF_SHAPLEY_64,False,0.0,0.0,0.0,0.0,0.0,40960,
34008,OOD_WEAK_CONFOUNDER,PURE_NOISE,TD_ELIGIBILITY_PROXY,False,0.9634992543807503,0.0002793019151658125,0.0005873052747448164,0.0030882069767948616,0.0036971367846338563,0,
34008,OOD_WEAK_CONFOUNDER,PURE_NOISE,RANDOM,False,0.7663847446717919,0.6337268374872764,0.9956178980344467,0.2743416915051271,0.8090081553408467,0,
34008,OOD_SIGN_INVERSION,PURE_NOISE,EXACT_CF_SHAPLEY,False,0.0,6.9139064319632265e-18,6.9139064319632265e-18,6.9139064319632265e-18,6.9139064319632265e-18,10368,0.0
34008,OOD_SIGN_INVERSION,PURE_NOISE,OBS_ASSOC,False,0.9704707041449948,0.004003883279037712,0.02509457584558261,0.0756765702641543,0.030815175629915693,0,
34008,OOD_SIGN_INVERSION,PURE_NOISE,RECENCY,False,0.9,0.25,0.5,0.75,1.0,0,
34008,OOD_SIGN_INVERSION,PURE_NOISE,UNIFORM,False,0.75,1.0,1.0,1.0,1.0,0,
34008,OOD_SIGN_INVERSION,PURE_NOISE,MC_CF_SHAPLEY_4,False,0.0,0.0,0.0,0.0,0.0,2560,
34008,OOD_SIGN_INVERSION,PURE_NOISE,MC_CF_SHAPLEY_16,False,0.0,0.0,0.0,0.0,0.0,10240,
34008,OOD_SIGN_INVERSION,PURE_NOISE,MC_CF_SHAPLEY_64,False,0.0,0.0,0.0,0.0,0.0,40960,
34008,OOD_SIGN_INVERSION,PURE_NOISE,TD_ELIGIBILITY_PROXY,False,0.9812739436713378,0.0004303272892367986,0.0033647715569290093,0.012716407606962549,0.006468627841252609,0,
34008,OOD_SIGN_INVERSION,PURE_NOISE,RANDOM,False,0.9956115779307392,0.00945018324124125,0.6283934164524076,0.6941367847328426,0.821454971629119,0,
34009,TRAIN_CONFOUNDED,PURE_NOISE,EXACT_CF_SHAPLEY,False,0.0,6.699183579834261e-18,6.699183579834261e-18,6.699183579834261e-18,6.699183579834261e-18,10368,0.0
34009,TRAIN_CONFOUNDED,PURE_NOISE,OBS_ASSOC,False,0.9103769554383055,0.019059679150160505,0.05828947243684957,0.0795714127012674,0.055744372987316534,0,
34009,TRAIN_CONFOUNDED,PURE_NOISE,RECENCY,False,0.9,0.25,0.5,0.75,1.0,0,
34009,TRAIN_CONFOUNDED,PURE_NOISE,UNIFORM,False,0.75,1.0,1.0,1.0,1.0,0,
34009,TRAIN_CONFOUNDED,PURE_NOISE,MC_CF_SHAPLEY_4,False,0.0,0.0,0.0,0.0,0.0,2560,
34009,TRAIN_CONFOUNDED,PURE_NOISE,MC_CF_SHAPLEY_16,False,0.0,0.0,0.0,0.0,0.0,10240,
34009,TRAIN_CONFOUNDED,PURE_NOISE,MC_CF_SHAPLEY_64,False,0.0,0.0,0.0,0.0,0.0,40960,
34009,TRAIN_CONFOUNDED,PURE_NOISE,TD_ELIGIBILITY_PROXY,False,0.9410653670708545,0.0018149858340183837,0.006931594647769641,0.01183520018846051,0.010214811143608301,0,
34009,TRAIN_CONFOUNDED,PURE_NOISE,RANDOM,False,0.6922936491988141,0.5576491639485187,0.677249556566752,0.17036834370853338,0.4070100060951798,0,
34009,OOD_WEAK_CONFOUNDER,PURE_NOISE,EXACT_CF_SHAPLEY,False,0.0,7.105759394516326e-18,7.105759394516326e-18,7.105759394516326e-18,7.105759394516326e-18,10368,0.0
34009,OOD_WEAK_CONFOUNDER,PURE_NOISE,OBS_ASSOC,True,0.5498924726631688,0.1767312547226389,0.10223567200621565,0.010115021889304127,0.10356035125252243,0,
34009,OOD_WEAK_CONFOUNDER,PURE_NOISE,RECENCY,False,0.9,0.25,0.5,0.75,1.0,0,
34009,OOD_WEAK_CONFOUNDER,PURE_NOISE,UNIFORM,False,0.75,1.0,1.0,1.0,1.0,0,
34009,OOD_WEAK_CONFOUNDER,PURE_NOISE,MC_CF_SHAPLEY_4,False,0.0,0.0,0.0,0.0,0.0,2560,
34009,OOD_WEAK_CONFOUNDER,PURE_NOISE,MC_CF_SHAPLEY_16,False,0.0,0.0,0.0,0.0,0.0,10240,
34009,OOD_WEAK_CONFOUNDER,PURE_NOISE,MC_CF_SHAPLEY_64,False,0.0,0.0,0.0,0.0,0.0,40960,
34009,OOD_WEAK_CONFOUNDER,PURE_NOISE,TD_ELIGIBILITY_PROXY,False,0.6613345390434437,0.0165204722688386,0.011894813312896204,0.001476851437052275,0.01888895870374906,0,
34009,OOD_WEAK_CONFOUNDER,PURE_NOISE,RANDOM,False,0.9830451007158446,0.032454409748903346,0.21843777245625118,0.7282517885539419,0.9350171932197824,0,
34009,OOD_SIGN_INVERSION,PURE_NOISE,EXACT_CF_SHAPLEY,False,0.0,6.678007756152904e-18,6.678007756152904e-18,6.678007756152904e-18,6.678007756152904e-18,10368,0.0
34009,OOD_SIGN_INVERSION,PURE_NOISE,OBS_ASSOC,True,0.4500526232218113,0.15085826351555648,0.03984179690760641,0.0022139545159039656,0.08139998288258728,0,
34009,OOD_SIGN_INVERSION,PURE_NOISE,RECENCY,False,0.9,0.25,0.5,0.75,1.0,0,
34009,OOD_SIGN_INVERSION,PURE_NOISE,UNIFORM,False,0.75,1.0,1.0,1.0,1.0,0,
34009,OOD_SIGN_INVERSION,PURE_NOISE,MC_CF_SHAPLEY_4,False,0.0,0.0,0.0,0.0,0.0,2560,
34009,OOD_SIGN_INVERSION,PURE_NOISE,MC_CF_SHAPLEY_16,False,0.0,0.0,0.0,0.0,0.0,10240,
34009,OOD_SIGN_INVERSION,PURE_NOISE,MC_CF_SHAPLEY_64,False,0.0,0.0,0.0,0.0,0.0,40960,
34009,OOD_SIGN_INVERSION,PURE_NOISE,TD_ELIGIBILITY_PROXY,False,0.5846805890952116,0.014240667273072811,0.004675261354227282,0.00032915483014387087,0.015043386811857924,0,
34009,OOD_SIGN_INVERSION,PURE_NOISE,RANDOM,False,0.9993084066232024,0.0016905691252586674,0.8116711598349967,0.8811358891228736,0.7499577251521734,0,
34010,TRAIN_CONFOUNDED,PURE_NOISE,EXACT_CF_SHAPLEY,False,0.0,7.671577403282198e-18,7.671577403282198e-18,7.671577403282198e-18,7.671577403282198e-18,10368,0.0
34010,TRAIN_CONFOUNDED,PURE_NOISE,OBS_ASSOC,False,0.7815647233164238,0.03861929628895622,0.06755456774179243,0.029525677784032575,0.04110018062611306,0,
34010,TRAIN_CONFOUNDED,PURE_NOISE,RECENCY,False,0.9,0.25,0.5,0.75,1.0,0,
34010,TRAIN_CONFOUNDED,PURE_NOISE,UNIFORM,False,0.75,1.0,1.0,1.0,1.0,0,
34010,TRAIN_CONFOUNDED,PURE_NOISE,MC_CF_SHAPLEY_4,False,0.0,0.0,0.0,0.0,0.0,2560,
34010,TRAIN_CONFOUNDED,PURE_NOISE,MC_CF_SHAPLEY_16,False,0.0,0.0,0.0,0.0,0.0,10240,
34010,TRAIN_CONFOUNDED,PURE_NOISE,MC_CF_SHAPLEY_64,False,0.0,0.0,0.0,0.0,0.0,40960,
34010,TRAIN_CONFOUNDED,PURE_NOISE,TD_ELIGIBILITY_PROXY,False,0.8447540326837762,0.004004848803593962,0.008730056981864884,0.00474659260690616,0.008315299249640078,0,
34010,TRAIN_CONFOUNDED,PURE_NOISE,RANDOM,False,0.5937528618404889,0.8418154764366819,0.9041468714010726,0.0366481287122955,0.289565293722446,0,
34010,OOD_WEAK_CONFOUNDER,PURE_NOISE,EXACT_CF_SHAPLEY,False,0.0,7.863853882308924e-18,7.863853882308924e-18,7.863853882308924e-18,7.863853882308924e-18,10368,0.0
34010,OOD_WEAK_CONFOUNDER,PURE_NOISE,OBS_ASSOC,False,0.8229691761363704,0.0737369274632031,0.09493180098092914,0.17928095646236897,0.06857059022933704,0,
34010,OOD_WEAK_CONFOUNDER,PURE_NOISE,RECENCY,False,0.9,0.25,0.5,0.75,1.0,0,
34010,OOD_WEAK_CONFOUNDER,PURE_NOISE,UNIFORM,False,0.75,1.0,1.0,1.0,1.0,0,
34010,OOD_WEAK_CONFOUNDER,PURE_NOISE,MC_CF_SHAPLEY_4,False,0.0,0.0,0.0,0.0,0.0,2560,
34010,OOD_WEAK_CONFOUNDER,PURE_NOISE,MC_CF_SHAPLEY_16,False,0.0,0.0,0.0,0.0,0.0,10240,
34010,OOD_WEAK_CONFOUNDER,PURE_NOISE,MC_CF_SHAPLEY_64,False,0.0,0.0,0.0,0.0,0.0,40960,
34010,OOD_WEAK_CONFOUNDER,PURE_NOISE,TD_ELIGIBILITY_PROXY,False,0.8786927674462969,0.007544805422868526,0.012194069790022029,0.028775441066221086,0.013681525337573596,0,
34010,OOD_WEAK_CONFOUNDER,PURE_NOISE,RANDOM,True,0.5021135356160816,0.7091112466939963,0.6554504533269172,0.03492631920337452,0.0247548502247662,0,
34010,OOD_SIGN_INVERSION,PURE_NOISE,EXACT_CF_SHAPLEY,False,0.0,7.245943347286912e-18,7.245943347286912e-18,7.245943347286912e-18,7.245943347286912e-18,10368,0.0
34010,OOD_SIGN_INVERSION,PURE_NOISE,OBS_ASSOC,False,0.9561866281339501,0.009701798417583134,0.12502084258710727,0.017519226956727085,0.06919277640342017,0,
34010,OOD_SIGN_INVERSION,PURE_NOISE,RECENCY,False,0.9,0.25,0.5,0.75,1.0,0,
34010,OOD_SIGN_INVERSION,PURE_NOISE,UNIFORM,False,0.75,1.0,1.0,1.0,1.0,0,
34010,OOD_SIGN_INVERSION,PURE_NOISE,MC_CF_SHAPLEY_4,False,0.0,0.0,0.0,0.0,0.0,2560,
34010,OOD_SIGN_INVERSION,PURE_NOISE,MC_CF_SHAPLEY_16,False,0.0,0.0,0.0,0.0,0.0,10240,
34010,OOD_SIGN_INVERSION,PURE_NOISE,MC_CF_SHAPLEY_64,False,0.0,0.0,0.0,0.0,0.0,40960,
34010,OOD_SIGN_INVERSION,PURE_NOISE,TD_ELIGIBILITY_PROXY,False,0.970831680217502,0.0010316466526743224,0.01709174987577161,0.0029942087824148186,0.014251132428134644,0,
34010,OOD_SIGN_INVERSION,PURE_NOISE,RANDOM,True,0.6375111107972158,0.925746269646471,0.8366140007007967,0.13404177566809405,0.6574590438581772,0,
34011,TRAIN_CONFOUNDED,PURE_NOISE,EXACT_CF_SHAPLEY,False,0.0,7.777880038162613e-18,7.777880038162613e-18,7.777880038162613e-18,7.777880038162613e-18,10368,0.0
34011,TRAIN_CONFOUNDED,PURE_NOISE,OBS_ASSOC,False,0.8421774784958884,0.05244429379984848,0.11975509108906653,0.03784449420454946,0.12225529658839297,0,
34011,TRAIN_CONFOUNDED,PURE_NOISE,RECENCY,False,0.9,0.25,0.5,0.75,1.0,0,
34011,TRAIN_CONFOUNDED,PURE_NOISE,UNIFORM,False,0.75,1.0,1.0,1.0,1.0,0,
34011,TRAIN_CONFOUNDED,PURE_NOISE,MC_CF_SHAPLEY_4,False,0.0,0.0,0.0,0.0,0.0,2560,
34011,TRAIN_CONFOUNDED,PURE_NOISE,MC_CF_SHAPLEY_16,False,0.0,0.0,0.0,0.0,0.0,10240,
34011,TRAIN_CONFOUNDED,PURE_NOISE,MC_CF_SHAPLEY_64,False,0.0,0.0,0.0,0.0,0.0,40960,
34011,TRAIN_CONFOUNDED,PURE_NOISE,TD_ELIGIBILITY_PROXY,False,0.8951212014682,0.0057582959272483285,0.016438143137684623,0.006490218666342242,0.026217631866420513,0,
34011,TRAIN_CONFOUNDED,PURE_NOISE,RANDOM,True,0.6708069391184875,0.9903967177766608,0.438889065208105,0.9230254566663559,0.6562476744541105,0,
34011,OOD_WEAK_CONFOUNDER,PURE_NOISE,EXACT_CF_SHAPLEY,False,0.0,6.834602972276543e-18,6.834602972276543e-18,6.834602972276543e-18,6.834602972276543e-18,10368,0.0
34011,OOD_WEAK_CONFOUNDER,PURE_NOISE,OBS_ASSOC,False,0.7156283642297506,0.04903515506957032,0.051965098365930155,0.05007459293405466,0.021358508091953072,0,
34011,OOD_WEAK_CONFOUNDER,PURE_NOISE,RECENCY,False,0.9,0.25,0.5,0.75,1.0,0,
34011,OOD_WEAK_CONFOUNDER,PURE_NOISE,UNIFORM,False,0.75,1.0,1.0,1.0,1.0,0,
34011,OOD_WEAK_CONFOUNDER,PURE_NOISE,MC_CF_SHAPLEY_4,False,0.0,0.0,0.0,0.0,0.0,2560,
34011,OOD_WEAK_CONFOUNDER,PURE_NOISE,MC_CF_SHAPLEY_16,False,0.0,0.0,0.0,0.0,0.0,10240,
34011,OOD_WEAK_CONFOUNDER,PURE_NOISE,MC_CF_SHAPLEY_64,False,0.0,0.0,0.0,0.0,0.0,40960,
34011,OOD_WEAK_CONFOUNDER,PURE_NOISE,TD_ELIGIBILITY_PROXY,False,0.78982863353639,0.0048410849109310405,0.00641293611790948,0.007679134064707932,0.004100833752735464,0,
34011,OOD_WEAK_CONFOUNDER,PURE_NOISE,RANDOM,False,0.715969255800221,0.58096597373376,0.03438020363421401,0.9045237689473526,0.5255634639676302,0,
34011,OOD_SIGN_INVERSION,PURE_NOISE,EXACT_CF_SHAPLEY,False,0.0,7.023173682159031e-18,7.023173682159031e-18,7.023173682159031e-18,7.023173682159031e-18,10368,0.0
34011,OOD_SIGN_INVERSION,PURE_NOISE,OBS_ASSOC,False,0.6802951305350968,0.06619447894780317,0.04289538545453414,0.06923024883462783,0.02872859095885855,0,
34011,OOD_SIGN_INVERSION,PURE_NOISE,RECENCY,False,0.9,0.25,0.5,0.75,1.0,0,
34011,OOD_SIGN_INVERSION,PURE_NOISE,UNIFORM,False,0.75,1.0,1.0,1.0,1.0,0,
34011,OOD_SIGN_INVERSION,PURE_NOISE,MC_CF_SHAPLEY_4,False,0.0,0.0,0.0,0.0,0.0,2560,
34011,OOD_SIGN_INVERSION,PURE_NOISE,MC_CF_SHAPLEY_16,False,0.0,0.0,0.0,0.0,0.0,10240,
34011,OOD_SIGN_INVERSION,PURE_NOISE,MC_CF_SHAPLEY_64,False,0.0,0.0,0.0,0.0,0.0,40960,
34011,OOD_SIGN_INVERSION,PURE_NOISE,TD_ELIGIBILITY_PROXY,False,0.7674405875329765,0.006456216478878383,0.005245094359916396,0.010581534116385138,0.005478733947991173,0,
34011,OOD_SIGN_INVERSION,PURE_NOISE,RANDOM,False,0.8146946774987733,0.27699107833880954,0.2752011420943763,0.15854711909185115,0.7840427563156044,0,
34012,TRAIN_CONFOUNDED,PURE_NOISE,EXACT_CF_SHAPLEY,False,0.0,8.168785743320472e-18,8.168785743320472e-18,8.168785743320472e-18,8.168785743320472e-18,10368,0.0
34012,TRAIN_CONFOUNDED,PURE_NOISE,OBS_ASSOC,False,0.953813865214034,0.006900230185649106,0.07411766632252736,0.02704266239679459,0.04133990982067324,0,
34012,TRAIN_CONFOUNDED,PURE_NOISE,RECENCY,False,0.9,0.25,0.5,0.75,1.0,0,
34012,TRAIN_CONFOUNDED,PURE_NOISE,UNIFORM,False,0.75,1.0,1.0,1.0,1.0,0,
34012,TRAIN_CONFOUNDED,PURE_NOISE,MC_CF_SHAPLEY_4,False,0.0,0.0,0.0,0.0,0.0,2560,
34012,TRAIN_CONFOUNDED,PURE_NOISE,MC_CF_SHAPLEY_16,False,0.0,0.0,0.0,0.0,0.0,10240,
34012,TRAIN_CONFOUNDED,PURE_NOISE,MC_CF_SHAPLEY_64,False,0.0,0.0,0.0,0.0,0.0,40960,
34012,TRAIN_CONFOUNDED,PURE_NOISE,TD_ELIGIBILITY_PROXY,False,0.9690816372269776,0.0007213101006989144,0.009684789478084923,0.004441494389742485,0.008481911089493407,0,
34012,TRAIN_CONFOUNDED,PURE_NOISE,RANDOM,False,0.7283402319564388,0.4699938391893914,0.5841165111068505,0.04807666427665991,0.6278955904966383,0,
34012,OOD_WEAK_CONFOUNDER,PURE_NOISE,EXACT_CF_SHAPLEY,False,0.0,7.070289889850052e-18,7.070289889850052e-18,7.070289889850052e-18,7.070289889850052e-18,10368,0.0
34012,OOD_WEAK_CONFOUNDER,PURE_NOISE,OBS_ASSOC,False,0.95972426496271,0.0061870823943602025,0.05284578083400372,0.0902564360287115,0.004328813202741173,0,
34012,OOD_WEAK_CONFOUNDER,PURE_NOISE,RECENCY,False,0.9,0.25,0.5,0.75,1.0,0,
34012,OOD_WEAK_CONFOUNDER,PURE_NOISE,UNIFORM,False,0.75,1.0,1.0,1.0,1.0,0,
34012,OOD_WEAK_CONFOUNDER,PURE_NOISE,MC_CF_SHAPLEY_4,False,0.0,0.0,0.0,0.0,0.0,2560,
34012,OOD_WEAK_CONFOUNDER,PURE_NOISE,MC_CF_SHAPLEY_16,False,0.0,0.0,0.0,0.0,0.0,10240,
34012,OOD_WEAK_CONFOUNDER,PURE_NOISE,MC_CF_SHAPLEY_64,False,0.0,0.0,0.0,0.0,0.0,40960,
34012,OOD_WEAK_CONFOUNDER,PURE_NOISE,TD_ELIGIBILITY_PROXY,False,0.9720351381949286,0.0005807335234578038,0.006197252167982232,0.013196530958162065,0.000792027004566412,0,
34012,OOD_WEAK_CONFOUNDER,PURE_NOISE,RANDOM,False,0.8890189549851646,0.21569162761237892,0.8849847806698485,0.2352948539846288,0.6075284370155419,0,
34012,OOD_SIGN_INVERSION,PURE_NOISE,EXACT_CF_SHAPLEY,False,0.0,7.765598060427426e-18,7.765598060427426e-18,7.765598060427426e-18,7.765598060427426e-18,10368,0.0
34012,OOD_SIGN_INVERSION,PURE_NOISE,OBS_ASSOC,True,0.6022076742135827,0.1025601276771242,0.018252671956118394,0.07930340691778413,0.05770708723516559,0,
34012,OOD_SIGN_INVERSION,PURE_NOISE,RECENCY,False,0.9,0.25,0.5,0.75,1.0,0,
34012,OOD_SIGN_INVERSION,PURE_NOISE,UNIFORM,False,0.75,1.0,1.0,1.0,1.0,0,
34012,OOD_SIGN_INVERSION,PURE_NOISE,MC_CF_SHAPLEY_4,False,0.0,0.0,0.0,0.0,0.0,2560,
34012,OOD_SIGN_INVERSION,PURE_NOISE,MC_CF_SHAPLEY_16,False,0.0,0.0,0.0,0.0,0.0,10240,
34012,OOD_SIGN_INVERSION,PURE_NOISE,MC_CF_SHAPLEY_64,False,0.0,0.0,0.0,0.0,0.0,40960,
34012,OOD_SIGN_INVERSION,PURE_NOISE,TD_ELIGIBILITY_PROXY,False,0.7161295140152113,0.010416390891206714,0.002315276909555899,0.012592619509712372,0.011369879239001679,0,
34012,OOD_SIGN_INVERSION,PURE_NOISE,RANDOM,False,0.7463788286025501,0.39067441048649076,0.3227357285310931,0.24149284827110007,0.5854826529710746,0,
34013,TRAIN_CONFOUNDED,PURE_NOISE,EXACT_CF_SHAPLEY,False,0.0,5.595499649561908e-18,5.595499649561908e-18,5.595499649561908e-18,5.595499649561908e-18,10368,0.0
34013,TRAIN_CONFOUNDED,PURE_NOISE,OBS_ASSOC,True,0.6016570046432057,0.17475198737229702,0.0720948822619739,0.13917956293108244,0.0526708444277374,0,
34013,TRAIN_CONFOUNDED,PURE_NOISE,RECENCY,False,0.9,0.25,0.5,0.75,1.0,0,
34013,TRAIN_CONFOUNDED,PURE_NOISE,UNIFORM,False,0.75,1.0,1.0,1.0,1.0,0,
34013,TRAIN_CONFOUNDED,PURE_NOISE,MC_CF_SHAPLEY_4,False,0.0,0.0,0.0,0.0,0.0,2560,
34013,TRAIN_CONFOUNDED,PURE_NOISE,MC_CF_SHAPLEY_16,False,0.0,0.0,0.0,0.0,0.0,10240,
34013,TRAIN_CONFOUNDED,PURE_NOISE,MC_CF_SHAPLEY_64,False,0.0,0.0,0.0,0.0,0.0,40960,
34013,TRAIN_CONFOUNDED,PURE_NOISE,TD_ELIGIBILITY_PROXY,False,0.6994636320192986,0.016069459093700802,0.008225949406944752,0.0197094898459692,0.009464367957730434,0,
34013,TRAIN_CONFOUNDED,PURE_NOISE,RANDOM,False,0.7110127105642178,0.7812762206213175,0.4933753935390318,0.9997993376609097,0.4290458772146434,0,
34013,OOD_WEAK_CONFOUNDER,PURE_NOISE,EXACT_CF_SHAPLEY,False,0.0,7.984132560819035e-18,7.984132560819035e-18,7.984132560819035e-18,7.984132560819035e-18,10368,0.0
34013,OOD_WEAK_CONFOUNDER,PURE_NOISE,OBS_ASSOC,True,0.7184125583576523,0.035283625747820374,0.02970324942848195,0.028050146904289433,0.03226553240134821,0,
34013,OOD_WEAK_CONFOUNDER,PURE_NOISE,RECENCY,False,0.9,0.25,0.5,0.75,1.0,0,
34013,OOD_WEAK_CONFOUNDER,PURE_NOISE,UNIFORM,False,0.75,1.0,1.0,1.0,1.0,0,
34013,OOD_WEAK_CONFOUNDER,PURE_NOISE,MC_CF_SHAPLEY_4,False,0.0,0.0,0.0,0.0,0.0,2560,
34013,OOD_WEAK_CONFOUNDER,PURE_NOISE,MC_CF_SHAPLEY_16,False,0.0,0.0,0.0,0.0,0.0,10240,
34013,OOD_WEAK_CONFOUNDER,PURE_NOISE,MC_CF_SHAPLEY_64,False,0.0,0.0,0.0,0.0,0.0,40960,
34013,OOD_WEAK_CONFOUNDER,PURE_NOISE,TD_ELIGIBILITY_PROXY,False,0.8023916768365347,0.003536462076151127,0.003717792434458446,0.004328053074866065,0.0063140138828549274,0,
34013,OOD_WEAK_CONFOUNDER,PURE_NOISE,RANDOM,False,0.8723706502925651,0.33923337609879445,0.6782307413165278,0.7577723386670296,0.882720956349976,0,
34013,OOD_SIGN_INVERSION,PURE_NOISE,EXACT_CF_SHAPLEY,False,0.0,6.796592368768506e-18,6.796592368768506e-18,6.796592368768506e-18,6.796592368768506e-18,10368,0.0
34013,OOD_SIGN_INVERSION,PURE_NOISE,OBS_ASSOC,False,0.6699125143309483,0.04274765931144712,0.003507922297627176,0.06497913173667239,0.018269315638576165,0,
34013,OOD_SIGN_INVERSION,PURE_NOISE,RECENCY,False,0.9,0.25,0.5,0.75,1.0,0,
34013,OOD_SIGN_INVERSION,PURE_NOISE,UNIFORM,False,0.75,1.0,1.0,1.0,1.0,0,
34013,OOD_SIGN_INVERSION,PURE_NOISE,MC_CF_SHAPLEY_4,False,0.0,0.0,0.0,0.0,0.0,2560,
34013,OOD_SIGN_INVERSION,PURE_NOISE,MC_CF_SHAPLEY_16,False,0.0,0.0,0.0,0.0,0.0,10240,
34013,OOD_SIGN_INVERSION,PURE_NOISE,MC_CF_SHAPLEY_64,False,0.0,0.0,0.0,0.0,0.0,40960,
34013,OOD_SIGN_INVERSION,PURE_NOISE,TD_ELIGIBILITY_PROXY,False,0.7677976227832661,0.004360229508600788,0.0004320344168182684,0.010374992983667758,0.0036104557089499147,0,
34013,OOD_SIGN_INVERSION,PURE_NOISE,RANDOM,False,0.6756316461696016,0.5082753757734697,0.6349340493552469,0.4118100891394635,0.011950166255062844,0,
34014,TRAIN_CONFOUNDED,PURE_NOISE,EXACT_CF_SHAPLEY,False,0.0,7.276118896032847e-18,7.276118896032847e-18,7.276118896032847e-18,7.276118896032847e-18,10368,0.0
34014,TRAIN_CONFOUNDED,PURE_NOISE,OBS_ASSOC,False,0.945732134302758,0.02227302216441075,0.16032571427480186,0.1974233362896671,0.03040538518278699,0,
34014,TRAIN_CONFOUNDED,PURE_NOISE,RECENCY,False,0.9,0.25,0.5,0.75,1.0,0,
34014,TRAIN_CONFOUNDED,PURE_NOISE,UNIFORM,False,0.75,1.0,1.0,1.0,1.0,0,
34014,TRAIN_CONFOUNDED,PURE_NOISE,MC_CF_SHAPLEY_4,False,0.0,0.0,0.0,0.0,0.0,2560,
34014,TRAIN_CONFOUNDED,PURE_NOISE,MC_CF_SHAPLEY_16,False,0.0,0.0,0.0,0.0,0.0,10240,
34014,TRAIN_CONFOUNDED,PURE_NOISE,MC_CF_SHAPLEY_64,False,0.0,0.0,0.0,0.0,0.0,40960,
34014,TRAIN_CONFOUNDED,PURE_NOISE,TD_ELIGIBILITY_PROXY,False,0.962531460741778,0.002280022806638978,0.02068047669004664,0.031754026054594424,0.0061371343153013005,0,
34014,TRAIN_CONFOUNDED,PURE_NOISE,RANDOM,False,0.6981743229990572,0.4385950046923991,0.1498140775885276,0.3919032494132516,0.47282780220844256,0,
34014,OOD_WEAK_CONFOUNDER,PURE_NOISE,EXACT_CF_SHAPLEY,False,0.0,7.92992245219476e-18,7.92992245219476e-18,7.92992245219476e-18,7.92992245219476e-18,10368,0.0
34014,OOD_WEAK_CONFOUNDER,PURE_NOISE,OBS_ASSOC,False,0.9739639499953912,0.007288538782355919,0.1352997987704494,0.0830693305860538,0.054282598570787946,0,
34014,OOD_WEAK_CONFOUNDER,PURE_NOISE,RECENCY,False,0.9,0.25,0.5,0.75,1.0,0,
34014,OOD_WEAK_CONFOUNDER,PURE_NOISE,UNIFORM,False,0.75,1.0,1.0,1.0,1.0,0,
34014,OOD_WEAK_CONFOUNDER,PURE_NOISE,MC_CF_SHAPLEY_4,False,0.0,0.0,0.0,0.0,0.0,2560,
34014,OOD_WEAK_CONFOUNDER,PURE_NOISE,MC_CF_SHAPLEY_16,False,0.0,0.0,0.0,0.0,0.0,10240,
34014,OOD_WEAK_CONFOUNDER,PURE_NOISE,MC_CF_SHAPLEY_64,False,0.0,0.0,0.0,0.0,0.0,40960,
34014,OOD_WEAK_CONFOUNDER,PURE_NOISE,TD_ELIGIBILITY_PROXY,False,0.9823743062353669,0.0007773031629535326,0.018036701983708932,0.013890358596080078,0.011396207465026537,0,
34014,OOD_WEAK_CONFOUNDER,PURE_NOISE,RANDOM,False,0.8753318705419811,0.326740956237786,0.6963094042306277,0.6795179928503643,0.9183176554651565,0,
34014,OOD_SIGN_INVERSION,PURE_NOISE,EXACT_CF_SHAPLEY,False,0.0,7.184109942137348e-18,7.184109942137348e-18,7.184109942137348e-18,7.184109942137348e-18,10368,0.0
34014,OOD_SIGN_INVERSION,PURE_NOISE,OBS_ASSOC,False,0.8077390938151611,0.0343863595052309,0.03459216195231887,0.014600892397661165,0.09527316823015573,0,
34014,OOD_SIGN_INVERSION,PURE_NOISE,RECENCY,False,0.9,0.25,0.5,0.75,1.0,0,
34014,OOD_SIGN_INVERSION,PURE_NOISE,UNIFORM,False,0.75,1.0,1.0,1.0,1.0,0,
34014,OOD_SIGN_INVERSION,PURE_NOISE,MC_CF_SHAPLEY_4,False,0.0,0.0,0.0,0.0,0.0,2560,
34014,OOD_SIGN_INVERSION,PURE_NOISE,MC_CF_SHAPLEY_16,False,0.0,0.0,0.0,0.0,0.0,10240,
34014,OOD_SIGN_INVERSION,PURE_NOISE,MC_CF_SHAPLEY_64,False,0.0,0.0,0.0,0.0,0.0,40960,
34014,OOD_SIGN_INVERSION,PURE_NOISE,TD_ELIGIBILITY_PROXY,False,0.8799012722255499,0.003653360304514283,0.0045805499455670706,0.0024229619395136673,0.019762769818398862,0,
34014,OOD_SIGN_INVERSION,PURE_NOISE,RANDOM,False,0.9629234876219078,0.03314593779087305,0.04228864561898882,0.7064605703044456,0.11209232420334081,0,
34015,TRAIN_CONFOUNDED,PURE_NOISE,EXACT_CF_SHAPLEY,False,0.0,7.641931250128298e-18,7.641931250128298e-18,7.641931250128298e-18,7.641931250128298e-18,10368,0.0
34015,TRAIN_CONFOUNDED,PURE_NOISE,OBS_ASSOC,False,0.7449897303315542,0.10886085892833232,0.005935558370056287,0.1166057044191111,0.19548601525780288,0,
34015,TRAIN_CONFOUNDED,PURE_NOISE,RECENCY,False,0.9,0.25,0.5,0.75,1.0,0,
34015,TRAIN_CONFOUNDED,PURE_NOISE,UNIFORM,False,0.75,1.0,1.0,1.0,1.0,0,
34015,TRAIN_CONFOUNDED,PURE_NOISE,MC_CF_SHAPLEY_4,False,0.0,0.0,0.0,0.0,0.0,2560,
34015,TRAIN_CONFOUNDED,PURE_NOISE,MC_CF_SHAPLEY_16,False,0.0,0.0,0.0,0.0,0.0,10240,
34015,TRAIN_CONFOUNDED,PURE_NOISE,MC_CF_SHAPLEY_64,False,0.0,0.0,0.0,0.0,0.0,40960,
34015,TRAIN_CONFOUNDED,PURE_NOISE,TD_ELIGIBILITY_PROXY,False,0.840801234438733,0.011380485397817195,0.0007654746473076046,0.019188295718814405,0.04015175958105704,0,
34015,TRAIN_CONFOUNDED,PURE_NOISE,RANDOM,False,0.8213711263178182,0.3983530192749678,0.7945091837428292,0.5112859904405809,0.5259113207930605,0,
34015,OOD_WEAK_CONFOUNDER,PURE_NOISE,EXACT_CF_SHAPLEY,False,0.0,6.345282626559574e-18,6.345282626559574e-18,6.345282626559574e-18,6.345282626559574e-18,10368,0.0
34015,OOD_WEAK_CONFOUNDER,PURE_NOISE,OBS_ASSOC,False,0.9000494322170882,0.01314317072510732,0.015146583592648996,0.06913413066754967,0.03407282400441884,0,
34015,OOD_WEAK_CONFOUNDER,PURE_NOISE,RECENCY,False,0.9,0.25,0.5,0.75,1.0,0,
34015,OOD_WEAK_CONFOUNDER,PURE_NOISE,UNIFORM,False,0.75,1.0,1.0,1.0,1.0,0,
34015,OOD_WEAK_CONFOUNDER,PURE_NOISE,MC_CF_SHAPLEY_4,False,0.0,0.0,0.0,0.0,0.0,2560,
34015,OOD_WEAK_CONFOUNDER,PURE_NOISE,MC_CF_SHAPLEY_16,False,0.0,0.0,0.0,0.0,0.0,10240,
34015,OOD_WEAK_CONFOUNDER,PURE_NOISE,MC_CF_SHAPLEY_64,False,0.0,0.0,0.0,0.0,0.0,40960,
34015,OOD_WEAK_CONFOUNDER,PURE_NOISE,TD_ELIGIBILITY_PROXY,False,0.9360610661933099,0.0013311133540333862,0.0019021829448570217,0.010852757938690602,0.006732456093820678,0,
34015,OOD_WEAK_CONFOUNDER,PURE_NOISE,RANDOM,False,0.9514995422594378,0.05577688049084717,0.3538085259795076,0.09659835334858513,0.6438441592825224,0,
34015,OOD_SIGN_INVERSION,PURE_NOISE,EXACT_CF_SHAPLEY,False,0.0,7.744422236746068e-18,7.744422236746068e-18,7.744422236746068e-18,7.744422236746068e-18,10368,0.0
34015,OOD_SIGN_INVERSION,PURE_NOISE,OBS_ASSOC,False,0.7529963460052039,0.09485658489086472,0.1882153190840908,0.026698526331485856,0.07425864520214676,0,
34015,OOD_SIGN_INVERSION,PURE_NOISE,RECENCY,False,0.9,0.25,0.5,0.75,1.0,0,
34015,OOD_SIGN_INVERSION,PURE_NOISE,UNIFORM,False,0.75,1.0,1.0,1.0,1.0,0,
34015,OOD_SIGN_INVERSION,PURE_NOISE,MC_CF_SHAPLEY_4,False,0.0,0.0,0.0,0.0,0.0,2560,
34015,OOD_SIGN_INVERSION,PURE_NOISE,MC_CF_SHAPLEY_16,False,0.0,0.0,0.0,0.0,0.0,10240,
34015,OOD_SIGN_INVERSION,PURE_NOISE,MC_CF_SHAPLEY_64,False,0.0,0.0,0.0,0.0,0.0,40960,
34015,OOD_SIGN_INVERSION,PURE_NOISE,TD_ELIGIBILITY_PROXY,False,0.816275256245269,0.009943065984365736,0.024625218182514418,0.004340628348026726,0.01521044985927357,0,
34015,OOD_SIGN_INVERSION,PURE_NOISE,RANDOM,True,0.6082410407542728,0.8009901531879736,0.30352000021590264,0.7011549428109037,0.2389343552697738,0,
